69c61d3d14badff1b9e4d702,
69a8141a945c5b2857d76c,
69ce1a8cff99209b6cf2c1,
69c61d3d14badff1b9e4d701,
69ce1a8cff99209b6cf2bb,
69a26dcdaecd5436f70616,
69ce1a8cf99209b6cf2bd,
69ca607cff9f99209b6480b5,
69c279a94268c3c1b3d30d,
69c617871adff1b9e4b851,
69b0060d0b3bddb8527fdcf,
69bbb42a0490966d869d5dbc,
69a836ec9145c5b28580995,
69ccec0bff99209b69fb7b,
69a7f95093145c5b2857c7fe,
69a836ec945c5b28580999,
69cdf782ff9f99209b6c7461,
69a41c0a95c5b285535b1,
69b7b1c2a25d28d31c536a,
69ccc4f0f9f99209b696def,
69c7b2c479dd20a8569cc0e,
69a91d8a9145c5b285a03f3,
69c0f30dba45a970c47183,
69a41c0a9145c5b285535ab,
69c61a7114badff1b9e4c843,
69c65f1a14badff1b9e6e1d6,
69c61a7114badff1b9e4c841,
69b2922dde0ff9e4e6e77f,
69c0f342ba45a970c473e5,
69c0f342bea45a970c47405,
69a91d3f9145c5b285a0307,
69bb70f8e1365f8def73d9,
69bd3ac02f72a9b530ce92a,
69b0060d03bddb8527fdb9,
69b7dc8ca6225d28d31ca7af,
69ccc4c8ff9f99209b696d3c,
69c625fa1adff1b9e541b6,
69c609851badff1b9e42750,
69ce2521f9f99209b6d207c,
69c20fa9ba45a970c632ac,
69bb70f8e1365f8def73e7,
69b7b1e5a25d28d31c5509,
69ae497a7d8cba6a19b9d8,
69a91d8a93145c5b285a03da,
69cb6c55ff9f99209b65acd8,
69b0060d03bddb8527fdc8,
69a413d8945c5b28552d04,
69b0060d03bddb8527fdb5,
69a91d8a945c5b285a03f2,
69a91dc2945c5b285a04bf,
69c20fa9ba45a970c632a1,
69c625fa1adff1b9e541bd,
69c625fa14badff1b9e541bd,
69b793d6a25d28d31c13f8,
69bce234d795f08eb499da89,
69c757f9a7d3fbb38ce58c,
69c38979a19fd050af6791,
69c279a941268c3c1b3d30c,
69c0fe06ba45a970c48b43,
69c38979a19fd050af6799,
69bcd503d5f08eb499b917,
69bce234d5f08eb499da93,
69c145c7ba45a970c5bfc1,
69c145c7beea45a970c5bfc4,
69c7c78a7dd20a856a2bcb,
69c619d51adff1b9e4c391,
69c38979a19fd050af678c,
69c617481adff1b9e4b64f,
69b3c7e29152b0d31d7decf,
69ba54c747625b519ea16d,
69b116160b3bddb85281172,
69ba544d47625b519ea015,
69bb70f8e5e1365f8def73dc,
69bd27b54a00e974c021a84,
69c6178714badff1b9e4b857,
69cb6c55ff9f99209b65accd,
69bcd503d5f08eb499b91a,
69a413d8945c5b28552d13,
69b7eccca6225d28d31cd6eb,
69b7eccca25d28d31cd6f1,
69bbb42a0490966d869d5db9,
69a199d4aecd5436f6eb14,
69ba544d4d47625b519ea00c,
69b946d8bf0c244de5576e0,
69c625fa1adff1b9e541b3,
69c617871adff1b9e4b831,
69b7eccca5d28d31cd6eb,
69b947aeb0c244de557aa1,
69b3c7e29152b0d31d7ded3,
69b8d4a5a225d28d31d372d,
69b3c7e2952b0d31d7debd,
69be9aa8ba45a970c313d1,
69c26d4a4268c3c1b3a69e,
69c20af8ba45a970c621ac,
699e9f98c26fc0fe8583134,
69b0060d03bddb8527fdaf,
69c279a941268c3c1b3d30e,
69cccd49f99209b69792a,
69bbb6c200966d869d6202,
69a7c59c95b2857b4f3,
69c0f32cbeea45a970c472c1,
69c0f342ba45a970c473f7,
69c0f342ba45a970c473f2,
69c0f342ba45a970c47403,
69c0f32cbea45a970c472c2,
69c765dda77d3fbb38d1a24,
69c61d3d1adff1b9e4d700,
69c617871adff1b9e4b848,
69c20fa9ba45a970c632b7,
69bcecce500e0993b26cbe7b,
69c66be21badff1b9e72756,
69c757f9ad3fbb38ce588,
69a91d3f93145c5b285a0300,
69bd3ac0272a9b530ce929,
69c66be21adff1b9e72756,
69c145c7ba45a970c5bfc6,
69c38979a19fd050af6797,
69a2730dacd5436f70b86,
69a41c0a945c5b285535ac,
69ba87affb245d4159d6f0,
699e9f98c26fc0fe858312a,
69b947aebf0c244de557aa2,
69b3c7e29a152b0d31d7decd,
69c145c7ba45a970c5bfc3,
69bd3ac0272a9b530ce938,
69bbc05600966d869d86ff,
69bbc05600966d869d86fe,
69c0c331bea45a970c41725,
69ba87aff2b245d4159d6eb,
69a284d4a47ecd5436f7182e,
69b3c7e2952b0d31d7decc,
69a41c0a945c5b285535b0,
69b947aeb9f0c244de557aa4,
69b946d8b0c244de5576ee,
699e9f98c26fc0fe8583132,
69b3c73c952b0d31d7de0d,
69b3c7e2952b0d31d7deca,
69b3c7e29a152b0d31d7dec1,
69b947aeb9f0c244de557aa5,
69c0c331beea45a970c41722,
69b2922dde0ff9e4e6e77e,
69c757f9a7d3fbb38ce57e,
69c757f9a7d3fbb38ce590,
69c757f9a77d3fbb38ce582,
69c757f9a7d3fbb38ce586,
69c20bc0ba45a970c6239a,
69c0fcccba45a970c487b7,
69b7eccca225d28d31cd6df,
69be9aa8ba45a970c313d0,
69c6881e1adff1b9e78558,
69b8d50ea225d28d31d380d,
699bf93543baeaf6e7054b,
699bf935483baeaf6e70542,
699bf935483baeaf6e70548,
699bf935483baeaf6e70553,
69c26d4a468c3c1b3a699,
69bbb15d0490966d869d5b40,
699bf93543baeaf6e70541,
699bf935483baeaf6e70551,
699e9f98c26fc0fe8583133,
69a41c0a9145c5b285535b2,
69afe3ee0b3bddb8527e645,
69c145c7beea45a970c5bfc7,
69c279a941268c3c1b3d30a,
69a4155b93145c5b28552f51,
69c26c674268c3c1b3a2c6,
69a41c0a9145c5b285535af,
69ccec0bf99209b69fb7a,
69bd3ac0272a9b530ce927,
699a83e243baeaf6e4e316,
69c0c331ba45a970c41728,
69a199d4a7ecd5436f6eb11,
69b3c7e292b0d31d7decb,
69b7b172a25d28d31c51b9,
69b7b172a25d28d31c51ac,
69b7b172a6225d28d31c519d,
69b7b172a6225d28d31c51a7,
69b7b172a25d28d31c51b6,
69b793d6a25d28d31c13e7,
69b793d6a6225d28d31c13e7,
69b7b172a225d28d31c51b0,
69c26c674268c3c1b3a2c2,
699bf935483baeaf6e7054f,
699bf935483baeaf6e70541,
699bf9354583baeaf6e70557,
699a83e243baeaf6e4e318,
699bf93543baeaf6e70556,
69c0fcccba45a970c487bb,
699a83e243baeaf6e4e315,
69bd27b5400e974c021a7d,
69c145c7ba45a970c5bfbd,
69c60a831badff1b9e42e6f,
69b793d6a6225d28d31c13f5,
69b8d50ead28d31d381b,
69b263f0a559f46ce1ca11,
69b7eccca25d28d31cd6e9,
699e9f98c926fc0fe8583129,
699e9f98c926fc0fe858312d,
69b946d8b0c244de5576dc,
699e9f98c6fc0fe858312c,
69bcd503d5f08eb499b913,
69b793d6a25d28d31c13fa,
69a11731779425022159b8,
69a1173175022159b7,
69b12add03bddb852824e5,
69c38979a819fd050af678d,
69b793d6a6225d28d31c13ec,
69ba6e3a47625b519ed096,
69b7b172a25d28d31c51a2,
69c145c7ba45a970c5bfc0,
69a199d4aecd5436f6eb19,
69b7b172a6225d28d31c51a3,
69b7b172a25d28d31c51bc,
69b7b172a225d28d31c51a6,
69b7b172a6225d28d31c51ba,
69b7b172a25d28d31c51a0,
69b7b172a25d28d31c51af,
69c0fd06bea45a970c48874,
699bf93543baeaf6e7054e,
69b946afb9f0c244de557659,
69b8e530a6225d28d31d457f,
69a97b05945c5b285a3b61,
699e9f98c6fc0fe8583131,
69bcd503df08eb499b916,
69b946d8b0c244de5576f8,
69bbb15d0490966d869d5b3a,
69b12add0b3bddb852824e3,
69a198eca7ecd5436f6e953,
699bf93543baeaf6e70554,
69bd52e6272a9b530d5807,
69a0146e29d7321ce926a25,
69a7c59c945c5b2857b4f0,
69b793d6a25d28d31c13ed,
69b5391da6225d28d31b4111,
69c103f8beea45a970c494c0,
69b793d6a25d28d31c13f0,
69c76845a7d3fbb38d30aa,
699e9f98c926fc0fe858312f,
69b8e530a225d28d31d4584,
69ce3e5aac8c3be2e7e75a,
69c20af8bea45a970c621a5,
69a97b0593145c5b285a3b62,
69bce234d795f08eb499da8a,
699bf9354583baeaf6e70559,
69b7b172a25d28d31c51b8,
69c103f8beea45a970c494a5,
699bf9354583baeaf6e7055b,
699bf93543baeaf6e7055a,
69b7b172a225d28d31c51b1,
69b3c7e29152b0d31d7dec8,
699bf93543baeaf6e70558,
69bce214d795f08eb499d9b7,
69b7b172a6225d28d31c519b,
69b7b172a25d28d31c51bf,
69b7b172a225d28d31c519e,
69b7b172a25d28d31c51ae,
69b7b172a5d28d31c51aa,
69b7b172a25d28d31c51b4,
69b7b172a25d28d31c51ad,
69b3c7e29a152b0d31d7dec6,
699bf9354583baeaf6e70555,
69c39504a7819fd050afa1bb,
69bce234d795f08eb499da8e,
69b12a9303bddb852823f0,
69bbb6c200966d869d61ff,
69c68a9d1badff1b9e79300,
69c7be907b9dd20a856a09bd,
69b7e886a225d28d31cca04,
69c61d3d1adff1b9e4d707,
69b7e886a225d28d31cca06,
69c0f30dba45a970c47161,
69c0f30dba45a970c4716b,
069c0f30dba45a970c47161,
69cccebdff99209b697ef3,
69c0f30dbea45a970c47168,
69c0f30dbeea45a970c47160,
69c7be907b9dd20a856a09be,
69c625fa14badff1b9e541bb,
69c625fa14badff1b9e541c3,
69a014962d7321ce926a70,
69b1192105b3bddb8528141b,
69a8141a945c5b2857d762,
69c0f30db45a970c47179,
69c625fa14badff1b9e541b8,
69c0f30dba45a970c47177,
69c625fa1adff1b9e541ca,
69c20d78ba45a970c62b0a,
69c625fa1adff1b9e541cc,
69b9495ab0c244de557f27,
69cb78f8ff99209b65dfed,
69c625fa14badff1b9e541c5,
69c625fa1adff1b9e541c4,
69c625fa1adff1b9e541ba,
69b0060d0b3bddb8527fdbc,
69c625fa1badff1b9e541c1,
69ca607cff99209b6480b4,
69c0fe06ba45a970c48b3e,
69b7eccca225d28d31cd703,
69c20ebbbea45a970c62f88,
69a413b4945c5b28552cbb,
6999623943baeaf6e45792,
69bb70f8e1365f8def73e4,
69c61d3d14badff1b9e4d706,
69c0fe06bea45a970c48b37,
69c7be907dd20a856a09bc,
69a01496249d7321ce926a74,
69a01496249d7321ce926a73,
69ce2521f99209b6d2079,
69c676ab14badff1b9e759f8,
69b0060d05b3bddb8527fdbd,
69c60a831adff1b9e42e6e,
69ce3e73a15c8c3be2e7e865,
69cb6c55ff99209b65acc9,
69c609851badff1b9e42758,
69c20fa9ba45a970c632b6,
69b0060d03bddb8527fdc7,
69c617871adff1b9e4b835,
69ce2521ff9f99209b6d2076,
69a7e0db9145c5b2857be6f,
69be9aa8ba45a970c313c5,
69be25c9272a9b530dc04e,
69ca607cf9f99209b6480b9,
69ccc4f0f9f99209b696dee,
69b0060d0b3bddb8527fdb8,
69c625fa1adff1b9e541b5,
69b3c7e2952b0d31d7dec5,
69c625fa1adff1b9e541bc,
69ae497a777d8cba6a19b9d9,
69c625fa1adff1b9e541c2,
69b1192103bddb8528141c,
69d09fd69e9152fa9e8065,
69b7ea66a25d28d31cce2b,
69c20ebbba45a970c62f93,
69d09fd69e9152fa9e8069,
69bd52e6272a9b530d5806,
69c20ebbba45a970c62f94,
69a014962d7321ce926a75,
69c0f30dba45a970c47166,
69c625fa14badff1b9e541c8,
69c20ebbba45a970c62f84,
69ce254eff99209b6d21f8,
69a01496249d7321ce926a6f,
69c676ab1adff1b9e759f9,
69c617871badff1b9e4b832,
69c6178714badff1b9e4b84a,
69cbc356ff99209b676059,
69c757f9a077d3fbb38ce58f,
69c757f9a7d3fbb38ce57f,
69c757f9a7d3fbb38ce585,
69c625fa1badff1b9e541be,
69ccc4f0f9f99209b696de5,
69c7be907b9dd20a856a09bb,
69c20ebbbea45a970c62f87,
69b7dc8ca25d28d31ca7a6,
69c7be1d7d20a856a0589,
69c20fa9ba45a970c632a6,
69c617871adff1b9e4b83a,
69c6178714badff1b9e4b838,
69c0fe06ba45a970c48b38,
69c20f8bba45a970c6317a,
69c68a3d1adff1b9e79118,
69b0060d0b3bddb8527fdd4,
69b0060d03bddb8527fdc3,
69c609851badff1b9e42752,
69a91d8a9145c5b285a03d4,
69c61a711adff1b9e4c84d,
69c20fa9beea45a970c632b8,
69c653f51adff1b9e6b978,
69c0f30dba45a970c47165,
69ce254ef9f99209b6d21e7,
69c279a94268c3c1b3d302,
69c653f51adff1b9e6b988,
69c0f30dba45a970c47170,
69c0fe06ba45a970c48b40,
69c60a831dff1b9e42e77,
69c0f342ba45a970c473e8,
69c0f32cba45a970c472b0,
69ca0d799fe45c0c5924d4f8,
69902af401e1d92d97a5462,
69c1392fba45a970c57ae9,
69c20ebbbea45a970c62f85,
69c1392fba45a970c57ae8,
69c609851badff1b9e42754,
69ccc4f0ff99209b696df1,
699a83e243baeaf6e4e317,
69c625fa1adff1b9e541cb,
69ccc4c8ff99209b696d3a,
69c20ebbbea45a970c62f90,
69c61a711adff1b9e4c851,
69b7eccca25d28d31cd70b,
69c653f514badff1b9e6b979,
699ed5bcbbc1a17200902,
69a8141a9145c5b2857d761,
69c625fa1adff1b9e541b4,
69c60a831adff1b9e42e6d,
69cdf782f9f99209b6c745f,
69c60a831adff1b9e42e6a,
69c1392fba45a970c57aea,
69a41c0a945c5b285535b6,
69c0f30dba45a970c4716e,
69c625fa1dff1b9e541c9,
69c20ebbbeea45a970c62f8f,
69c617871adff1b9e4b850,
69c617871adff1b9e4b852,
69c3c3f8a19fd050b1a507,
69c757f9a077d3fbb38ce58b,
69c61a711badff1b9e4c85d,
69c0f342bea45a970c47401,
69bb70f8e1365f8def73ea,
69a197f7aecd5436f6e7b8,
69996239483baeaf6e45793,
69bd3ac02f72a9b530ce93f,
69c0f342bea45a970c473fb,
69c0f342ba45a970c473ec,
69c20c40ba45a970c6261e,
69c617871adff1b9e4b837,
69c617871adff1b9e4b839,
69c617871adff1b9e4b845,
69c7d71c79dd20a856a5e4e,
69c617871badff1b9e4b83d,
69b7eccca225d28d31cd70f,
69c625fa1adff1b9e541c7,
69a197f7a7ecd5436f6e7b7,
69ccc481ff99209b696bbf,
69bf88bbbeea45a970c39f1b,
69c0fe06bea45a970c48b47,
69a56456945c5b28578b3c,
69b7956da25d28d31c1881,
69b79422a25d28d31c15b4,
69c68a9d1badff1b9e79301,
69c625fa14badff1b9e541ab,
69a41c0a9145c5b285535b5,
69c617871badff1b9e4b833,
69c0f32cbea45a970c472bc,
69b7b1c2a225d28d31c5361,
69cb6c55f9f99209b65acc5,
69cb6c55ff9f99209b65ace4,
69a91d3f945c5b285a0315,
69a91d3f945c5b285a0322,
69a91d3f93145c5b285a0319,
69b0060d03bddb8527fdd3,
69c0c2ddba45a970c4156e,
69c617481adff1b9e4b64e,
69ca416407021c82e50f1b,
699e998ec26fc0fe857eb98,
69b7b172a25d28d31c51a1,
69c617871adff1b9e4b834,
69be9aa8ba45a970c313c4,
69ce254eff9f99209b6d21d9,
69aacdae945c5b285a6dce,
69b7dc8ca25d28d31ca7a8,
69c21013ba45a970c635bb,
69ba6f1947625b519ed25e,
69ce254eff99209b6d21ec,
69c0f342ba45a970c473e7,
69b7dc8ca6225d28d31ca7a8,
69b0060d03bddb8527fdcb,
69a56258945c5b285788fb,
69c61a711adff1b9e4c85b,
69ce1a8cf99209b6cf2ad,
69bbb42a090966d869d5dc5,
69bbb42a0966d869d5db6,
69902a4b01e1d92d97a4dcd,
69b263f0a559f46ce1ca17,
69c0f342bea45a970c47400,
69be84b5bea45a970c28bed,
69a91d8a9145c5b285a03f5,
69a91d3f945c5b285a0308,
69b2922dde9e0ff9e4e6e77c,
69a91d3f9145c5b285a0301,
69a91d8a95c5b285a03f6,
69a91d3f9145c5b285a0306,
69c20c40ba45a970c6262b,
69a91d8a93145c5b285a03db,
69a91d3f93145c5b285a0304,
69a91d3f9145c5b285a0323,
69c20c40bea45a970c6261a,
69a91d3f9145c5b285a0316,
69ca4b9407021c82e529fb,
69bd3ac022f72a9b530ce926,
69b7dfa8a25d28d31cae54,
69a91d8a9145c5b285a03ec,
69c61d3d1adff1b9e4d6ff,
69c20c40bea45a970c62623,
69ca41640ab7021c82e50f1f,
69c279a9421268c3c1b3d305,
6999610b483baeaf6e43c38,
69a91d3f945c5b285a0317,
69a91d3f945c5b285a0321,
69a91d3f945c5b285a0318,
69ce1b32ff99209b6cf91d,
69ccc4f0ff99209b696df5,
69c1392fbea45a970c57aeb,
69bb70f8e1365f8def73e3,
69a91d3f9145c5b285a031a,
69a91d3f93145c5b285a031b,
69a91d3f945c5b285a0305,
69a91d3f93145c5b285a0327,
69a91d3f945c5b285a0302,
69a91d3f945c5b285a031d,
699aa55d43baeaf6e57a42,
69b12a930b3bddb852823eb,
69c757f9a7d3fbb38ce587,
69c757f9a7d3fbb38ce584,
69c757f9a38ce580,
69a8380d93145c5b28580a4a,
69cb6c55ff99209b65acc6,
69c0f32cbeea45a970c472b6,
69bb70f8e1365f8def73ec,
69cf80297d22f3f9dae8385,
69b92fcc67f93f422f94e9,
699e9928c926fc0fe857e5c3,
69b5668ca225d28d31be62e,
69ca4b940ab7021c82e529f8,
69afe2207e3cd7dfb05c23,
699aa55d4583baeaf6e57a02,
69a5658a93145c5b28578d2a,
69b7dc8ca25d28d31ca7a9,
69c61aaa1adff1b9e4c99f,
69c26d4a421268c3c1b3a696,
69c0c331ba45a970c4171c,
699aa55d43baeaf6e57a09,
699aa55d483baeaf6e57a07,
69b0e7ff03bddb85280603,
69ae497a7d8cba6a19b9d7,
69cd0ef5ff99209b6b3f46,
69a7f97e945c5b2857c896,
69c3c3f8a819fd050b1a50f,
69c3c3f8a819fd050b1a50c,
69b5668ca25d28d31be638,
69c0f342ba45a970c473f0,
69c61a7114badff1b9e4c83c,
69c61a711adff1b9e4c852,
69a7f97e93145c5b2857c8b5,
69c4e191a9fd050b39dce,
69a8266b93145c5b2857fbc3,
69ce1adaff99209b6cf570,
699aa55d4583baeaf6e57a11,
69c7d9ed79dd20a856a6423,
69a4155b9145c5b28552f59,
69cb7895ff99209b65ded5,
69be878fbeea45a970c29ed6,
69a7f97e945c5b2857c8b4,
69c60a831adff1b9e42e71,
69c3da74a819fd050b24153,
69b263f0a7559f46ce1ca0e,
69ba543647625b519e9f61,
69c757f9a77d3fbb38ce58a,
69b7eccca25d28d31cd71f,
69cb6c55ff9f99209b65acd0,
69c0f342bea45a970c473e2,
69c0f32cbeea45a970c472b2,
69ce1b32f9f99209b6cf91e,
69ce1b32f9f99209b6cf923,
69b1165903bddb852811da,
69b79422a6225d28d31c15b2,
69c1392fbeea45a970c57ae7,
69c1392fbeea45a970c57ae6,
69b1165905b3bddb852811e0,
69aacdae9145c5b285a6dcd,
699aa55d4583baeaf6e57a40,
69a284b0a7ecd5436f71794,
699aa55d43baeaf6e57a2d,
69b116590b3bddb852811db,
69b92fcc67f93f422f94ea,
69afd2d075ce3cd7dfb055b2,
69ce1b32ff9f99209b6cf924,
69ce1b32ff9f99209b6cf926,
699aa55d43baeaf6e579e8,
69a284b0a7ecd5436f7178a,
69b793d6a6225d28d31c13e1,
69a7f95093145c5b2857c7de,
69bb70f8e5e1365f8def73e5,
69ce1b14f99209b6cf879,
699aa55d43baeaf6e579d0,
69be84b5beea45a970c28be1,
69b50102bce216017e94b0,
69a284b0aecd5436f7178e,
69a565a0945c5b28578d87,
69a7c59c945c5b2857b4f2,
69b793d6a225d28d31c13eb,
6999659143baeaf6e47b38,
69a7f97e93145c5b2857c895,
69a7f97e945c5b2857c8ac,
69ce1adaff99209b6cf567,
69ccc4f0ff99209b696df0,
69b1165903bddb852811dd,
699aa55d4baeaf6e57a21,
69cb5118ff9f99209b6524fe,
69a97909945c5b285a395e,
69b92fcc67f93f422f94ee,
69a5658a945c5b28578d32,
69be84b5ba45a970c28bec,
699aa55d43baeaf6e57a38,
699aa55d483baeaf6e57a3d,
699aa55d43baeaf6e57a1b,
69a97909945c5b285a3959,
69c4d816a19fd050b37eb2,
69ccc4f0ff9f99209b696df4,
69b7e759a6225d28d31cc383,
69afd2d07e3cd7dfb055b4,
699aa54543baeaf6e577b9,
69b1276803bddb85281e3d,
69b5668ca25d28d31be634,
69ccce32ff9f99209b697cb0,
69cccebdff99209b697eed,
69be25b4272a9b530dbef9,
699e9928c26fc0fe857e5bc,
69a7c59c93145c5b2857b4f1,
69c7be337dd20a856a0684,
69c7be337dd20a856a0685,
69c3da74a19fd050b24152,
699aa55d4583baeaf6e57a01,
69ca3eb607021c82e5083e,
69be25c922f72a9b530dc050,
69b5668ca5d28d31be62d,
69b1276805b3bddb85281e2d,
69cd0ef5f9f99209b6b3f29,
69c3da74a7819fd050b24154,
69c7be3379dd20a856a0683,
69b5668ca225d28d31be631,
699aa55d4583baeaf6e57a32,
69b5668ca6225d28d31be635,
699aa55d43baeaf6e57a31,
69c765dda7d3fbb38d1a26,
69b7da03a25d28d31ca1bd,
69c4f4b20e0b0fee62da9259,
6999618d483baeaf6e44070,
69cd0ef5f99209b6b3f4a,
69ca607cff9f99209b6480af,
69b793d6a6225d28d31c13f6,
69c12545ba45a970c51705,
69b5391da25d28d31b410d,
69c1190cbeea45a970c4d007,
69c20bc0ba45a970c6239c,
69a91d3f93145c5b285a030b,
69bbb4c1090966d869d5f5d,
69b2922dd9e0ff9e4e6e786,
69c20bc0beea45a970c6238e,
69c1190cba45a970c4d003,
69c1190cbeea45a970c4d00c,
69c1190cb45a970c4d001,
69c1190cba45a970c4d00f,
69bbb4c10490966d869d5f4e,
69abb389fa5079b77a5f35c9,
69c1190cbea45a970c4d010,
69b7a64ca6225d28d31c3c98,
69c1190cbeea45a970c4d011,
69bbb4c10490966d869d5f44,
69c3d923a819fd050b23ba6,
69bce214d5f08eb499d9b6,
69c12545bea45a970c516fd,
69bbb4c10490966d869d5f65,
69c1190cba45a970c4d008,
69be967abea45a970c2f40a,
69c20c40beea45a970c6261c,
69c20bc0ba45a970c62390,
69c1190cbeea45a970c4d002,
69be967ab45a970c2f402,
69c619d51badff1b9e4c39b,
69b12a9303bddb852823ef,
69b3c7e29152b0d31d7ded8,
69c20c69ba45a970c627b4,
69b12a930b3bddb852823f5,
69c3db54a19fd050b24444,
69c20c69ba45a970c627c1,
69c20c69ba45a970c627aa,
699ea11dc926fc0fe8584fba,
69c12545ba45a970c516fe,
69c39504a819fd050afa1c0,
69b12a9303bddb852823f6,
69c20c69beea45a970c627b0,
69b8e530a225d28d31d4583,
69a565a0945c5b28578d86,
69c20c69bea45a970c627c2,
69c20c69ba45a970c627c4,
69c20c69ba45a970c627ab,
69c20bc0beea45a970c623a1,
69c20c69beea45a970c627ba,
69c20c69ba45a970c627c5,
69ce3e73a5c8c3be2e7e860,
69a565a09145c5b28578d6e,
69b793d6a6225d28d31c13e3,
69c20c69ba45a970c627c6,
69b12a930b3bddb852823ec,
69c20c69b45a970c627c3,
69c3ecd9a19fd050b29234,
69c20c69ba45a970c627b6,
69a565a095c5b28578d85,
69a565a0945c5b28578d7e,
69c39504a19fd050afa1be,
69a3fed0945c5b28551536,
69c20c69ba45a970c627bb,
69a3fed0945c5b28551535,
69a91d8a93145c5b285a03d8,
69c1190cba45a970c4d004,
69be967aba45a970c2f403,
69c12545ba45a970c516fb,
69c39504a7819fd050afa1bf,
69c26cab4268c3c1b3a419,
69b7a64ca225d28d31c3c90,
69cca571f99209b68e5f6,
69a4090f945c5b28551965,
69a27362a47ecd5436f70c85,
69c65f1a1adff1b9e6e1dc,
69bcd503d5f08eb499b90f,
69c20c69beea45a970c627c7,
69c20f8bba45a970c63165,
69c652f21adff1b9e6b4d3,
69c652f21adff1b9e6b4d1,
69c20c69ba45a970c627b2,
69c20c69ba45a970c627ac,
69c20c69ba45a970c627a5,
69a565a0945c5b28578d71,
69c652f21badff1b9e6b4dd,
699ea724c926fc0fe8588990,
69c39504a19fd050afa1bc,
69c1190cbeea45a970c4d013,
69abb389f079b77a5f35cc,
69c654631adff1b9e6bb65,
69a19936a47ecd5436f6ea05,
69c652f21adff1b9e6b4d9,
69c652f214badff1b9e6b4f2,
69c652f21badff1b9e6b4d4,
69c652f21badff1b9e6b4e8,
69c652f21adff1b9e6b4e0,
69c652f21adff1b9e6b4e7,
69c39504a19fd050afa1bd,
69b7b172a25d28d31c51a5,
69c20c69beea45a970c627b7,
69c1190cba45a970c4d00d,
69c652f21adff1b9e6b4e6,
69c652f21adff1b9e6b4e4,
69c652f21adff1b9e6b4f0,
69c20f8bbeea45a970c6315c,
69c652f21adff1b9e6b4ec,
699e9de3c6fc0fe85820b1,
69bbb15d090966d869d5b41,
69c65f1a1adff1b9e6e1de,
69bcd503d5f08eb499b90b,
69c65f1a1adff1b9e6e1d8,
69c20f8bba45a970c63160,
69c652f21dff1b9e6b4e3,
69c20c69beea45a970c627ad,
69b12a9305b3bddb852823e6,
69c652f21adff1b9e6b4e1,
69c68ac61badff1b9e793f6,
69c652f21adff1b9e6b4e2,
69cf7ff07d22f3f9dae824e,
69d3999824366a5d8867a6,
69c625fa1adff1b9e541bf,
69a96ae4945c5b285a2cca,
69cccd49f9f99209b69792d,
69c20aadba45a970c61ff3,
69c103f8beea45a970c494ab,
69a96ae49145c5b285a2ccc,
69a96ae4945c5b285a2cc9,
69aaac9795c5b285a643e,
69ce3e39ac8c3be2e7e61b,
69d331779e9152faa50487,
69c61aaa1adff1b9e4c9a9,
69b3c6dd952b0d31d7dd5b,
69b3c6dd9d7dd65,
69b53ebba25d28d31b554c,
69c61aaa14badff1b9e4c9b8,
69c61aaa1adff1b9e4c9c1,
69ccc547ff9f99209b69703b,
69c2885d696bdcc5dbb6382c,
69c2885d6bdcc5dbb6382b,
69c61aaa1badff1b9e4c9be,
69b3c6dd9152b0d31d7dd50,
69c61aaa14badff1b9e4c9b5,
69c61aaa1adff1b9e4c99b,
69c145c7b45a970c5bfcd,
69c0e4c7bea45a970c46048,
69c145c7bea45a970c5bfc8,
69c145c7beea45a970c5bfca,
69c145c7ba45a970c5bfcb,
69c145c7ba45a970c5bfca,
69b7a49ea6225d28d31c362c,
69cccd49f99209b69792e,
69c0f30dba45a970c4716a,
69c20aadba45a970c61ffd,
69c61aaa14badff1b9e4c9ae,
69c4e221a7819fd050b3a063,
69c7b2c47dd20a8569cc25,
699e9ea4c6fc0fe8582642,
69c0f30dba45a970c47171,
69b12b3903bddb85282585,
69a014372d7321ce9269d2,
69a01437249d7321ce9269d5,
69ccc547f99209b697023,
69b53ebba225d28d31b5543,
69c0e4c7ba45a970c46053,
69ccc547ff9f99209b69701a,
69c654631badff1b9e6bb6c,
69a19903a7ecd5436f6e981,
69ccc547ff99209b697026,
69d0a06099152fa9e834a,
69c61aaa14badff1b9e4c9ad,
69bd197646d957376ec66,
69c61aaa1badff1b9e4c9bd,
69bd197646d957376ec6b,
69a96ae49145c5b285a2cc4,
69b53e9ba6225d28d31b53f1,
69c4e221a819fd050b3a060,
69c61aaa1adff1b9e4c9bc,
69b7a49ea225d28d31c3630,
69c145c7beea45a970c5bfce,
69c61a7114badff1b9e4c84b,
69a01437249d7321ce9269d6,
69a01437249d7321ce9269d3,
69c21089beea45a970c6372f,
69c660d31adff1b9e6e962,
69a0146e249d7321ce926a29,
69a19903a7ecd5436f6e980,
69ce3e39a15c8c3be2e7e624,
69a0143727321ce9269cf,
69a0146e2d7321ce926a23,
69a0146e29d7321ce926a2b,
69a014e22d7321ce926ad5,
69a014e2249d7321ce926ad7,
69b7e759a25d28d31cc380,
69b3c73c9152b0d31d7de04,
69a0146e27321ce926a28,
69a0146e249d7321ce926a27,
69c21089ba45a970c6372e,
69a0143727321ce9269d0,
69a014372d7321ce9269d1,
69ce1b14ff99209b6cf87e,
69a014e227321ce926ad8,
69b50102be0ce216017e94b5,
69cb8b03f99209b6610bc,
69bd19764b4d6d957376ec76,
69a0146e29d7321ce926a2a,
69c7c4ca7dd20a856a2587,
69a0146e249d7321ce926a24,
69b79422a25d28d31c15ab,
69a014e22d7321ce926ad6,
69a0143729d7321ce9269d4,
69c21336ba45a970c641e0,
69aaac97945c5b285a6446,
69c61aaa1adff1b9e4c9bf,
69b7e759a225d28d31cc384,
69bbb4fb090966d869d6096,
69c103f8bea45a970c494c6,
69abb389fa5079b77a5f35d8,
69aaac9793145c5b285a6441,
69b50102bce216017e94b9,
69cccebdf99209b697eee,
69a96ae49145c5b285a2cbf,
69ce3e12ac8c3be2e7e495,
69cccebdff9f99209b697ef9,
69cccebdff9f99209b697eec,
69cccebdff9f99209b697efb,
69c2885d696bdcc5dbb63829,
69cccebdff9f99209b697ef7,
69d3409797fe9152faa57ddb,
69cd0f3bff9f99209b6b4115,
69a19890a47ecd5436f6e8d8,
69ccce32f99209b697ca2,
69d340979e9152faa57de3,
69cccebdff9f99209b697efc,
69b7a64ca6225d28d31c3c96,
69d3409797fe9152faa57de5,
69bbb4c10490966d869d5f4c,
69a96ae493145c5b285a2cbe,
69d3409799152faa57de2,
69ccce32ff9f99209b697c9e,
69a96ae4945c5b285a2cc6,
69abb389f5079b77a5f35d0,
69d340979e9152faa57dd3,
69bbb4c10490966d869d5f47,
69a19890a47ecd5436f6e8d1,
69a19890a7ecd5436f6e8d3,
69a5634a93145c5b28578a18,
69d3409797fe9152faa57ddc,
69bbb4c100966d869d5f62,
69abb389f5079b77a5f35d1,
69bbb4fb0490966d869d6090,
69cfb30d9e9152fa9dac01,
69c4e221a7819fd050b3a069,
69c7b2c47b9dd20a8569cc26,
69ccce32ff9f99209b697cad,
69a96ae4945c5b285a2cc5,
69abb389f079b77a5f35d4,
69c2885d696bdcc5dbb63825,
69ae49ec777d8cba6a19bb83,
69c4e221a819fd050b3a062,
69c2885d6bdcc5dbb63826,
69abb389fa5079b77a5f35d2,
69cccebdff99209b697ef2,
69abb389f5079b77a5f35ca,
69c619d514badff1b9e4c3b5,
69c22bf81bc3c08c578003,
69c1190cba45a970c4d009,
69c2885d6bdcc5dbb63827,
69c1190cbea45a970c4d012,
69c1190cba45a970c4d000,
69a96ae4945c5b285a2cba,
69abb389f079b77a5f35d9,
69cfb30d9e9152fa9dac00,
69c2885d6bdcc5dbb6382a,
69ccce32f99209b697ca6,
69d340979e9152faa57dd5,
69d340979fe9152faa57ded,
69a91d3f945c5b285a0326,
69c4e221a19fd050b3a06e,
69d340979fe9152faa57dea,
69a96ae49145c5b285a2cc3,
69cfb30d97fe9152fa9dac08,
69cfb30d9fe9152fa9dac0b,
69a96ae4945c5b285a2cbd,
69a96ae4945c5b285a2cc7,
69a96ae4945c5b285a2cc8,
69a96ae4945c5b285a2ccb,
69c103f8bea45a970c494aa,
69b7a64ca6225d28d31c3c9d,
69b7a64ca25d28d31c3c9f,
69abb389f079b77a5f35c8,
69cccebdff9f99209b697ef4,
69cccebdff99209b697efa,
69abb389fa5079b77a5f35cf,
69abb389f5079b77a5f35d6,
69abb389fa5079b77a5f35c6,
69b7a64ca225d28d31c3c9d,
69bbb4fb0490966d869d608a,
69bbb4c10490966d869d5f5c,
69ccce32ff99209b697ca7,
69a97530945c5b285a35aa,
69bbb4c100966d869d5f56,
69b7a64ca25d28d31c3c96,
69b7a64ca225d28d31c3c97,
69a2739faecd5436f70d12,
69a19890aecd5436f6e8d9,
69cccebdff99209b697f00,
69bbb4c1090966d869d5f6b,
69b12add03bddb852824e7,
69c39504a7819fd050afa1b4,
69c20c40ba45a970c6260e,
69c20c40beea45a970c62619,
69c4d285a19fd050b36186,
69c20bc0beea45a970c623a5,
69c20f8bba45a970c63175,
69c20c40beea45a970c62612,
69c210bebea45a970c6380b,
699969d7483baeaf6e48a60,
69b7b172a6225d28d31c51a4,
69b7b172a225d28d31c51ab,
69b7b172a6225d28d31c51bd,
69b7b172a25d28d31c51b2,
69b7b172a225d28d31c519a,
69cb6b83ff9f99209b65a89e,
69b7b172a225d28d31c51b3,
69b7b172a6225d28d31c51c0,
69c68a1c1adff1b9e79048,
69c279a9421268c3c1b3d308,
69b7bd71a25d28d31c5bfb,
699a9c27483baeaf6e55d81,
69c20ebbbea45a970c62f89,
69c61a3514badff1b9e4c638,
69c20c40beea45a970c62615,
699969d743baeaf6e48a59,
69ba54c747625b519ea17d,
69c0f30dba45a970c4717f,
69c0d49ebeea45a970c43f80,
69bce214d95f08eb499d9bb,
69a8266b9145c5b2857fbbf,
69c61a351badff1b9e4c641,
69b7b1e5a25d28d31c551c,
69c20c69ba45a970c627b3,
69c20c69bea45a970c627b5,
69b7b1e5a5d28d31c550f,
699ea677c6fc0fe85884e2,
699ed5bcbfbc1a17200904,
69b7bd71a225d28d31c5bef,
69b7bd71a6225d28d31c5c06,
69c0f2eabeea45a970c47035,
69c0f2eaba45a970c47017,
69cca571ff9f99209b68e5f7,
69b7dfa8a6225d28d31cae58,
69996968483baeaf6e48672,
69c0c2ddba45a970c41567,
69c0f30dbea45a970c47174,
69c0f2eabea45a970c47014,
69c0f2eabeea45a970c47020,
69c0f2eabea45a970c47037,
69c20fa9bea45a970c632a4,
69c0f2eaba45a970c47018,
69c0f2eabeea45a970c4702e,
69b7b1c2a5d28d31c5353,
69c20c69beea45a970c627a8,
69c20c69beea45a970c627a2,
69c0f30dba45a970c47176,
69c0f30db45a970c47185,
69c0f2eaba45a970c47038,
69c6178714badff1b9e4b83b,
69bbb15d00966d869d5b3e,
699969d743baeaf6e48a5f,
699aa55d43baeaf6e57a16,
69d0a0609e9152fa9e8343,
699ed5bcbffbc1a172008f9,
699ed5bcbbffbc1a17200905,
699ed5bcbbffbc1a172008fa,
69ccc4f0f9f99209b696de6,
69c20fa9ba45a970c632af,
69c20c69ba45a970c627be,
69ccc481f99209b696bc5,
69c0f30dba45a970c47172,
69c20c69beea45a970c627a7,
69c20bc0ba45a970c6238d,
69b12a9303bddb852823e7,
69cd0ef5ff99209b6b3f3f,
69ce3e73ac8c3be2e7e86c,
69c61a351adff1b9e4c63e,
69ca17cb07021c82e4b15c,
69cd0ef5f99209b6b3f2e,
69cd0ef5ff9f99209b6b3f39,
69cd0ef5f9f99209b6b3f41,
69cd0ef5ff99209b6b3f30,
69ce3e73a15c8c3be2e7e86a,
69b79422a225d28d31c15ad,
69bbb13000966d869d5ad1,
69c0f30dbeea45a970c4717d,
69b12b3905b3bddb85282588,
699969d743baeaf6e48a5b,
69c7c78a7dd20a856a2bc9,
699ed5bcbfbc1a172008fb,
69aa86a79145c5b285a570a,
69b7dc8ca6225d28d31ca7a2,
699969d7483baeaf6e48a5a,
69cd0ef5ff99209b6b3f31,
69cd0ef5ff99209b6b3f45,
69c68a9d1adff1b9e79305,
69c68a3d1adff1b9e79117,
69c7c78a7d20a856a2bca,
69ae497a7d8cba6a19b9d3,
69a26de6a7ecd5436f70652,
69c20f8bbeea45a970c6316d,
69b7dc8ca6225d28d31ca7a3,
69aa86a7945c5b285a570b,
69c0c2ddbea45a970c41568,
69996b7d43baeaf6e499f8,
699bd5a74583baeaf6e67c85,
69c3ecd9a19fd050b29235,
69c279a94268c3c1b3d307,
69c20f8bbeea45a970c6316b,
69c20fa9ba45a970c632b9,
69c279a941268c3c1b3d303,
69b12a930b3bddb852823ed,
69ba6e3a4d47625b519ed097,
69c68a3d1ff1b9e79119,
69b7e886a25d28d31cca19,
69b12a9303bddb852823f3,
69c0fd1dbeea45a970c48951,
69bd4cc72f72a9b530d3c4e,
69bd4cc7272a9b530d3c4b,
69c0f32cbea45a970c472af,
69be24c12f72a9b530dbb99,
69bd4cc7272a9b530d3c4f,
69bd4cc722f72a9b530d3c4f,
69c68a3d1adff1b9e7911b,
69c0c317ba45a970c41686,
69a9741595c5b285a326e,
69c0f32cbeea45a970c472cd,
69c0f32cba45a970c472c9,
69be24c122f72a9b530dbb8f,
69c0f32cb45a970c472ca,
69c0f32cba45a970c472be,
69be24c1272a9b530dbba4,
69c0f32cbeea45a970c472cf,
69c0f32cba45a970c472c4,
69c0f342ba45a970c473f5,
69c0f32cb45a970c472b1,
69c0f32cba45a970c472ce,
69c0f32cba45a970c472bd,
69cd0ef5ff99209b6b3f44,
69996b7d4583baeaf6e499f6,
69c20f8bba45a970c6315b,
69bb70f8e5e1365f8def73eb,
69afe3ee03bddb8527e643,
69b5391da6225d28d31b4109,
69c20c40ba45a970c62631,
69c20bc0beea45a970c62382,
69c20c40bea45a970c6262a,
69b94760b9f0c244de5579cc,
69b12a930b3bddb852823f1,
69c61a351adff1b9e4c635,
69c61a3514badff1b9e4c642,
699a84694583baeaf6e4e7ea,
69a5648293145c5b28578b8f,
69b7cd0ca25d28d31c833e,
69bbb04500966d869d570f,
69cd0ef5f99209b6b3f2d,
69cd0ef5f9f99209b6b3f28,
69cd0ef5f99209b6b3f2c,
69cd0ef5ff99209b6b3f25,
69abcb8cf079b77a5f3de5,
69a414be95c5b28552e5e,
69c20bc0b45a970c6237f,
69c20bc0ba45a970c62381,
69aa7aa19145c5b285a4c78,
69cd0ef5f9f99209b6b3f24,
69cd0ef5ff9f99209b6b3f32,
69c7c78a7b9dd20a856a2bcc,
69aa86a793145c5b285a5710,
69c68a3d1adff1b9e7911c,
69aa86a7945c5b285a5704,
69aa86a793145c5b285a5700,
69afe3ee05b3bddb8527e63f,
69c20c40ba45a970c62626,
69c20c40beea45a970c6260c,
69aa86a793145c5b285a56fa,
69cd0ef5f99209b6b3f37,
69b793d6a25d28d31c13e6,
69c68a1c1adff1b9e7904a,
69b12b390bddb85282587,
69c22bf8129bc3c08c57800d,
69a91d3f9145c5b285a030e,
69c38979a7819fd050af6795,
69aa86a7945c5b285a5712,
69c1190cba45a970c4d00a,
69be24c1272a9b530dbb92,
69be24c12f72a9b530dbb89,
69be24c1272a9b530dbb8b,
69be24c122f72a9b530dbb93,
69c0f342bea45a970c47404,
69be24c1272a9b530dbb9d,
69be24c122f72a9b530dbba0,
69be24c1272a9b530dbb90,
69be24c122f72a9b530dbb8a,
69be24c122a9b530dbb87,
69b7dc8ca6225d28d31ca7b0,
69bd3ac022f72a9b530ce91d,
69be967aba45a970c2f40f,
69afe41005b3bddb8527e685,
69afe4100b3bddb8527e691,
69a973f495c5b285a31ff,
69cb6c55f99209b65acde,
69a26de6a7ecd5436f70654,
69a418b1945c5b28553363,
69ca607cff99209b6480be,
69bd4cc7272a9b530d3c47,
69c0d49ebeea45a970c43f82,
69be25b42f72a9b530dbf02,
69be25b422f72a9b530dbf05,
69be967abeea45a970c2f411,
69bfb3b1bea45a970c3f1f0,
69c0c2ddbeea45a970c41573,
69b7a64ca25d28d31c3c99,
69c61a351dff1b9e4c620,
69b7eccca25d28d31cd706,
69c1190cbeea45a970c4d00e,
69b8d50ea6225d28d31d380c,
69c26cab41268c3c1b3a41a,
69bce214d5f08eb499d9b8,
69ae49a37d8cba6a19ba42,
69c26cab4268c3c1b3a416,
69ba6e3a4625b519ed09c,
69ccc4f0ff9f99209b696de9,
69c20f8bba45a970c63179,
69b7e886a225d28d31cca11,
69cb6c55f99209b65ace6,
69c0f32cbeea45a970c472c3,
69bcecce5e0993b26cbe75,
69c1190cbeea45a970c4d00b,
69c20fa9beea45a970c632aa,
69c26cab4268c3c1b3a414,
69bd4cc722f72a9b530d3c45,
69bcecce5e0993b26cbe7c,
69c26cab41b3a415,
69bd197646d957376ec75,
69c0c317bea45a970c41685,
69bcecce5e0993b26cbe7d,
69bcecce50993b26cbe81,
69bcecce500e0993b26cbe83,
69bd19764b4d6d957376ec73,
69b7a64ca6225d28d31c3c91,
69a403809145c5b285518f7,
69bcecce5e0993b26cbe80,
69bcecce500e0993b26cbe71,
69a973f4945c5b285a31ef,
69bf88bbba45a970c39f1c,
69c0f2eaba45a970c47028,
69b51f04eee26efe02b2b,
69aa86a79145c5b285a56fe,
69ae49a37d8cba6a19ba3f,
69c0fd06bea45a970c48869,
69bce214d5f08eb499d9b9,
69a973f4945c5b285a31fd,
69a973f4945c5b285a31f5,
69a973f4945c5b285a31fb,
69a973f49145c5b285a31f0,
69c7cf187dd20a856a4d68,
699aa55d43baeaf6e579c7,
69a9753095c5b285a35ac,
69d340979e9152faa57ddd,
69a9741595c5b285a3270,
699bd6164583baeaf6e67f5e,
69c0d49eba45a970c43f79,
69c0e4c7b45a970c46052,
69a974159145c5b285a3271,
69a97415945c5b285a3264,
69b537cca25d28d31b3f59,
69c39504afd050afa1b2,
69c0e4c7beea45a970c4604f,
69c26c67421268c3c1b3a2b8,
69c61aaa1adff1b9e4c9a1,
699ea387cfc0fe85863fb,
69a96ae495c5b285a2cbb,
69c7be33720a856a0689,
69bd27b5400e974c021a87,
69c3d923a19fd050b23ba3,
699957aa4baeaf6e42d65,
69a91d8a95c5b285a03e2,
69c210fab5a970c63914,
69a19890a7ecd5436f6e8d4,
69c658a11adff1b9e6cbec,
69c61aaa1adff1b9e4c9b3,
69c20c69b45a970c627a3,
69c210beba45a970c6380c,
69c0e4c7ba45a970c46045,
69c61ac41adff1b9e4cb0f,
69c61aaa14badff1b9e4c9a8,
69c20c69beea45a970c627a6,
699aa55d43baeaf6e579f2,
69b7a64ca6225d28d31c3c93,
69c7b2c47dd20a8569cc17,
69b7a64ca5d28d31c3c93,
69a91d8a945c5b285a03e3,
69a91dc293145c5b285a04af,
69c1190cba45a970c4d01a,
69c61a711dff1b9e4c84a,
69bd52e6272a9b530d57ff,
69c11e04beea45a970c4f34b,
69c61aaa1adff1b9e4c99c,
69c20d78beea45a970c62b13,
69c20f8bba45a970c63164,
69ca0da7945c0c5924d638,
69c38979a7819fd050af678e,
6999660d4583baeaf6e481eb,
699965914baeaf6e47b3e,
69b7dc8ca5d28d31ca79c,
69c22bf8129bc3c08c578008,
69b7ea66a6225d28d31cce37,
69bd27b54a00e974c021a8b,
69a9741593145c5b285a3278,
69be967aba45a970c2f408,
69c22bf81c3c08c578002,
6999660d43baeaf6e481f1,
69c4e221a19fd050b3a05e,
69c765b9a3fbb38d1482,
69be967abeea45a970c2f40e,
69b7cd0cad28d31c8335,
69abb389f5079b77a5f35cd,
69bd27b5400e974c021a82,
69cb6b83f99209b65a894,
69b7cd0ca25d28d31c8342,
69c22bf81c3c08c578005,
69c3daffa819fd050b2427d,
69bce234d795f08eb499da9c,
69c279a94268c3c1b3d304,
69a91d3f9145c5b285a0325,
6999660d43baeaf6e481f4,
699965914583baeaf6e47b30,
69c653f51adff1b9e6b98c,
69b12a9303bddb852823ea,
69bd19764b4d6d957376ec6f,
69c3daffa19fd050b2427c,
69b53ebba25d28d31b5549,
69b53ebba225d28d31b5542,
69b53ebba225d28d31b553b,
69b3c6dd9152b0d31d7dd4b,
69c61aaa1badff1b9e4c9a5,
69ca08009e45c0c5924bd74,
69c61a711adff1b9e4c83d,
69bbb4c100966d869d5f60,
699956e24583baeaf6e42aac,
69c61a711dff1b9e4c84f,
69c757f9a7d3fbb38ce58e,
69bbb4c10966d869d5f68,
69c20bc0b45a970c62398,
699965914baeaf6e47b31,
69d0a1089e9152fa9e8772,
69c20c69b45a970c627b1,
69c0fd06b45a970c4885f,
69b0060d03bddb8527fdc4,
69c619d51dff1b9e4c3ab,
69ce3e73ac8c3be2e7e85e,
69b0060d03bddb8527fdb7,
69c26d4a4268c3c1b3a6a0,
69bd19764d6d957376ec7a,
69bd3ac02a9b530ce924,
69bd52e6272a9b530d581f,
69c61a7114badff1b9e4c850,
69bd52e62a9b530d5815,
69c61a711adff1b9e4c83e,
69c61a711adff1b9e4c853,
69bd52e62b530d5823,
69bd52e6272a9b530d5805,
69bd3ac0272a9b530ce93a,
69bce234d5f08eb499da99,
69bce234d5f08eb499da9b,
69b0060d0b3bddb8527fdbe,
69c61ac41adff1b9e4cb10,
69ba7dc0f2b245d4159b399,
69cb6b83ff99209b65a8a9,
69b7dc8ca6225d28d31ca79a,
69a96ae4945c5b285a2ccd,
69bcd503d795f08eb499b91d,
6999660d483baeaf6e481ee,
69c11e04ba45a970c4f361,
69c20bc0ba45a970c623a2,
69bd52e62f72a9b530d5821,
69cb6b83f99209b65a8b8,
69bd52e62f72a9b530d581e,
69c61aaa1adff1b9e4c99d,
69ae49d07d8cba6a19bae1,
6999660d483baeaf6e481ef,
6999659143baeaf6e47b34,
69a03ef67317942502215352,
69a19903aecd5436f6e982,
69bb70f8e1365f8def73e0,
69bd4eff22a9b530d4b0e,
69c619d51dff1b9e4c395,
69c103f8bea45a970c494b9,
69b263f0a37559f46ce1ca1c,
69c4e221a19fd050b3a065,
69c22bf81bc3c08c578001,
69c20f8bba45a970c63178,
69c20bc0ba45a970c623a3,
69c20c40bea45a970c62627,
69c11e04beea45a970c4f358,
699bd6164baeaf6e67f5a,
69a91d8a93145c5b285a03d5,
69cb6b83f99209b65a8ae,
69c0d49eba45a970c43f86,
69b263f0a37559f46ce1ca12,
69c20c40bea45a970c6260f,
69a562f4945c5b285789a3,
69a19890acd5436f6e8d6,
69c38979a19fd050af6793,
69b5391da6225d28d31b4113,
69c61aaa1adff1b9e4c9a3,
69b53ebba25d28d31b5541,
69c61aaa14badff1b9e4c9af,
69bbb42a0966d869d5dc1,
69b0060d03bddb8527fdc0,
69b53ebba25d28d31b5537,
69cb6b83f99209b65a896,
69bce234d5f08eb499da8b,
69bd3ac02f72a9b530ce936,
699aa55d43baeaf6e57a1a,
69abee4e7d8cba6a19945a,
69c0f32cbea45a970c472c3,
69cb6c55f99209b65ace6,
69be24c12f72a9b530dbb87,
69cd0ef5ff99209b6b3f2d,
69be25b422f72a9b530dbf05,
69ba7dc0fb245d4159b396,
69b92fcc6337f93f422f94fb,
69c0d49eb45a970c43f7a,
69cb6b83f99209b65a898,
69cb6b83f99209b65a8ab,
69bd27b5400e974c021a8a,
69ba7dc0fb245d4159b398,
69cccd49f99209b697933,
69b5668ca6225d28d31be630,
69bd52e6272a9b530d5820,
69c20bc0ba45a970c62395,
69c20bc0ba45a970c62396,
69c652f21adff1b9e6b4d0,
69a973f495c5b285a31ec,
69ccc4f0f9f99209b696de4,
69bd3ac02f72a9b530ce91c,
69bd52e622f72a9b530d581b,
69c11e04b45a970c4f34a,
69bd52e622a9b530d5803,
69bd27b540e974c021a8d,
69ccc4c8f9f99209b696d36,
69b12add05b3bddb852824e2,
69b5668ca6225d28d31be633,
69cb6b83f99209b65a8a4,
69bce234d795f08eb499da92,
69b263f0a37559f46ce1ca18,
69c61a351adff1b9e4c61b,
69bd3ac022a9b530ce934,
69a413b49c5b28552cba,
69c20fa9ba45a970c632a3,
699956e24baeaf6e42aaa,
69bd52e6272a9b530d5812,
69bd52e622f72a9b530d5800,
69bce234d795f08eb499da98,
69bbb0450966d869d5719,
69ccc481ff99209b696bca,
69a7d6db93145c5b2857b9c3,
69bbb04500966d869d570e,
69bd3ac0272a9b530ce937,
69bce214df08eb499d9c1,
69bcecce50e0993b26cbe79,
69bcecce5e0993b26cbe78,
69ba700e47625b519ed30e,
69b793d6a5d28d31c13df,
69bcecce5e0993b26cbe74,
69c617481adff1b9e4b657,
69ccce32ff99209b697cb2,
69a973f4985a31f9,
69be25b422a9b530dbf03,
69aa86a79c5b285a5706,
699956e24baeaf6e42aa8,
69c20c40beea45a970c6262d,
69c20c40b45a970c62630,
69c20c40ba45a970c6260d,
69c20bc0beea45a970c62388,
69b5391da25d28d31b410a,
69b793d6a25d28d31c13f4,
69c68a9d1adff1b9e79304,
69a973f4945c5b285a31f7,
69c26d4a4268c3c1b3a697,
69ca607cff9f99209b6480b3,
69c609851badff1b9e42757,
69b12add03bddb852824e4,
69bd52e6272a9b530d57fd,
69c20c40b45a970c62616,
69bd52e622f72a9b530d581d,
69c20bc0beea45a970c62397,
69c20c40ba45a970c62622,
69bbb4c10966d869d5f58,
69bd52e6272a9b530d580a,
69bbb4c10490966d869d5f5e,
69bd52e622f72a9b530d580d,
69c20bc0ba45a970c6239f,
69bd52e62f72a9b530d5824,
69bd52e622f72a9b530d5810,
69bd52e622f72a9b530d5822,
69c20c40b45a970c62629,
69a9741593145c5b285a326b,
69bd3ac02f72a9b530ce941,
69bd3ac0272a9b530ce939,
69ca607cff99209b6480ae,
69bd3ac0272a9b530ce932,
69a91d8a945c5b285a03f7,
69c619d51adff1b9e4c39f,
69b5391da25d28d31b410e,
69ba6e3a47625b519ed0a0,
69a973f4945c5b285a31fe,
69a3f8b2945c5b28550d82,
69cd0ef5f99209b6b3f34,
69b7dc8ca25d28d31ca7aa,
69c1190cbeea45a970c4d005,
69a973f4945c5b285a3202,
69bce234d5f08eb499da96,
69b5391dad28d31b4101,
69b92fcc6f93f422f94f6,
69c26cab48c3c1b3a418,
69c20c40beea45a970c62620,
69c20c40ba45a970c62628,
69c20bc0b45a970c6238f,
69c20c40bea45a970c6261b,
69c20bc0beea45a970c62384,
69c1190cba45a970c4d006,
69c61aaa1dff1b9e4c9c2,
69c7b2c479dd20a8569cc0f,
69a973f495c5b285a31fa,
69aa86a7945c5b285a56f3,
69cd0f3bf99209b6b4129,
69a973f495c5b285a31f8,
699ed5bcbfbc1a17200903,
69a4038095c5b285518f9,
69c0f2eaba45a970c4702c,
69c0f2eaba45a970c4702f,
69cb6b83ff99209b65a893,
69ae4a367d8cba6a19bbe1,
69a973f493145c5b285a31ed,
69cd0ef5f99209b6b3f2f,
69b92fcc67f93f422f94f0,
69b1165903bddb852811e2,
69bd19764d6d957376ec6a,
69c0c331ba45a970c41717,
69be84b5b45a970c28c00,
699aa55d43baeaf6e579d9,
69bd19764d6d957376ec62,
699aa55d4583baeaf6e579ea,
699aa55d43baeaf6e579f7,
69b7eccca6225d28d31cd70e,
69b3c7e2952b0d31d7ded4,
69c26c6741268c3c1b3a2b7,
699aa55d4583baeaf6e579da,
699aa55d43baeaf6e579eb,
69b7eccca25d28d31cd70a,
69b7eccca25d28d31cd70c,
699aa55d483baeaf6e57a18,
69b7eccca25d28d31cd704,
69996526483baeaf6e47875,
6999660d43baeaf6e481ec,
6999660d4583baeaf6e481ec,
69c1190cbeea45a970c4d018,
699965264583baeaf6e47876,
69c20c40ba45a970c6262f,
69cb6c36ff99209b65ac01,
69c20bc0beea45a970c62393,
6999660d4baeaf6e481f7,
6999660d483baeaf6e481f2,
699965264583baeaf6e47879,
69a91d8a93145c5b285a03e4,
69a973f4945c5b285a3203,
6999652643baeaf6e47878,
69c619d514badff1b9e4c39a,
69b116590b3bddb852811e8,
69b3c7e29a152b0d31d7dec0,
69b3c7e29a152b0d31d7ded0,
69b3c7e29a152b0d31d7deda,
69be9aa8bea45a970c313c7,
699aa55d4583baeaf6e579e9,
69c103f8b45a970c494c9,
69c12545ba45a970c516fc,
69b3c73c92b0d31d7de16,
69ba543647625b519e9f62,
69a413d8945c5b28552d0c,
69abebbb7d8cba6a199261,
69be9aa8beea45a970c313ce,
69b1165903bddb852811d5,
69cb6c36f99209b65ac00,
69cb8b03ff99209b6610b7,
69a413d8945c5b28552d0a,
69ba544d4d47625b519ea01a,
69a97415945c5b285a326c,
69c26c6741268c3c1b3a2b3,
69ba544d47625b519ea00d,
69a413d8945c5b28552cff,
69c0fcccba45a970c487b6,
69ba6f194d47625b519ed264,
69be878fba45a970c29ee7,
69bcecce5e0993b26cbe7f,
699aa55d43baeaf6e579e0,
699aa55d43baeaf6e57a0d,
69b7eccca6225d28d31cd6f4,
69c20d78bea45a970c62b02,
699aa55d43baeaf6e579c6,
699aa55d483baeaf6e57a2c,
69cb512eff99209b652535,
69a413d8945c5b28552d0d,
69b3c7e2952b0d31d7dec9,
6999660d4baeaf6e481f5,
69cb6c36f99209b65ac03,
69b946d8bf0c244de5576e7,
69c103f8bea45a970c494bf,
69bd57b52f72a9b530d6649,
69be967abea45a970c2f410,
69c0fd1dbeea45a970c48957,
69c20de4ba45a970c62c95,
69a3fd669145c5b2855141d,
69b50102bce216017e94b3,
699aa55d4583baeaf6e57a19,
699aa55d4583baeaf6e579cd,
699aa55d4583baeaf6e579e5,
69a1991caecd5436f6e9c7,
69be84b5beea45a970c28bfd,
69b3c7e2952b0d31d7ded9,
69b0e7ff0b3bddb85280607,
69b1165903bddb852811e4,
699aa55d4583baeaf6e579cc,
69c26cab4268c3c1b3a417,
699aa55d43baeaf6e57a28,
699aa55d43baeaf6e57a0f,
69be84b5b5a970c28c02,
69b3c6dd952b0d31d7dd61,
69be84b5ba45a970c28bfe,
69be25b422f72a9b530dbf0b,
69bcf1855e0993b26cc721,
69b7eccca25d28d31cd719,
699aa55d43baeaf6e57a15,
69bd19764b4d6d957376ec79,
699aa55d483baeaf6e579f9,
699aa55d483baeaf6e579e7,
69be84b5ba45a970c28c03,
69b7eccca225d28d31cd722,
699aa55d43baeaf6e579d5,
69b943a8b0c244de557218,
69cb6c36f9f99209b65abfe,
699aa54543baeaf6e577c6,
699aa55d43baeaf6e579fc,
69b7eccca25d28d31cd712,
6999652643baeaf6e47877,
699965264583baeaf6e4787a,
69c4e191a7819fd050b39dd0,
69c3c195a819fd050b17aa9,
69c12545bea45a970c51708,
69a7f950945c5b2857c7e9,
69b50102b0ce216017e94af,
69c3c195a19fd050b17aa4,
69c26c67421268c3c1b3a2b5,
69b3c7e2952b0d31d7debf,
699aa55d4583baeaf6e579e3,
699aa55d43baeaf6e579f8,
69a97415945c5b285a3266,
69be9aa8ba45a970c313c1,
69c20af8bea45a970c621b1,
69b7eccca25d28d31cd70d,
69c20de4bea45a970c62c90,
69ba87affc2b245d4159d6f7,
69cb512eff99209b652537,
69c26c674268c3c1b3a2b2,
69cb6c36f9209b65abfc,
69c0fcccba45a970c487b2,
69c7d94f7d20a856a6289,
69bcf1855e0993b26cc73f,
69b3c73c952b0d31d7de17,
69c4b1eaa819fd050b2f139,
69bd3ac022a9b530ce92b,
69c68a9d14badff1b9e79302,
699e9fb2c6fc0fe85832ba,
69c20aadba45a970c62010,
69ae4a367d8cba6a19bbd0,
69b3c7e2952b0d31d7dec7,
69b7eccca25d28d31cd720,
69b3c7e2952b0d31d7dec3,
69c103f8ba45a970c494b3,
69cd0f3bff9f99209b6b4124,
69c20de4ba45a970c62c96,
69c20de4bea45a970c62c98,
69c20d78ba45a970c62b06,
69c20d78bea45a970c62b07,
69bd52e622f72a9b530d5818,
69bd52e622f72a9b530d5809,
69b946d8bf0c244de5576f5,
69bd19764d6d957376ec7c,
69c4b1eaa19fd050b2f13a,
69ba54c747625b519ea178,
69b946d8b0c244de5576e3,
69c4b1eaa19fd050b2f141,
69a973f4945c5b285a31fc,
69c103f8beea45a970c494b1,
69c4b1eaa819fd050b2f140,
69c103f8ba45a970c494c5,
69b3c7e2952b0d31d7ded1,
69c229ecbeea45a970c66d3c,
69be84b5ba45a970c28c01,
69cb512eff9f99209b652534,
69a2730da47ecd5436f70b76,
699aa55d43baeaf6e579cf,
69c7b2c47dd20a8569cc10,
69b7eccca25d28d31cd6f5,
69c20de4ba45a970c62c8f,
69c20de4beea45a970c62c92,
69bd52e622f72a9b530d57fe,
699aa55d483baeaf6e579d4,
699aa55d43baeaf6e579ec,
69b3c7e2952b0d31d7debb,
69c0d49eba45a970c43f7b,
69cb50aeff9f99209b6523be,
69c20c40beea45a970c62624,
69bd3ac0272a9b530ce91e,
69c609851adff1b9e4273d,
69c609851badff1b9e4274c,
69ba54dc4d47625b519ea249,
69a1206a7317942502215f3b,
69c20bc0ba45a970c623a0,
69c609851adff1b9e42753,
69b946afb0c244de55765a,
69cb512eff99209b652533,
69c20bc0ba45a970c6239d,
69a118a877942502215a65,
69a91d8a945c5b285a03f1,
69c20aadbea45a970c61ff5,
69a413d8945c5b28552d11,
69c0d49eb45a970c43f78,
69ba54c747625b519ea172,
69bd19764d6d957376ec67,
699aa55d43baeaf6e579d2,
69bfaa8abea45a970c3e825,
699aa55d4583baeaf6e579fb,
699aa55d4583baeaf6e579dc,
69ba54dc47625b519ea24b,
69a413d893145c5b28552d08,
69c0d49ebea45a970c43f7c,
69c4b1eaa7819fd050b2f142,
69c20de4ba45a970c62c93,
69a2730da7ecd5436f70b87,
69cb6c36f9f99209b65abfa,
69bd52e6272a9b530d5813,
69a2730da7ecd5436f70b91,
69c4b1eaa19fd050b2f13f,
69ba544d47625b519ea016,
69c7b2c47b9dd20a8569cc0a,
69c4b1eaa7819fd050b2f136,
69c4b1eaa7819fd050b2f13e,
69c4b1eaa819fd050b2f143,
69cb517dff9f99209b652613,
69c103f8ba45a970c494b2,
69ba544d47625b519ea012,
69be25c92f72a9b530dc046,
69c103f8ba45a970c494a6,
69be25b422f72a9b530dbf0d,
69a5649a945c5b28578bc2,
69675897c9ab28ea5bdbc2,
69a41445945c5b28552d8a,
69ba6f1947625b519ed25a,
69a3f96c93145c5b28550e1d,
69a284b0a47ecd5436f71785,
699067d0e2a950600cd47,
69b7ea66a25d28d31cce47,
69bcf185500e0993b26cc739,
69b7ea66a25d28d31cce23,
69ba6f1947625b519ed25d,
699aa5454583baeaf6e577c2,
69ba54dc47625b519ea252,
69b537cca25d28d31b3f70,
69bd27b5400e974c021a71,
69bd27b54a00e974c021a76,
69996a3643baeaf6e48d3c,
69be25b422f72a9b530dbf16,
69ae49d07d8cba6a19bae3,
69a7d6db945c5b2857b9c0,
69b3c73c952b0d31d7de0c,
69b5666fa25d28d31be4fc,
69a7f97e945c5b2857c89c,
69a7f97e945c5b2857c89a,
69ae49d07d8cba6a19bada,
69bcf1855e0993b26cc72b,
699aa55d43baeaf6e579c8,
69b2923fde0ff9e4e6e85a,
69c0f2eaba45a970c47026,
69b2923fde9e0ff9e4e6e839,
69b1192103bddb85281425,
699aa54543baeaf6e577b8,
69b935ba67f93f422fa607,
69b7eccca25d28d31cd6e7,
69b2923fde0ff9e4e6e85c,
69b7ea66a225d28d31cce28,
69b2923fde0ff9e4e6e850,
69b8e530a5d28d31d4589,
69c0f2eabea45a970c47013,
69b3c6dd952b0d31d7dd54,
699023c70e1d92d9798f2e,
69a5658a945c5b28578d31,
69a8141a945c5b2857d773,
6999696843baeaf6e48674,
69b3c6dd9a152b0d31d7dd70,
69b3c6dd952b0d31d7dd49,
69b2923fd9e0ff9e4e6e842,
69b2923fde0ff9e4e6e855,
69b53ebba25d28d31b5534,
69b3c6dd9152b0d31d7dd4c,
69b3c6dd952b0d31d7dd4a,
69b3c6dd952b0d31d7dd49,
69b3c6dd952b0d31d7dd64,
69b3c6dd952b0d31d7dd69,
69b3c6dd952b0d31d7dd60,
69bd27b5400e974c021a73,
69a97530945c5b285a35af,
69b2923fde0ff9e4e6e83f,
69bbb42a0490966d869d5db2,
69bcf1855e0993b26cc726,
69a8141a945c5b2857d769,
69bcf1855e0993b26cc73d,
69b2923fde9e0ff9e4e6e848,
69b119210bddb85281423,
69b7ea66a25d28d31cce25,
69b2923fd9e0ff9e4e6e85d,
69b2923fde0ff9e4e6e83b,
69b2923fd0ff9e4e6e83c,
69b2923fde0ff9e4e6e844,
69b7a64ca225d28d31c3c94,
69abfc177d8cba6a199e6b,
69b3c73c92b0d31d7de1a,
69c0c2ddba45a970c41570,
69b935ba637f93f422fa606,
69b935ba637f93f422fa60b,
69a97415945c5b285a326f,
69a284b0aecd5436f71793,
69996a0a43baeaf6e48bcb,
69abebbb7d8cba6a199266,
69a1206a7942502215f3a,
69c0c2ddbeea45a970c4156f,
69a41445945c5b28552d89,
69bd27b5400e974c021a74,
69b2923fde0ff9e4e6e849,
69b7b1c2a25d28d31c5349,
69b2923fde0ff9e4e6e856,
69b2923fde9e0ff9e4e6e857,
69a118a877942502215a6e,
69a19890a47ecd5436f6e8da,
69a8141a93145c5b2857d775,
69ba700e47625b519ed30d,
69a4001e9145c5b28551758,
69a7f950945c5b2857c7f4,
69b12b3903bddb85282584,
69a96ae49145c5b285a2cc0,
69ae49ec7d8cba6a19bb85,
69c0f342ba45a970c473f3,
69b2923fde0ff9e4e6e845,
69b2923fde9e0ff9e4e6e83e,
69ae49bb7d8cba6a19ba94,
69b1192105b3bddb85281420,
69a561ea945c5b285788b1,
69a118a8717942502215a67,
69a118a87317942502215a6b,
69b2923fde0ff9e4e6e838,
69b2923fd9e0ff9e4e6e83a,
69bbb42a00966d869d5dc4,
69b12b590b3bddb852825f2,
69bcecce50e0993b26cbe7e,
69a979099145c5b285a394e,
69a9789795c5b285a38df,
69a9790993145c5b285a395c,
69aacdae945c5b285a6dca,
69ae49d07d8cba6a19bad9,
69a1206a717942502215f3e,
69a8141a93145c5b2857d77e,
69abebbb7d8cba6a199260,
69abebbb7d8cba6a199265,
69c0f2eaba45a970c47011,
69b7ea66a6225d28d31cce21,
69a96ae4945c5b285a2cc2,
69a8141a945c5b2857d768,
69b7ea66a25d28d31cce24,
69a40f21945c5b285520d1,
69c0c2ddba45a970c41571,
69b12b3905b3bddb85282592,
69c0f32cba45a970c472b5,
69c0f32cbea45a970c472ba,
69a7f97e93145c5b2857c8a1,
69a8380d945c5b28580a4e,
699aa55d43baeaf6e57a0e,
69be25c922f72a9b530dc05e,
69bcf185500e0993b26cc73b,
69a284b0aecd5436f71787,
69a118a8717942502215a63,
69b8e530a25d28d31d4588,
69b5391da6225d28d31b4107,
69b12b390b3bddb8528258d,
69c0f342bea45a970c473fe,
69bbb4c100966d869d5f5a,
69a7f97e945c5b2857c894,
69a284b0aecd5436f71789,
69a7f950945c5b2857c7f8,
69a7f95093145c5b2857c7f0,
69a1206a77942502215f3d,
69ae49ec777d8cba6a19bb82,
69a7f950945c5b2857c7f5,
69a7f97e95c5b2857c88f,
69a8380d93145c5b28580a50,
69ba700e47625b519ed312,
69a1206a77942502215f39,
699e9fb2c926fc0fe85832bb,
699da719c6fc0fe856e816,
69c0f32cbea45a970c472b3,
69be25b4272a9b530dbf0f,
69ae49ec777d8cba6a19bb86,
69a7f97e945c5b2857c897,
69a7f95093145c5b2857c7f2,
69a7f97e93145c5b2857c8a2,
69a7f97e93145c5b2857c8a3,
69b2923fde0ff9e4e6e853,
699e9f98cfc0fe8583130,
69bcf1855e0993b26cc71e,
69bcf1855e0993b26cc741,
69bbb4c10490966d869d5f55,
69bcf1855e0993b26cc733,
69b7b1e5a225d28d31c5519,
69a5649a93145c5b28578bc3,
69b7ea66a25d28d31cce3f,
69b7ea66a25d28d31cce3c,
69b94707b9f0c244de557829,
69aacd8693145c5b285a6d5b,
69a118a8717942502215a64,
69b7eccca25d28d31cd6e0,
69c0f32cbea45a970c472cb,
69c0f32cbea45a970c472d0,
69a7f9509145c5b2857c7fb,
69b51f04ebcee26efe02b23,
69ae49bb777d8cba6a19ba8f,
69be25c92f72a9b530dc053,
69a7f9509145c5b2857c7fc,
69a7f9509145c5b2857c7f6,
69bbb42a090966d869d5db5,
69a19890aecd5436f6e8d7,
69b2923fde0ff9e4e6e858,
69a7f97e945c5b2857c898,
69b523e7a6225d28d31b2643,
69b7eccca5d28d31cd6ef,
69b7ea66a225d28d31cce36,
69b1192103bddb8528141e,
69b12b5903bddb852825e9,
69b7a64ca25d28d31c3c92,
69a11c3277942502215bd9,
69b935ba67f93f422fa60c,
69b5391da6225d28d31b4108,
69b92fcc637f93f422f9502,
69b3c73c9a152b0d31d7de20,
69b7ea66a25d28d31cce3b,
69a9789795c5b285a38e0,
699da719c6fc0fe856e813,
69a97897945c5b285a38de,
69a9790993145c5b285a395b,
69b2922dd9e0ff9e4e6e785,
69a97909945c5b285a3955,
69a9789793145c5b285a38e1,
69a414be945c5b28552e65,
69abebbb777d8cba6a199262,
69be25b4272a9b530dbf12,
69ae49a37d8cba6a19ba3c,
69a7f95093145c5b2857c7fa,
69b3c73c9b0d31d7de19,
69a91dc29145c5b285a04ac,
69c0f32cbea45a970c472bb,
69a8141a93145c5b2857d77b,
69bcf1855e0993b26cc72e,
69a19890acd5436f6e8d5,
69a8380d9145c5b28580a4c,
69b7ea66a6225d28d31cce2a,
69b7a64ca6225d28d31c3c95,
69b7a64ca25d28d31c3c9c,
69a97897945c5b285a38d9,
69b12b5905b3bddb852825ef,
69ae497a7d8cba6a19b9d4,
69bcd503d5f08eb499b902,
69a8380d9145c5b28580a49,
69b7ea66a25d28d31cce46,
69a7f97e945c5b2857c89d,
69a7f950945c5b2857c7e7,
6999618d4583baeaf6e4406e,
69bd27b5400e974c021a72,
69b7a49ea6225d28d31c3639,
69b7956da6225d28d31c1880,
69ba6f1947625b519ed260,
6999618d4583baeaf6e44073,
6999618d43baeaf6e44071,
69a40f21945c5b285520d1,
69b3c73c9152b0d31d7de14,
69bcd503d5f08eb499b904,
69a7f97e9145c5b2857c89b,
69a7f950945c5b2857c800,
69a8380d93145c5b28580a47,
69ba700e47625b519ed31c,
69a7f95093145c5b2857c7df,
69abcb8cf5079b77a5f3ddc,
69bcd503d95f08eb499b907,
6999618d43baeaf6e44074,
69b7ebcda25d28d31cd30b,
69bcd503d795f08eb499b903,
69a8380d93145c5b28580a4f,
69abcb8cf5079b77a5f3de4,
69a7f95093145c5b2857c7dc,
69a7f950945c5b2857c7e1,
69abb389f079b77a5f35eb,
69a91d3f9c5b285a030d,
69a91d8a93145c5b285a03e1,
69b793d6a28d31c13f2,
69ae49d07d8cba6a19bad8,
69a91dc2945c5b285a04ce,
69a91d3f9145c5b285a030c,
69b2922dde0ff9e4e6e782,
69abec4d7d8cba6a199308,
69a91d8a9145c5b285a03e6,
69b793d6a225d28d31c13ef,
69a91d8a945c5b285a03dc,
69b263f0a37559f46ce1ca10,
69a7f950945c5b2857c7db,
69a7f9509145c5b2857c7dd,
6999618d43baeaf6e4406d,
6999618d43baeaf6e4406d,
69a7f950945c5b2857c7e3,
69a56509945c5b28578c57,
69a7f97e93145c5b2857c891,
69a7f950945c5b2857c7e5,
69a7f95093145c5b2857c7f1,
69a284b0aecd5436f7178b,
69a91d3f945c5b285a0324,
69b793d6a6225d28d31c13dd,
69a7f9509145c5b2857c7e2,
69c145c7ba45a970c5bfad,
69b7a49ea225d28d31c363a,
69a91dc2945c5b285a04c6,
69a91dc2945c5b285a04c7,
69bbb4c100966d869d5f59,
69b8e530a5d28d31d457e,
69b2922dd9e0ff9e4e6e788,
69a91dc2945c5b285a04b6,
69a91dc2945c5b285a04b0,
69b7b1e5a225d28d31c550c,
69b793d6a25d28d31c13de,
69b7b1c2a25d28d31c5347,
69b7b1e5a6225d28d31c552a,
69ae49d0777d8cba6a19bad7,
69abcb8cf79b77a5f3de2,
69b5391da6225d28d31b4114,
69902a4b0d1e1d92d97a4dce,
69a7f97e93145c5b2857c899,
69ae49d07d8cba6a19badb,
69b7b1e5a25d28d31c5523,
69b7b1c2a25d28d31c5351,
69b7b1e5a225d28d31c5530,
69a91dc29145c5b285a04c8,
69a91dc2945c5b285a04be,
69b3c73c952b0d31d7de03,
69b3c73c9a152b0d31d7de02,
69a7f95093145c5b2857c7ff,
69b3c73c9152b0d31d7ddff,
69a7f97e93145c5b2857c893,
69ac092e7d8cba6a19a563,
69a91dc293145c5b285a04cf,
69a91dc2945c5b285a04b5,
69b9135b6337f93f422f59e9,
69b7b1e5a25d28d31c552c,
69b7b1e5a25d28d31c552e,
69b7b1e5a6225d28d31c552e,
69b7b1c2a225d28d31c5366,
69b7b1e5a225d28d31c5528,
69abcb8cf079b77a5f3dec,
69b7b1e5a25d28d31c5525,
69b7b1e5a6225d28d31c552d,
69b7b1e5a225d28d31c5513,
69bb70f8e5e1365f8def73dd,
69be24c1272a9b530dbb9b,
69b7b1e5a225d28d31c552f,
69b5391da225d28d31b4112,
69b7b1c2a225d28d31c535a,
69b8e530a25d28d31d458f,
69a91dc293145c5b285a04d1,
69b2922dde9e0ff9e4e6e79f,
69a91dc29145c5b285a04ba,
69a91dc293145c5b285a04b2,
69a91dc293145c5b285a04d0,
69be24c1272a9b530dbb9a,
69b7ea66a25d28d31cce43,
69b7b1e5a225d28d31c551a,
69a8380d93145c5b28580a48,
69b9135b67f93f422f59ec,
69a7f950945c5b2857c801,
69a284b0aecd5436f7178d,
69a91dc2945c5b285a04ae,
69a91d8a93145c5b285a03de,
69a91d3f93145c5b285a0309,
69a91dc293145c5b285a04c2,
699e9a60c6fc0fe857f569,
69b7ebcda5d28d31cd311,
69a7f95093145c5b2857c7f9,
69a7f950945c5b2857c7da,
69a7f9509145c5b2857c7ec,
69bcf185500e0993b26cc735,
69a8380d95c5b28580a51,
69a91dc293145c5b285a04c9,
69abec4d7d8cba6a199302,
699969d7483baeaf6e48a5c,
69a284b0a7ecd5436f71788,
69abcb8cf079b77a5f3de9,
69b7b1e5a25d28d31c551d,
69b7b1e5a25d28d31c551f,
69b7b1e5a25d28d31c5526,
69a91d8a93145c5b285a03e5,
69b7b1e5a25d28d31c5518,
69b7b1e5a225d28d31c550a,
69b7b1c2a225d28d31c536d,
69b7b1e5a25d28d31c5522,
69b7b1c2a225d28d31c5362,
69b7b1c2a5d28d31c5362,
69b7b1e5a6225d28d31c5521,
69b7b1c2a6225d28d31c536b,
69abcb8cfa5079b77a5f3ded,
69ae49d0777d8cba6a19bae7,
69ba6e3a47625b519ed096,
69c0f342ba45a970c473fd,
69b8d50ea25d28d31d3817,
69b7b1e5a5d28d31c5529,
69b7b1e5a25d28d31c552b,
69a7f950945c5b2857c7e8,
69b7b1e5a25d28d31c5520,
69b8e530a25d28d31d458e,
69ba6e3a47625b519ed0a1,
69abcb8cf5079b77a5f3de6,
69b3c73c952b0d31d7de1b,
69c20c40bea45a970c62632,
69b7b1e5a25d28d31c5527,
69abcb8cf079b77a5f3de3,
69b7b1e5a6225d28d31c5524,
69b8e530a225d28d31d4587,
69bd27b54a00e974c021a75,
699e98d2c926fc0fe857e184,
69ae49d0777d8cba6a19baf3,
69ac092e7d8cba6a19a560,
69a91dc293145c5b285a04b1,
69b3c6dd9a152b0d31d7dd6e,
69bcf185500e0993b26cc71c,
69b7a64ca25d28d31c3c9a,
69a284b0a7ecd5436f71784,
69b127680b3bddb85281e2e,
69b7956da25d28d31c1874,
69a7e0db945c5b2857be75,
699e98d2c6fc0fe857e182,
699e9af9c6fc0fe857fbed,
699ea724c6fc0fe8588997,
69bd27b54a00e974c021a7e,
69a7d6db93145c5b2857b9b0,
69a7e0db93145c5b2857be73,
699ea724c6fc0fe8588992,
69b7eccca6225d28d31cd6d8,
69b7b1c2a225d28d31c534d,
69b793d6a25d28d31c13f3,
69abebbb7d8cba6a199268,
69b7bd71a225d28d31c5bf6,
699e9f98c6fc0fe858312e,
69bbb06b090966d869d5815,
69ba6e3a47625b519ed098,
69b7ebcda6225d28d31cd30c,
69b7956da6225d28d31c1879,
69abebbb7d8cba6a199263,
69b793d6a225d28d31c13dc,
69c12545bea45a970c51703,
69abfc17777d8cba6a199e6e,
69b3c6dd9a152b0d31d7dd59,
69c0d49ebea45a970c43f74,
69a41445945c5b28552d8c,
69ba6e3a4625b519ed09e,
69abfc177d8cba6a199e6a,
69b7956da25d28d31c1883,
69b7bd71a225d28d31c5bf4,
69b8d50ea25d28d31d3815,
69b53ebba6225d28d31b553e,
69b7eccca6225d28d31cd6d2,
69bb70f8e5e1365f8def73db,
69b7956da25d28d31c187b,
69b7956da25d28d31c1884,
69a973f49145c5b285a3200,
69bbc05600966d869d86fd,
699ed5bcbc1a17200908,
699ed5bcbfbc1a17200906,
69be967abeea45a970c2f404,
69c0c331bea45a970c41729,
699bd61643baeaf6e67f60,
69ba54dc4625b519ea24e,
69b7eccca225d28d31cd6e1,
69bd27b5400e974c021a88,
69b7bd71a25d28d31c5c02,
69ba6e3a47625b519ed0a4,
69b7b1c2a225d28d31c534a,
69b7a64ca6225d28d31c3c9f,
69b943a8b0c244de55721d,
699ed5bcbfbc1a172008fc,
69a118737942502215a13,
69b7b1c2a5d28d31c5358,
69a284b0aecd5436f71799,
69bd3ac0272a9b530ce920,
699bd6164583baeaf6e67f5f,
69a1187377942502215a0b,
699ed5bcbbc1a172008ff,
69a2720fa47ecd5436f70a0a,
69b793d6a6225d28d31c13e2,
699ea724c6fc0fe8588994,
69a118a8717942502215a6c,
699ea724c26fc0fe858898f,
699ea724c6fc0fe8588991,
699ea724c6fc0fe8588998,
699ea724c926fc0fe8588995,
699ea724c6fc0fe8588993,
699ea724c926fc0fe8588996,
69c1190cba45a970c4d01f,
69a11873717942502215a0e,
69bd3ac02f72a9b530ce93c,
69b7eccca5d28d31cd6f3,
69bbb06b090966d869d5825,
69b7ebcda25d28d31cd30f,
69b7ebcda25d28d31cd30d,
69b7ebcda25d28d31cd312,
69ae49a37d8cba6a19ba37,
69b3c6dd952b0d31d7dd63,
69b53ebba6225d28d31b5535,
69bd27b54a00e974c021a8e,
69bd27b54ca00e974c021a8c,
69ba6f1947625b519ed26a,
69b7b1c2a25d28d31c5352,
69b7b1e5a6225d28d31c550d,
69b7b1e5ad28d31c5516,
69a7f9509145c5b2857c7e6,
69b7b1c2a225d28d31c534f,
69bce234d5f08eb499da91,
69bbb42a0966d869d5dc8,
69a7c65593145c5b2857b58f,
69b7b1c2a225d28d31c534c,
69c12545beea45a970c51702,
69b7eccca225d28d31cd708,
69b94707b0c244de55782f,
69b7b1c2a25d28d31c5354,
69ba6e3a47625b519ed09f,
699a83e2483baeaf6e4e31a,
69b3c73c9152b0d31d7de24,
69b3c7e2952b0d31d7deb5,
69b3c73c952b0d31d7de0b,
69b3c7e2952b0d31d7debc,
69ba6e3a47625b519ed0a6,
69bbc05600966d869d8700,
69b3c73c952b0d31d7de23,
699e9903c26fc0fe857e413,
699e9903c926fc0fe857e416,
699e9903c926fc0fe857e414,
69a413b493145c5b28552cb2,
69bbb4c10966d869d5f54,
69b7bd71a225d28d31c5c0a,
69b7a1c2a6225d28d31c2e7d,
69b3c73c92b0d31d7de1e,
69b3c7e2952b0d31d7deb6,
69b3c73c9a152b0d31d7de0e,
69a58aa49145c5b28579aa2,
69bce214d795f08eb499d9b4,
69a118737317942502215a08,
69bce214d5f08eb499d9ba,
69b3c73c952b0d31d7de25,
69b3c73c952b0d31d7de05,
699ea3a2c926fc0fe8586523,
699ea724c6fc0fe858899b,
69b3c73c952b0d31d7de06,
69b3c7e29a152b0d31d7deb8,
699aa54543baeaf6e577d0,
69bce214d5f08eb499d9b5,
69b7eccca6225d28d31cd710,
69b787e7a225d28d31c07dc,
69bd3ac0272a9b530ce92c,
69b537cca25d28d31b3f5f,
699aa54543baeaf6e577cb,
699aa54543baeaf6e577c5,
69b537cca25d28d31b3f63,
69a40fad9145c5b28552128,
699aa545483baeaf6e577c9,
699aa5454baeaf6e577cc,
69c0c2ddbea45a970c4156d,
699aa54543baeaf6e577c7,
699aa545483baeaf6e577d4,
69bbb4c10966d869d5f4d,
69bd3ac022f72a9b530ce92f,
699e9903c926fc0fe857e415,
69a118737942502215a12,
699e98d2c926fc0fe857e185,
69a40fad945c5b28552127,
69a118737317942502215a0f,
699e98d2c26fc0fe857e183,
69b7a64ca25d28d31c3c9e,
69b7bd71a225d28d31c5c04,
69b7bd71a25d28d31c5c07,
699e9903cfc0fe857e411,
69b7a1c2a25d28d31c2e7f,
69b7880ca225d28d31c08be,
69b56266a25d28d31be010,
69b56266a6225d28d31be011,
69ba6e3a47625b519ed09d,
69c0d49eba45a970c43f75,
69bbb42a0966d869d5dbf,
69bbb42a00966d869d5db7,
69ba700e47625b519ed31d,
69ba700e47625b519ed30f,
69bbb4c1090966d869d5f46,
69b7880ca5d28d31c08bc,
69bce234d95f08eb499da95,
69a118737942502215a10,
69a118a87942502215a6f,
699aa54543baeaf6e577d7,
69a118a8717942502215a6a,
69b7ebcda6225d28d31cd30e,
69a11873717942502215a15,
69b7cd0ca25d28d31c8333,
69a7d6db945c5b2857b9a9,
699aa545483baeaf6e577ba,
69abee4e7d8cba6a199453,
69abee4e7d8cba6a19946e,
69a19936a7ecd5436f6ea06,
69abee4e7d8cba6a199457,
69ba700e47625b519ed317,
69abebbb7d8cba6a19926a,
699ea64dc26fc0fe8588282,
69bbb42a00966d869d5dbb,
69bbb06b0490966d869d581c,
69a973f4945c5b285a3201,
69a7f950945c5b2857c7eb,
69c1190cba45a970c4d023,
69a118737317942502215a16,
699aa54543baeaf6e577d8,
69ba700e4d47625b519ed313,
69c0c331ba45a970c41727,
69b7b1c2a6225d28d31c534b,
69bd19764b4d6d957376ec7d,
69bd57b52f72a9b530d6647,
69bd27b54ca00e974c021a80,
69a7d6db9145c5b2857b9cc,
69be967aba45a970c2f400,
69c26cab41268c3c1b3a41b,
69a565a095c5b28578d6d,
69a118737942502215a0c,
69bd19764d6d957376ec70,
69bd57b5272a9b530d664b,
699aa54543baeaf6e577b6,
69a19936a5436f6ea03,
69bd19764b4d6d957376ec74,
69a7d6db93145c5b2857b9aa,
69b53e9ba25d28d31b53f0,
69be967abea45a970c2f3ff,
69bd3ac022f72a9b530ce91f,
69abee4e7d8cba6a199455,
699aa545483baeaf6e577ce,
699aa5454baeaf6e577b5,
69bd57b5272a9b530d6646,
699aa55d43baeaf6e579c4,
69a1187377942502215a09,
69a118737942502215a0d,
699aa55d43baeaf6e579bd,
699aa55d43baeaf6e579b7,
69bbb06b0490966d869d5822,
69a565a0945c5b28578d75,
69b7b1c2a225d28d31c5357,
69a40fad945c5b2855212a,
69a7f97e9145c5b2857c8b6,
69901f23885e81381c693e,
69b7b1c2a6225d28d31c5350,
69bbb4c100966d869d5f53,
699aa54543baeaf6e577b3,
69b116160bddb8528116f,
69bd19764b4d6d957376ec63,
699aa545483baeaf6e577b4,
69b3f7fa4a8ba80f4d767639,
69b3f7fa4a8ba80f4d767636,
699aa54543baeaf6e577d2,
69bd3ac0272a9b530ce930,
699aa55d4583baeaf6e579b3,
69b537cca25d28d31b3f5e,
69b537cca25d28d31b3f5a,
699aa54543baeaf6e577b1,
69b53e9ba6225d28d31b53f5,
69bbb4c100966d869d5f48,
69bbb4c10490966d869d5f4f,
69c0c331ba45a970c4171a,
699aa55d4baeaf6e579c3,
69b7b1e5a25d28d31c551e,
69b7eccca25d28d31cd701,
69b7eccca6225d28d31cd715,
69a19936a47ecd5436f6ea02,
69b53e9bad28d31b53ef,
69bcf1855e0993b26cc73e,
69bbb42a090966d869d5dba,
69a1991ca7ecd5436f6e9ca,
69b53e9ba25d28d31b53fc,
69c0c317bea45a970c41680,
69b537cca5d28d31b3f62,
69ba54364d47625b519e9f65,
69b53e9ba25d28d31b53f8,
69bd57b5272a9b530d664a,
69be24c1272a9b530dbb91,
69b7b1c2a6225d28d31c5356,
69bbb4c100966d869d5f4b,
69902a4b0d1e1d92d97a4dcf,
69bd57b5272a9b530d6648,
69c0c331beea45a970c41721,
69c0f32cba970c472c0,
69bbb4c100966d869d5f6a,
69a5658a945c5b28578d2e,
699aa545483baeaf6e577d5,
69b53e9ba25d28d31b53f4,
69b7e886a25d28d31cc9f7,
69bd57b522a9b530d664c,
69a118a877942502215a6d,
69c0fcccba45a970c487b1,
69b79422a6225d28d31c15b8,
69b947aeb0c244de557aa3,
69b7b1c2a25d28d31c5369,
69cd0f3bff99209b6b4123,
69b943a8b0c244de557225,
69be25b4272a9b530dbf1e,
69cd1f35f9f99209b6bae59,
69cb5041ff99209b652277,
69ce254ef9f99209b6d21dd,
69996a8a4583baeaf6e49030,
69a014e2249d7321ce926ad9,
69c0fcccbeea45a970c487b8,
69be25b422f72a9b530dbefc,
69be24fb272a9b530dbc9e,
69be25c9272a9b530dc069,
69be25b422a9b530dbefc,
69d0a06097fe9152fa9e8349,
69c653f514badff1b9e6b98a,
69a91d8a9c5b285a03d3,
69ce3e5aa5c8c3be2e7e74e,
69b7dc8ca225d28d31ca7ae,
69ce2521f9f99209b6d2064,
69ba543647625b519e9f64,
69ce254eff9f99209b6d21f4,
69cb6b83f99209b65a89b,
69cb6b83ff9f99209b65a8b6,
69cb6b83ff9f99209b65a8a1,
69ce254eff9f99209b6d21d8,
69b7dc8ca25d28d31ca7a4,
69c61d3d1adff1b9e4d70d,
69cb6b83ff99209b65a8af,
69ce254ef9f99209b6d21db,
69c20ff6beea45a970c63510,
69b92fcc67f93f422f9504,
69c20c69bea45a970c627a1,
69cb6b83f99209b65a8b3,
69cb6b83ff99209b65a8ad,
69ca607cff9f99209b6480b6,
69a2d159945c5b2854e329,
69ce2521ff9f99209b6d205c,
69ce254eff9f99209b6d21e0,
69b7b172a25d28d31c51be,
69ba54c747625b519ea170,
69c653f51adff1b9e6b987,
69b5668ca6225d28d31be62b,
699aa55d43baeaf6e57a14,
69a91d8a945c5b285a03f4,
69a91d8a9145c5b285a03d9,
69d399c82614366a5d88699e,
69cb6b83ff9f99209b65a8ac,
69cb6c55ff99209b65accb,
69bbb0450490966d869d571c,
69c7d5bc79dd20a856a5b62,
699e9928c6fc0fe857e5c5,
69a8266b9c5b2857fbc2,
69cb6b83f9f99209b65a899,
69c4f4b20b0fee62da925b,
69cb6b83ff9f99209b65a8a5,
69c6178714badff1b9e4b846,
69ccc481ff99209b696bc1,
69be9aa8ba45a970c313cb,
69cb6b83f9f99209b65a89a,
69ce254ef99209b6d21e1,
69be25b42f72a9b530dbf1c,
69c609851adff1b9e42759,
69ce254eff9f99209b6d21f3,
69d0a06097fe9152fa9e8345,
69be84b5bea45a970c28bf9,
69b50102b0ce216017e94b8,
69cccebdf99209b697f01,
69ce254eff99209b6d21f6,
69c7d5bc7b9dd20a856a5b60,
69cb6b83ff99209b65a89c,
69c20c69ba45a970c627a0,
69c4f4b20e0b0fee62da924c,
69b7dc8ca25d28d31ca79b,
69ce2521f9f99209b6d2062,
69cb6b83ff99209b65a8b1,
69ce2521f99209b6d205e,
69ca3efd07021c82e5091a,
69ce254ef9f99209b6d21da,
69c21013bea45a970c635ba,
69b1161605b3bddb8528116e,
69c20aadba45a970c61fee,
69c20aadba45a970c61fec,
69c279a941268c3c1b3d30f,
69c0f30dbeea45a970c47164,
69ccc547ff9f99209b697024,
69ccc512ff99209b696eab,
69ccc512f99209b696ead,
69b946d8b9f0c244de5576f6,
69c625fa1adff1b9e541c0,
69c0f2eaba45a970c4701f,
69c0c317ba45a970c41688,
69c210d6bea45a970c6385c,
69b946d8bf0c244de5576ed,
69c26d4a41268c3c1b3a69c,
69c0f30dba45a970c47169,
69ce1a8cf9f99209b6cf2b7,
69ce1a8cf09b6cf2ac,
69ce1a8cff99209b6cf2b3,
69ce1a8cff99209b6cf2a9,
69ce1a8cff99209b6cf2ae,
69ce1a8cff9f99209b6cf2b4,
69ce1a8cff9f99209b6cf2b2,
69ba54dc47625b519ea256,
69cf7f4c722f3f9dae80c5,
69ce1a8cf99209b6cf2b1,
69ce1a8cf99209b6cf2b6,
69c767cea7d3fbb38d2b88,
69ce3e5aac8c3be2e7e75c,
69b946d8b9f0c244de5576fa,
69c21013b45a970c635bf,
69c3ce3aa19fd050b2060a,
69c26d4a4268c3c1b3a695,
69ce3e5aa15c8c3be2e7e759,
69c20aadbeea45a970c61ffb,
69c20aadba45a970c62011,
69d356509fe9152faa5bdda,
69c3ce3aa19fd050b2060e,
69ce1a8cf9f99209b6cf2b5,
69ce1a8cff99209b6cf2a7,
69bd3ac0272a9b530ce940,
69be25c9272a9b530dc057,
69c61aaa1adff1b9e4c9b7,
69b53ebba25d28d31b5548,
69c61ac414badff1b9e4caf6,
69b3c6dd952b0d31d7dd4e,
69b3c6dd9a152b0d31d7dd6d,
69c61aaa14badff1b9e4c9a2,
69b3c6dd9a152b0d31d7dd51,
69b53e9ba5d28d31b53fa,
69c61ac41adff1b9e4cafd,
69ccce32ff99209b697ca0,
69b3c6dd9a152b0d31d7dd58,
69b53e9ba25d28d31b53ea,
69b3c6dd952b0d31d7dd68,
69b53e9ba25d28d31b53f6,
69b53e9ba225d28d31b53f2,
69c625fa1adff1b9e541cd,
69ce3e73a5c8c3be2e7e85a,
69c61a711adff1b9e4c838,
69ce1a8cff9f99209b6cf2b0,
69ccc547f9f99209b697019,
69c0c317ba45a970c41682,
69c654631adff1b9e6bb66,
69a97415945c5b285a3279,
69c20aadbea45a970c61ffa,
69ae49d07d8cba6a19bae9,
69c0fd06bea45a970c4886d,
69d356509fe9152faa5bde8,
69c22bf819bc3c08c57800b,
69c7b2c47dd20a8569cc14,
69c7b2c47b9dd20a8569cc23,
69d3560897fe9152faa5bb93,
69bd3ac0272a9b530ce921,
69c6525f1adff1b9e6b28d,
69c6525f14badff1b9e6b28c,
69c653f51adff1b9e6b97e,
69d356629e9152faa5bf9b,
69c61ac41adff1b9e4cafe,
69c0f30dbeea45a970c47162,
69d356509e9152faa5bdeb,
69ccec0bf9f99209b69fb7f,
69ccc4c8ff9f99209b696d44,
69c4e191a819fd050b39dca,
69c20aadb45a970c6200f,
69b53ebba6225d28d31b553f,
69b3c6dd9a152b0d31d7dd6b,
69b53ebba6225d28d31b554a,
69c61ac41badff1b9e4caf5,
69c61ac41ff1b9e4cb01,
69c676131adff1b9e7523a,
69c61aaa1adff1b9e4c9b4,
69c3ec90a19fd050b29195,
69c22bf81bc3c08c578009,
69b7a64ca25d28d31c3c98,
69ce3e73ac8c3be2e7e859,
69be25c9272a9b530dc052,
69ae4a367d8cba6a19bbe3,
69be9aa8beea45a970c313c9,
69be25b422a9b530dbefe,
69be25b422f72a9b530dbf18,
69c103f8ba45a970c494b4,
69be25b4272a9b530dbf1b,
69c619d51badff1b9e4c3a8,
69c619d514badff1b9e4c3b3,
69c619d514badff1b9e4c3a7,
69be25b4272a9b530dbf1a,
69be25b422a9b530dbefa,
699023c701d92d9798f2d,
69be25b4272a9b530dbf0a,
69c103f8b45a970c494ad,
69cd0f3bf99209b6b4121,
69cd1f35f99209b6bae57,
69be9aa8ba45a970c313cf,
69c103f8ba45a970c494ae,
69be25b4272a9b530dbf20,
69c619d514badff1b9e4c396,
69c619d51adff1b9e4c3a9,
69c619d514badff1b9e4c3aa,
69c619d514badff1b9e4c393,
69ba700e47625b519ed31b,
69ba700e47625b519ed318,
69c61a351adff1b9e4c624,
69c61a3514badff1b9e4c628,
69c61a351adff1b9e4c62b,
69a7e0db93145c5b2857be71,
699ea5fac926fc0fe8587e2b,
69b5391da25d28d31b4103,
69b5391da25d28d31b4100,
69c0fcccbeea45a970c487b0,
69c26c67468c3c1b3a2c3,
69c26d4a41268c3c1b3a69d,
69b0060d03bddb8527fdc9,
69c22bf8129bc3c08c578006,
69b793d6a5d28d31c13f1,
69b7eccca6225d28d31cd6dc,
69be25b4272a9b530dbf1f,
69c20c40bea45a970c62613,
69c68a1c1adff1b9e79047,
69cccd49ff9f99209b69792b,
69c61a351adff1b9e4c62c,
69c61a351badff1b9e4c625,
69c61a3514badff1b9e4c626,
69c61a3514badff1b9e4c61f,
69c0fd06ba45a970c4886c,
69b7b1c2a6225d28d31c5365,
69c26c67468c3c1b3a2b9,
69c20f8bbeea45a970c63163,
69c20f8bba45a970c6316a,
69c6178714badff1b9e4b836,
69bfaa8aba45a970c3e826,
69b7b1e5a6225d28d31c5514,
69c0d49eba45a970c43f76,
69c20f8bbea45a970c63162,
69b7b1c2a6225d28d31c5360,
69ae4a367d8cba6a19bbcd,
69c0d49ebea45a970c43f85,
69c61a351dff1b9e4c630,
69c658a11adff1b9e6cbf5,
69c26c67421268c3c1b3a2bd,
69c658a114badff1b9e6cbf6,
69ac092e7d8cba6a19a562,
69b7b1c2a225d28d31c535d,
69b7b1c2a25d28d31c5346,
69c26c67421268c3c1b3a2c5,
69b12add03bddb852824e6,
69c619d51badff1b9e4c38e,
69bbb06b090966d869d5823,
69c658a11adff1b9e6cbfc,
69c6771c1badff1b9e75ce3,
69c26d4a4268c3c1b3a698,
69a2d1c5945c5b2854e3be,
69c0fd06ba45a970c48870,
69c26c6741268c3c1b3a2c4,
69c61a3514badff1b9e4c621,
69c61a351dff1b9e4c62a,
69c61a351adff1b9e4c623,
69c61a3514badff1b9e4c631,
69c617871badff1b9e4b83c,
69ba54dc4625b519ea24f,
69b7b1e5a25d28d31c5511,
69bcd503d795f08eb499b910,
69b7b1c2a25d28d31c535c,
69c0e4c7b45a970c46049,
69c20f8bb5a970c63169,
69c20f8bbeea45a970c63167,
69a2d1c5945c5b2854e3b7,
69b7eccca25d28d31cd6ec,
69bcd503d795f08eb499b90c,
69c26c674268c3c1b3a2bb,
69a97415945c5b285a3274,
69c26c6741268c3c1b3a2c8,
69ba54dc47625b519ea250,
69b7b1c2a6225d28d31c5359,
69b537cca25d28d31b3f65,
69b7eccca25d28d31cd6db,
69c68a1c14badff1b9e79049,
69a7d6db945c5b2857b9c4,
69a7e0db945c5b2857be70,
69b7a49ea25d28d31c3638,
69c68a3d14badff1b9e7911d,
69b7a49ea25d28d31c3633,
69bfaa8aba45a970c3e828,
69b7b1e5a25d28d31c550b,
69b7b1c2a225d28d31c5363,
69c26c674268c3c1b3a2ba,
69bcd503d5f08eb499b912,
69bcd503d5f08eb499b914,
69cb50aef9f99209b6523bf,
69cccd49f99209b697930,
69ce3e5aa5c8c3be2e7e752,
69d0a0609e9152fa9e8351,
69c229ecbea45a970c66d39,
69b7bd71a225d28d31c5bfc,
69cf51057cd22f3f9dadee72,
69cf7ff07cd22f3f9dae824f,
69cf51057d22f3f9dadee73,
69cf51057cd22f3f9dadee79,
69cf5105722f3f9dadee7c,
69b7bd71a225d28d31c5bf5,
69d0a0609fe9152fa9e835f,
69ce3e12a8c3be2e7e49c,
69ccc4c8ff9f99209b696d42,
69ba87affc2b245d4159d700,
69c79bd1a077d3fbb3900542,
69b12add05b3bddb852824dd,
69d399982614366a5d8867b0,
69d3999824366a5d8867aa,
69d399982614366a5d8867ae,
69d3560897fe9152faa5bb91,
69cf51057d22f3f9dadee91,
69cf51057cd22f3f9dadee71,
69c7b2c479dd20a8569cc18,
69c3ec44a19fd050b29079,
69d0a0609e9152fa9e833a,
699ea4c2c926fc0fe8587250,
69d0a06099152fa9e833b,
69c20af8ba45a970c621ae,
69c20af8bea45a970c621b0,
69c79bd1a7d3fbb390053b,
69cb8b03f9f99209b6610c6,
69ccce32ff9f99209b697caa,
69d0a06097fe9152fa9e8350,
69d356089e9152faa5bb8e,
69ccec0bff99209b69fb75,
69c617871adff1b9e4b84c,
69ccc547ff9f99209b697020,
69d340979e9152faa57dda,
69ce24d6ff99209b6d1f2a,
69ba87affb245d4159d6ee,
69c20aadba45a970c61ff4,
69cccd49f99209b69792c,
69c676761adff1b9e75941,
69ccc547ff99209b697018,
69c20aadba45a970c62000,
69c20aadbeea45a970c62006,
69c20aadbeea45a970c6200a,
69bbb06b0966d869d581b,
69c0fd1dba45a970c4894c,
69cf7fda722f3f9dae820e,
69ba54c74625b519ea16e,
69ccc547f9f99209b69702e,
69c20aadbeea45a970c62001,
69c767cea77d3fbb38d2b8a,
69c20aadba45a970c62013,
69a413d8945c5b28552d10,
69c20aadbeea45a970c6200e,
69c20aadba45a970c62001,
69a284b0aecd5436f71792,
69b7e886a6225d28d31cca17,
69d0ee3697fe9152fa9fd72b,
69ce24d6ff99209b6d1f2c,
69c0fd1dba45a970c4895d,
69c7d9297dd20a856a623a,
69ae49d07d8cba6a19baf1,
69cb6b83ff9f99209b65a891,
69d0a0609fe9152fa9e834c,
69c103f8ba45a970c494c3,
69ccc4f0ff99209b696dea,
69c0fd06ba45a970c48864,
69be9aa8ba45a970c313cc,
69ce1b32ff99209b6cf931,
69c60a831adff1b9e42e76,
69c20af8ba970c621ad,
69cf5105722f3f9dadee6d,
69ce3e12ac8c3be2e7e49a,
69d0a0609e9152fa9e834d,
69d0a0609e9152fa9e834e,
69d0a0609fe9152fa9e834b,
69cf5105722f3f9dadee6f,
699ea387c926fc0fe85863f6,
699ea387c926fc0fe85863f7,
69d0a06097fe9152fa9e835b,
69ccc547f99209b697016,
69be9aa8ba45a970c313c8,
69ccc4c8ff99209b696d38,
69b1192103bddb85281421,
69c0f342ba45a970c473ea,
69c0f342bea45a970c473f8,
69c0f342ba45a970c473ea,
69cb6c55ff9f99209b65acd1,
69cb6c55ff99209b65acd7,
69cb7866f99209b65de36,
69ccc4c8ff99209b696d3f,
69ccec0bff99209b69fb76,
69d0a0609e9152fa9e8361,
69c0f342ba45a970c473e9,
69c0f342bea45a970c473f4,
69c0f342ba45a970c473f6,
69c0f32cba45a970c472c7,
69cb6c55ff9f99209b65acc4,
69a413d893145c5b28552d01,
69cb6c55f9f99209b65acd4,
69c0f342ba45a970c473f8,
69c77edda077d3fbb38ee6b7,
69ca413a0ab7021c82e50ede,
69c21336ba45a970c641df,
69b3c8bf9a152b0d31d7dfce,
69cb6c55ff99209b65acce,
69cb6c55ff9f99209b65ace3,
69cb6b83f9f99209b65a8b0,
69c77edda3fbb38ee6b5,
69c767cea7d3fbb38d2b86,
69d0a0609e9152fa9e8353,
69c61d3d14badff1b9e4d70c,
69a97530945c5b285a35bd,
69cb6b83ff99209b65a8a7,
69ce3e73a15c8c3be2e7e866,
69c609851dff1b9e4273f,
69cd09f2ff9f99209b6b30d6,
69ce1b32f99209b6cf922,
69cb6c55ff9f99209b65ace5,
69cb6c55ff9f99209b65ace7,
69ce1b32ff9f99209b6cf918,
69c609851adff1b9e42744,
69c61d3d1adff1b9e4d705,
69c617871adff1b9e4b853,
69cb6c55ff9f99209b65acdb,
69cb6c55ff9f99209b65accf,
69cb6c55ff9f99209b65acd3,
69b7e886a25d28d31cc9f4,
69ca0d909fe45c0c5924d5bd,
69ce24d6f99209b6d1f2d,
69ce1b32f9f99209b6cf91c,
69a97530945c5b285a35b9,
69d399e724366a5d886b20,
699aa55d483baeaf6e57a44,
699aa55d43baeaf6e57a20,
699aa55d4583baeaf6e57a24,
699aa55d4aeaf6e57a4e,
69d399982614366a5d8867ad,
69d399982366a5d8867ab,
69a975309145c5b285a35b7,
69c21336ba45a970c641dc,
69d356089e9152faa5bb92,
69d0a0609e9152fa9e833d,
69ca0d90945c0c5924d5be,
69c0f342ba45a970c473e3,
69bd19764d6d957376ec77,
69b12b3903bddb8528258a,
69cd09f2ff9f99209b6b30d7,
69bce234d795f08eb499da9f,
69be84b5ba45a970c28bf3,
69c7b2c47dd20a8569cc15,
69a403809145c5b285518f8,
69d356089fe9152faa5bb96,
69d356089e9152faa5bb92,
69c617871dff1b9e4b847,
69c0f342ba45a970c473ee,
69ce3e73ac8c3be2e7e85c,
69b94707b0c244de55782b,
69c4d7eda19fd050b37d85,
69bd19764d6d957376ec6c,
69b12b3905b3bddb8528258c,
69ce3e73ac3be2e7e86b,
69cd09f2ff9f99209b6b30d5,
69ccc547ff99209b69702d,
69b12abd05b3bddb85282457,
69ccc4f0f99209b696ded,
69cb8b03ff9f99209b6610ca,
69ce1a27f9f99209b6cef51,
69cb6b83ff99209b65a8b4,
69cb525eff99209b65280d,
69ce3e73a5c8c3be2e7e85f,
69c20af8beea45a970c621b2,
699ea387c6fc0fe85863fa,
69d399982614366a5d8867af,
69c617481badff1b9e4b64b,
69c6174814badff1b9e4b64d,
69c617871adff1b9e4b844,
69c103f8ba45a970c494ac,
69cd09f2ff99209b6b30d1,
69c7bde979dd20a856a0405,
69c20e56bea45a970c62df9,
69c20af8beea45a970c621aa,
69a4148a945c5b28552dfc,
69cccd49f99209b697932,
!69c20e56bea45a970c62df1,
69cb6c55ff9f99209b65acd5,
69c767cea7d3fbb38d2b87,
69b7b1c2a6225d28d31c535f,
69cd09f2f9f99209b6b30ce,
699aa55d4baeaf6e57a58,
69ccc4f0ff99209b696df2,
69c617871adff1b9e4b84b,
69cf9ae29e9152fa9d3bd6,
69be84b5beea45a970c28bde,
69c767a2a077d3fbb38d2848,
69b3c73c952b0d31d7de07,
69cb6c55f99209b65ace1,
69cb6c55ff99209b65ace2,
69c20af8beea45a970c621ab,
69cb6b83ff99209b65a8b7,
69c65f1a1badff1b9e6e1d4,
69b7bd71a6225d28d31c5bfa,
69cb6b83ff9f99209b65a892,
69be24fb272a9b530dbca1,
69cb6c55f99209b65acdd,
69be24fb22f72a9b530dbcb0,
69be24fb2f72a9b530dbcb0,
69ca0da7945c0c5924d62d,
69c7b2c47dd20a8569cc16,
69b7e886a225d28d31cc9fd,
69be24fb2f72a9b530dbcaa,
69c20af8ba45a970c621af,
69c20af8beea45a970c621b3,
699aa55d43baeaf6e57a45,
69b7bd71a25d28d31c5c01,
69c39504a9fd050afa1ba,
69c7be4c7b9dd20a856a075f,
69b787e7a25d28d31c07db,
69ce24d6ff99209b6d1f29,
69c617871adff1b9e4b84d,
69b94707b0c244de557830,
69ce3e73ac8c3be2e7e861,
69ca40040ab7021c82e50ce3,
69c619d51f1b9e4c397,
69be24c1272a9b530dbb86,
69be25c922f72a9b530dc064,
69be25c922f72a9b530dc05d,
69be25c922f72a9b530dc056,
69bd19764d6d957376ec68,
69ce3e73ac8c3be2e7e85b,
\69be25c9272a9b530dc063,
69be25c922f72a9b530dc04d,
69be25c9272a9b530dc05a,
69be25b4272a9b530dbf09,
69be25c9272a9b530dc061,
69c0f32cba45a970c472cc,
69a973f4945c5b285a31f4,
69b12b3905b3bddb85282590,
69c79bd1a7d3fbb3900545,
69c619d51adff1b9e4c3b1,
69ce1743ff99209b6cde63,
69be24fb272a9b530dbcb9,
69ca0da7945c0c5924d62e,
69ca0da79fe45c0c5924d636,
69ca0da79e45c0c5924d62b,
69cb5041ff99209b652276,
69c767a2a077d3fbb38d2847,
69b7eccca225d28d31cd6f7,
69c767a2a7d3fbb38d2845,
69ae4a36777d8cba6a19bbd5,
69b7eccca6225d28d31cd709,
69b946d8b0c244de5576ea,
69ba544d47625b519ea010,
699bd61643baeaf6e67f5b,
69cb5041f9f99209b652279,
69b50102be0ce216017e94bb,
69b946d8b0c244de5576df,
69a413d8945c5b28552d0f,
69bb70f8e1365f8def73e6,
69bcf185500e0993b26cc71a,
69ccc4f0ff9f99209b696de7,
69a3f96c93145c5b28550e14,
69ce1a74f9f99209b6cf1c2,
69c619d51adff1b9e4c3a5,
69c0fd1dbea45a970c48946,
69996a0a43baeaf6e48bc6,
69c7b2c479dd20a8569cc13,
69cb6b83f9f99209b65a8a8,
69cd09f2f9f99209b6b30d3,
69ce1b32ff9f99209b6cf91b,
69c0f342beea45a970c473ff,
69cb6c55ff9f99209b65acd9,
69ba544d4d47625b519ea01c,
69ce2521ff9f99209b6d2065,
699ea796c926fc0fe8588e97,
69cd09f2ff99209b6b30d4,
69d4da33b89662732f7f1a22,
69c6178714badff1b9e4b841,
69a3f8b29145c5b28550d83,
69ba544d47625b519ea013,
69ccccfdff9f99209b6977a0,
69c0fd1dbeea45a970c48949,
69ba544d47625b519ea017,
69ccc4c8ff99209b696d3b,
69be24fb22f72a9b530dbca2,
69be24fb2f72a9b530dbc9b,
69bcf1855e0993b26cc72f,
69ca607cff9f99209b6480ac,
69a3f96c945c5b28550e13,
69b787e7a25d28d31c07e1,
69ca40040b7021c82e50cdf,
69cb6c55ff99209b65acc7,
69b7bd71a225d28d31c5bed,
69b946d8b0c244de5576ec,
69bcf185500e0993b26cc723,
69be25b42f72a9b530dbf0c,
69ca607cf9f99209b6480ac,
69b946d8bf0c244de5576e6,
69ba544d4d47625b519ea014,
69c617871adff1b9e4b830,
699aa55d4583baeaf6e57a0b,
69b94707bf0c244de557831,
69cb6c55ff9f99209b65acda,
69cb6c55ff9f99209b65acc8,
69d0a07797fe9152fa9e8498,
69ccc547ff99209b69703c,
69cd0ef5ff9f99209b6b3f49,
69b8d4a5a25d28d31d3732,
69c6174814badff1b9e4b655,
69c617871adff1b9e4b842,
69cb6b83ff9f99209b65a8aa,
69cd0ef5ff99209b6b3f43,
69c7d9957dd20a856a6325,
699aa55d43baeaf6e57a4d,
69be24fb272a9b530dbca5,
69c7d5bc7dd20a856a5b61,
69c0fd1dbeea45a970c4895e,
69ba6f1947625b519ed262,
69d0a0779e9152fa9e84a1,
69c20d78ba45a970c62b04,
69c20d78ba45a970c62b0f,
69b7bd71a25d28d31c5c08,
69c61d3d1badff1b9e4d708,
69be24fb272a9b530dbca9,
69ce2521f9f99209b6d2066,
69d356089fe9152faa5bb90,
69b7ecccad28d31cd6e6,
699aa55d43baeaf6e57a4b,
69ce3e5aa15c8c3be2e7e74b,
69c4d285a7819fd050b36179,
69c4d285a9fd050b36171,
69c617871adff1b9e4b855,
69ba6f194d47625b519ed268,
69c4d285a7819fd050b3617c,
69a3f8b29145c5b28550d81,
69c20af8bea45a970c621a4,
69be25c922a9b530dc066,
69ca0da7945c0c5924d63d,
69be25c9272a9b530dc060,
69b7eccca225d28d31cd6f9,
69cd0f3bff99209b6b412d,
69cd0f3bff9f99209b6b412c,
69be24fb272a9b530dbc9c,
69b7eccca25d28d31cd6f8,
69c0fd1dbeea45a970c48956,
69cd0f3bff99209b6b4131,
69c619d514badff1b9e4c3a6,
69be25c9272a9b530dc065,
69be25c922f72a9b530dc062,
69c653f51adff1b9e6b97b,
699aa55d43baeaf6e57a22,
69b1165905b3bddb852811d7,
699aa55d483baeaf6e57a36,
699aa55d4baeaf6e57a05,
699aa55d483baeaf6e57a08,
69a91d3f945c5b285a0303,
69ba6e3a4d47625b519ed0a2,
699aa55d43baeaf6e579f1,
69c653f51adff1b9e6b989,
69c61d3d1badff1b9e4d70b,
699bd52943baeaf6e67a7a,
69bcd503d5f08eb499b911,
69abee72777d8cba6a1994ef,
69ca400407021c82e50ce0,
69a1991ca7ecd5436f6e9c3,
69bd52e622f72a9b530d5808,
69a91d3f93145c5b285a0311,
69a91d3f945c5b285a0314,
69c0c3bfbea45a970c41928,
699aa55d43baeaf6e57a0a,
69bce214d5f08eb499d9b3,
699aa55d483baeaf6e579ff,
69ca400407021c82e50cdc,
69cf7ff0722f3f9dae8250,
69bd3ac022f72a9b530ce933,
69be84b5bea45a970c28bfb,
69b0e7ff05b3bddb8528060c,
69c66c9b1adff1b9e72d2a,
69c65f1a1adff1b9e6e1da,
69bb70f8e1365f8def73de,
69b537cca5d28d31b3f6a,
69bd52e622f72a9b530d5811,
699aa55d43baeaf6e57a12,
699aa55d4583baeaf6e57a12,
699aa55d4583baeaf6e57a41,
699aa55d4583baeaf6e57a03,
699aa55d43baeaf6e57a1c,
69a9789793145c5b285a38ee,
69a19936a7ecd5436f6ea04,
69c687d214badff1b9e7845f,
69c20bc0bea45a970c62386,
69c3db54a7819fd050b24448,
69cdf782f9f99209b6c7471,
69ba54c747625b519ea174,
69a3fd0293145c5b285513cf,
69c4f4b20b0fee62da925a,
69ba54c747625b519ea175,
69bcf18550e0993b26cc740,
699aa55d43baeaf6e57a04,
69c7b2c47dd20a8569cc0b,
69c66c9b1badff1b9e72d29,
699aa55d43baeaf6e57a06,
69c617871adff1b9e4b843,
699aa55d43baeaf6e57a0c,
69b5668ca25d28d31be632,
69ba7dc0f2b245d4159b397,
69a4155b945c5b28552f56,
69c61ac41badff1b9e4caf9,
69a91d3f93145c5b285a031f,
69ca4b940b7021c82e529f5,
69a284b0a7ecd5436f71796,
69be84b5bea45a970c28bef,
69c619d51adff1b9e4c39d,
69bcf18550e0993b26cc738,
69b7b1c2a25d28d31c535e,
699aa55d483baeaf6e57a39,
699aa55d4583baeaf6e57a1d,
699aa55d4583baeaf6e57a10,
69ca607cff9f99209b6480b8,
69ca4b9407021c82e529f4,
69b7956da225d28d31c1885,
69a8266b945c5b2857fbc0,
69cf80167d22f3f9dae834c,
69c0fd06ba45a970c48871,
69c658a11badff1b9e6cbfa,
69c26c674268c3c1b3a2b6,
69c61ac41adff1b9e4cb03,
69cdf782ff99209b6c7464,
69c619d51adff1b9e4c3b4,
69c619d51adff1b9e4c3b2,
69ba700e47625b519ed319,
69cd0f3bf9f99209b6b4122,
699aa55d43baeaf6e57a27,
69d0a06097fe9152fa9e8352,
69d0ee369fe9152fa9fd724,
69be25b4272a9b530dbf0e,
69be84b5beea45a970c28bf0,
69afe4100b3bddb8527e68c,
699aa55d483baeaf6e57a30,
699aa55d43baeaf6e57a13,
69ccec0bff99209b69fb73,
699aa55d43baeaf6e57a1e,
69c20d78bea45a970c62b09,
69bcf18553b26cc72c,
699aa55d43baeaf6e57a37,
69c68ac61adff1b9e793f5,
69c658a11adff1b9e6cbf1,
69cb7866ff99209b65de32,
69c619d51adff1b9e4c398,
699aa55d43baeaf6e57a23,
699aa55d483baeaf6e579fe,
699aa55d4583baeaf6e57a33,
699aa55d4583baeaf6e57a3a,
69b7b1e5a25d28d31c550e,
69ce254eff9f99209b6d21d6,
69b7b1e5a225d28d31c551b,
69c1392fbeea45a970c57ae5,
69ce254eff99209b6d21e3,
69ce254eff99209b6d21e2,
69b0e7ff05b3bddb85280601,
69c689cd1badff1b9e78e8b,
69ca4b9407021c82e52a02,
69c658a11adff1b9e6cbea,
69bcd503d95f08eb499b921,
69c61ac41badff1b9e4caf3,
69c619d51adff1b9e4c390,
69c619d514badff1b9e4c3a0,
69c619d514badff1b9e4c3a2,
69a97909945c5b285a3951,
69a56191945c5b285787f1,
69a4155b945c5b28552f54,
69ba6e3a47625b519ed09b,
69c0fcccbea45a970c487b4,
69c660d31adff1b9e6e964,
69c61ac41adff1b9e4cafb,
69afe3ee0b8527e640,
69cd0f3bf9f99209b6b412b,
69c658a11adff1b9e6cbf0,
69c658a114badff1b9e6cbed,
69c658a11adff1b9e6cc00,
69bbb0450966d869d5714,
69d0ac069fe9152fa9eadb7,
69ca4b940b7021c82e52a03,
69c619d51adff1b9e4c38f,
69b946d8b0c244de5576fb,
69ba54c747625b519ea173,
69a1991caecd5436f6e9c5,
699aa55d4583baeaf6e579fd,
69c106c8bea45a970c49b5d,
69b5668ca25d28d31be63a,
69a97897945c5b285a38e5,
69c6525f14badff1b9e6b28f,
69c619d514badff1b9e4c3b0,
69ca4b9407021c82e529f2,
69b1165903bddb852811d9,
69b51f04ecee26efe02b28,
69c0c331beea45a970c4171e,
69b7a64ca25d28d31c3c9a,
69d4926224366a5d8afe86,
69be84b5ba45a970c28bee,
69c279a94268c3c1b3d309,
69c0c331ba45a970c41719,
69bd52e6272a9b530d5819,
69cfb30d9fe9152fa9dac0c,
69ca4b940b7021c82e52a00,
69d4db26b89662732f7f2446,
69bd19764d6d957376ec7e,
69b51f04ebcee26efe02b21,
69ca4b9407021c82e529f6,
69c654631adff1b9e6bb6d,
69d0ac069e9152fa9eadbe,
69c12545ba45a970c51706,
69cdf782f9f99209b6c7458,
69ca40bf0b7021c82e50e38,
69c652f21badff1b9e6b4d2,
69c0fd1dbeea45a970c48955,
69a91d8a945c5b285a03df,
69c20ff6ba45a970c63512,
69d4db26b89662732f7f2442,
69a7c655945c5b2857b596,
69d0c84a9e9152fa9f2b73,
69c619d51adff1b9e4c39e,
699aa55d43baeaf6e57a35,
699e9eb9c26fc0fe8582727,
69bbb06b00966d869d5820,
69bd19764d6d957376ec69,
69be967abea45a970c2f406,
69c4e191a819fd050b39dd8,
69c11e04ba45a970c4f35d,
69ccce32ff99209b697ca1,
69bd19764d6d957376ec64,
699bd52943baeaf6e67a7e,
69bbb0450490966d869d571e,
69c617871adff1b9e4b854,
69c619d51adff1b9e4c392,
69abebbb7d8cba6a199267,
69c0fd1dbeea45a970c48955,
69cdf782ff9f99209b6c746a,
69a11873717942502215a11,
69be25b422f72a9b530dbefb,
69be25b422f72a9b530dbf17,
69ccce32ff99209b697cb5,
69d3409797fe9152faa57dd9,
69c61a351badff1b9e4c633,
69c68ac61adff1b9e793f3,
69d340979e9152faa57df4,
69c0e4c7b45a970c46057,
69bbb0450490966d869d571d,
69ca4b9407021c82e529f0,
69c61a351adff1b9e4c63f,
69bbb06b0966d869d582a,
69ccec0bff99209b69fb72,
69d09e6c97fe9152fa9e7d71,
69c6881e1adff1b9e78556,
69ca418b0ab7021c82e50f79,
69b7956da25d28d31c1882,
69c765dda7d3fbb38d1a25,
69a4155b945c5b28552f4f,
69c103f8bea45a970c494bb,
69ba6f1947625b519ed269,
69c210beba45a970c63808,
69b94707b0c244de55782d,
69ca607cf9f99209b6480bd,
69c757f9a077d3fbb38ce581,
69c61a7114badff1b9e4c855,
69c619d51badff1b9e4c3ad,
69c619d514badff1b9e4c394,
69c765dda077d3fbb38d1a22,
69a7c6559145c5b2857b595,
69c654631adff1b9e6bb6a,
69ba6f1947625b519ed269,
69c61ac41adff1b9e4caf1,
69a40ff8945c5b28552168,
69bd3ac02f72a9b530ce93b,
69cd0f3bff99209b6b412f,
69ccce32ff9f99209b697cb1,
69b53ebba25d28d31b5538,
69c658a11adff1b9e6cbf7,
69cb7866ff99209b65de34,
69d0ee369e9152fa9fd732,
69bbb06b00966d869d582d,
69bcd503d5f08eb499b91f,
69b92fcc637f93f422f94fd,
69a7c655945c5b2857b591,
69c6777a14badff1b9e75d86,
69cdf782ff99209b6c7463,
69bcd503d5f08eb499b915,
69ccec0bff99209b69fb79,
69c4e191a19fd050b39dd9,
69c0c331ba45a970c41718,
69cdf782f9f99209b6c7472,
69a91d8a93145c5b285a03e0,
69c1190cba45a970c4d024,
69c1190cbeea45a970c4d01e,
69c1190cbeea45a970c4d01d,
69c11e04bea45a970c4f35f,
69c1190cba45a970c4d026,
69bbb4c100966d869d5f5f,
69a91d8a93145c5b285a03ef,
69c1190cbea45a970c4d022,
69c1190cba45a970c4d019,
69c1190cba45a970c4d020,
69c1190cbea45a970c4d01b,
69c1190cbea45a970c4d016,
69c1190cba45a970c4d025,
69c1190cbeea45a970c4d017,
69c1190cbeea45a970c4d01c,
69c11e04beea45a970c4f350,
69bbb4c100966d869d5f57,
69c1190cbeea45a970c4d015,
69cccebdff9f99209b697ef0,
69cccebdf9f99209b697ef6,
69bd197646d957376ec7b,
69bbb06b0966d869d5814,
69be967abea45a970c2f40d,
69d0c84a9e9152fa9f2b79,
69c0c331ba45a970c41720,
69bbb6c200966d869d61fe,
69c0c331bea45a970c41726,
69cccebdff99209b697efd,
69be25b4272a9b530dbf14,
69c4e191a19fd050b39dda,
69b92fcc6337f93f422f94ff,
69b92fcc67f93f422f94eb,
69a7c6559145c5b2857b58e,
69d0c84a9e9152fa9f2b77,
69c11e04ba45a970c4f35e,
69c11e04beea45a970c4f34c,
69ccce32ff99209b697cac,
69d340979e9152faa57e10,
69d0ee369e9152fa9fd72a,
69ce24d6ff99209b6d1f35,
69d09e6c9e9152fa9e7d70,
69c61aaa14badff1b9e4c9b1,
69bd19764d6d957376ec6d,
69c0c3bfba45a970c41923,
69c0c3bfb45a970c41926,
69c1190cba45a970c4d014,
69ba87affb245d4159d6f6,
69ccce32f99209b697cab,
69cccebdff99209b697ef5,
69c0c331beea45a970c4171d,
69c0c331ba45a970c4171f,
69cccebdf9f99209b697ef8,
69ccce32ff9f99209b697cae,
69bd19764b4d6d957376ec80,
69bbb06b090966d869d5829,
69be25b422f72a9b530dbf04,
69c0c331ba45a970c41724,
69ca4b940b7021c82e52a05,
69cccebdf9f99209b697eef,
69cccebdff9f99209b697f03,
69cccebdff99209b697ef1,
69bd3ac02f72a9b530ce935,
69d0ee369e9152fa9fd72d,
69b7eccca25d28d31cd6d4,
69b537cca25d28d31b3f67,
69cccebdff9f99209b697efe,
69c0c331ba45a970c4172a,
69cccebdf9f99209b697f02,
69bd19764d6d957376ec6e,
69aa86a793145c5b285a56f7,
69aa86a7945c5b285a570c,
69aa86a79145c5b285a56fc,
69a4148a945c5b28552e02,
69a4148a93145c5b28552e05,
69a3fed093145c5b28551534,
699d9f7fc926fc0fe856d8fd,
69abec4d777d8cba6a1992fd,
699d9f7fc926fc0fe856d8f9,
69a3fed0945c5b28551531,
69a4148a93145c5b28552df6,
69aa86a79145c5b285a5707,
69aa86a793145c5b285a5711,
69aa86a793145c5b285a56f9,
69a8141a93145c5b2857d765,
69aa86a79145c5b285a5708,
69aa86a79145c5b285a56f8,
69aa86a7945c5b285a56f4,
69a4148a945c5b28552e04,
69a4148a945c5b28552df5,
699ea16ec926fc0fe8585254,
699ea16ec6fc0fe8585250,
69ac092e7d8cba6a19a55f,
69c66c301adff1b9e72849,
69ac092e777d8cba6a19a55e,
69a4153193145c5b28552ef7,
69aacbc993145c5b285a6bec,
69aacbc993145c5b285a6bea,
69aacbc993145c5b285a6be5,
69a19697a47ecd5436f6e67c,
69a19697a47ecd5436f6e67d,
69aacbc993145c5b285a6bf5,
69a9790993145c5b285a395f,
69aacbc9945c5b285a6be8,
69aacbc993145c5b285a6bee,
69aacbc993145c5b285a6be4,
69a4153193145c5b28552ef5,
69abec4d777d8cba6a199300,
69ae49a3777d8cba6a19ba35,
69a4153193145c5b28552efc,
69abec4d777d8cba6a199305,
69abce41fa5079b77a5f3fe2,
69aacbc993145c5b285a6bde,
69aacbc993145c5b285a6bdc,
69aacbc993145c5b285a6be9,
69a9790993145c5b285a3960,
69aacbc993145c5b285a6bfb,
69aacbc99145c5b285a6bff,
69a4148a93145c5b28552dff,
69a4148a93145c5b28552df9,
699d9f7fc6fc0fe856d8f5,
69a3fed093145c5b28551532,
69a7f97e93145c5b2857c8a4,
69a7f97e945c5b2857c8a6,
69a7f97e93145c5b2857c8a5,
69a7f97e93145c5b2857c8a7,
69a7f97e93145c5b2857c8a8,
69a7f97e93145c5b2857c8aa,
69a7f97e93145c5b2857c8ab,
69a7f97e9145c5b2857c8a9,
69a7f97e93145c5b2857c8b1,
69a7f97e93145c5b2857c8b0,
69abce41f5079b77a5f3fdf,
69abce41fa5079b77a5f3fdb,
69abce41fa5079b77a5f3fdd,
69aacbc993145c5b285a6bfc,
69aacbc993145c5b285a6bf8,
69aacbc993145c5b285a6be3,
69aacbc993145c5b285a6bed,
69aacbc993145c5b285a6bf4,
69aacbc993145c5b285a6beb,
69ae497a777d8cba6a19b9dd,
69aacbc993145c5b285a6be0,
69aacbc993145c5b285a6be1,
69ae497a777d8cba6a19b9da,
69ae497a777d8cba6a19b9dc,
69ae497a7d8cba6a19b9c9,
69a1980fa47ecd5436f6e7e8,
69a1980fa47ecd5436f6e7e7,
69a4153193145c5b28552ef6,
69a8269293145c5b2857fbf9,
69a8269293145c5b2857fbf6,
69a8269293145c5b2857fbf8,
69a3fdd293145c5b28551484,
69a3fdd293145c5b28551485,
69a8269293145c5b2857fbfa,
69a975309145c5b285a35b2,
699aafd84583baeaf6e5f742,
699aafd84583baeaf6e5f741,
69a97530945c5b285a35b8,
69a9753093145c5b285a35b3,
69a9753093145c5b285a35b4,
69a9753093145c5b285a35b1,
69a9753093145c5b285a35be,
69a9753093145c5b285a35c1,
69b1276805b3bddb85281e42,
69b1276805b3bddb85281e28,
69b1276805b3bddb85281e41,
69aacbc9945c5b285a6be7,
69aacbc993145c5b285a6bdb,
69a97530945c5b285a35b5,
69aacbc993145c5b285a6be6,
69aacbc993145c5b285a6bda,
69aacbc993145c5b285a6be2,
699da719c6fc0fe856e827,
69a9753093145c5b285a35b8,
69a4153193145c5b28552efb,
69a2e0f19854f4ac,
69ae6ef1bec7c1c9b31d9b49,
699da719c926fc0fe856e818,
69ae6ef1bec7c1c9b31d9b4e,
69a414be93145c5b28552e66,
69a414be93145c5b28552e5c,
69b1513659be8b90411bb,
69b1513654209be8b90411ba,
69b1513654209be8b90411b9,
69b1513654209be8b90411b8,
69b1513654209be8b90411b7,
69b1513654209be8b90411b6,
69b1513654209be8b90411b5,
69b1513654209be8b90411b4,
69b1513654209be8b90411b3,
69b1513654209be8b90411b2,
69a41531945c5b28552efa,
69a4153193145c5b28552efa,
69b1513654209be8b90411b0,
69b1513654209be8b90411af,
69b1513654209be8b90411ae,
69b1513654209be8b90411ad,
69b1513654209be8b90411ac,
69b1513654209be8b90411ab,
69a414be93145c5b28552e5a,
69a414be93145c5b28552e63,
69ae49ec777d8cba6a19bb7c,
69ae49ec777d8cba6a19bb78,
69ae49ec777d8cba6a19bb79,
69ae49ec777d8cba6a19bb87,
69ae49ec777d8cba6a19bb7a,
69ae6ef1bec7c1c9b31d9b47,
69ae497a777d8cba6a19b9db,
69a414be93145c5b28552e5f,
69ae497a777d8cba6a19b9d6,
69a7f97e9145c5b2857c8af,
69a7f97e93145c5b2857c8ad,
69a2e0db9145c5b2854f48f,
69aacbc993145c5b285a6bf7,
69aacbc993145c5b285a6bdd,
69aacbc993145c5b285a6bf9,
69aacbc993145c5b285a6c00,
69aacbc993145c5b285a6bfa,
69aacbc993145c5b285a6bf6,
69a2e0db9c5b2854f48e,
69aacbc993145c5b285a6bfd,
69aacbc993145c5b285a6bfe,
69a5654f945c5b28578cdd,
69b127680bddb85281e26,
69b1276805b3bddb85281e3a,
699aa5454baeaf6e577b2,
699aa5454583baeaf6e577af,
699aa545483baeaf6e577b2,
699aa5454583baeaf6e577d9,
69a4146993145c5b28552dc5,
69afe33a03bddb8527e558,
69a41469945c5b28552dc1,
69a4146993145c5b28552dc0,
69b119090b3bddb852813ac,
69b1190905b3bddb852813af,
69b1190905b3bddb852813b1,
69b1190903bddb852813ac,
69b24a539ac4abed3d3b39d4,
69b24a539ac4abed3d3b39d5,
699ea467c6fc0fe8586e89,
699ea467c926fc0fe8586e84,
69b24a539ac4abed3d3b39d6,
699ea467c926fc0fe8586e83,
699bf91a4583baeaf6e70400,
699bf91a4583baeaf6e70403,
69a41531945c5b28552efd,
69a2e0db93145c5b2854f48e,
69a2e0db93145c5b2854f48f,
69a41531945c5b28552eff,
69a7c56f93145c5b2857b4d4,
69a7c56f93145c5b2857b4d3,
69b12add03bddb852824dc,
69ae49bb777d8cba6a19ba93,
69abce41fa5079b77a5f3fdc,
69b12b5903bddb852825f6,
69a5645693145c5b28578b3a,
69a5645693145c5b28578b38,
69ae49d07d8cba6a19baf2,
69ae49d0777d8cba6a19baf7,
69ae49d0777d8cba6a19bae0,
69a9790993145c5b285a3965,
69ae49d0777d8cba6a19baed,
69ae49d078cba6a19badd,
69a91dc2945c5b285a04c5,
69a91dc293145c5b285a04c0,
69ae6ef1bec7c1c9b31d9b4d,
69a91dc2945c5b285a04c3,
69a91d8a93145c5b285a03f9,
69a91dc293145c5b285a04c4,
69a91d3f93145c5b285a0320,
69a91d8a93145c5b285a03e8,
69a91d3f93145c5b285a0310,
69a91d8a93145c5b285a03e9,
69a91d8a93145c5b285a03ea,
69a91dc293145c5b285a04c1,
69a91d8a945c5b285a03ed,
69a91d8a93145c5b285a03e7,
69996a364baeaf6e48d37,
69afd2d075ce3cd7dfb055bc,
69afd2d075ce3cd7dfb055b6,
69996a364583baeaf6e48d2b,
69b1190905b3bddb852813ae,
69a91dc2945c5b285a04cb,
699d8f30c6fc0fe856be14,
699d8f30c926fc0fe856be0b,
69a4153193145c5b28552ef9,
69b12b5903bddb852825f5,
69b12b5905b3bddb852825f7,
69b12b5905b3bddb852825f9,
69a41469945c5b28552dc4,
69a4146993145c5b28552dc2,
69a4153193145c5b28552efe,
699d8f30c6fc0fe856be08,
69a5648293145c5b28578b88,
69a4153193145c5b28552ef8,
69a7ecf093145c5b2857c099,
69a7ecf093145c5b2857c09f,
699d8f30c926fc0fe856be11,
69a7ecf093145c5b2857c09a,
69a7ecf093145c5b2857c098,
69a7ecf093145c5b2857c0bd,
69a9741595c5b285a326a,
69a97415945c5b285a326d,
69a9741593145c5b285a3268,
69a975309145c5b285a35ae,
69a91dc29145c5b285a04d2,
69a91dc2945c5b285a04ca,
69a91dc293145c5b285a04ad,
69a7ecf093145c5b2857c0b5,
69a40fd1945c5b2855214f,
69b12b5905b3bddb852825eb,
69a7ecf0945c5b2857c09d,
69a7ecf093145c5b2857c0b4,
69a7ecf093145c5b2857c0ae,
69a7ecf093145c5b2857c0b3,
69a7ecf093145c5b2857c0a3,
69a7ecf093145c5b2857c0a6,
69a7ecf0945c5b2857c0a5,
69a7ecf093145c5b2857c0b0,
69a7ecf093145c5b2857c0ab,
69a7ecf093145c5b2857c0a7,
69a7ecf093145c5b2857c0a1,
69a7ecf0945c5b2857c0aa,
69a7ecf093145c5b2857c0a8,
69a7ecf093145c5b2857c0a0,
69a7ecf093145c5b2857c0bc,
69a7ecf093145c5b2857c09b,
69a7ecf093145c5b2857c0b1,
69a7ecf093145c5b2857c0bf,
69a7ecf093145c5b2857c09e,
69a7ecf093145c5b2857c09c,
69a3f8b293145c5b28550d80,
69a2d1a1945c5b2854e36e,
69abec4d7d8cba6a1992fe,
69abec4d777d8cba6a1992ff,
69a2d1a193145c5b2854e36e,
69a7ecf093145c5b2857c0ac,
69a2d1a193145c5b2854e368,
69a2d1a193145c5b2854e36d,
69abce41fa5079b77a5f3fe4,
69a7ecf093145c5b2857c0a4,
69a7ecf093145c5b2857c0a2,
69b12b5905b3bddb852825f1,
699e9eb9c926fc0fe8582730,
69a7ecf093145c5b2857c0be,
69abcb8cfa5079b77a5f3dee,
69b12add05b3bddb852824db,
69afe3cc05b3bddb8527e612,
69a7f95093145c5b2857c7ea,
69a7f95093145c5b2857c7e0,
69a7f95093145c5b2857c7ed,
69b12add05b3bddb852824d6,
69a7f95093145c5b2857c7e4,
69a7f95093145c5b2857c7ef,
699a9f2643baeaf6e5688a,
69b12add05b3bddb852824da,
699a9f264583baeaf6e56891,
69a5636993145c5b28578a3b,
69a5636993145c5b28578a41,
699a9f264583baeaf6e5688a,
69a5636993145c5b28578a45,
699aa5454583baeaf6e577ad,
699aa5454aeaf6e577da,
69a56369945c5b28578a45,
69a7ecf093145c5b2857c0b8,
69a7ecf0945c5b2857c0b7,
69a7ecf093145c5b2857c0bb,
69a7ecf093145c5b2857c0af,
69a7ecf095c5b2857c0b6,
69a7ecf0945c5b2857c0bb,
69b12add05b3bddb852824d8,
69b12add03bddb852824d7,
69a7ecf0945c5b2857c0af,
69a7ecf093145c5b2857c0a9,
69b12b5905b3bddb852825ec,
69a27362a47ecd5436f70c96,
69b12add05b3bddb852824d7,
69a2700da47ecd5436f70967,
69a563699c5b28578a44,
69a27362a47ecd5436f70c8c,
69a2700daecd5436f70968,
69a4155b93145c5b28552f5a,
69a4155b93145c5b28552f67,
69a7e0db93145c5b2857be88,
69a7e0db93145c5b2857be83,
69a7e0db93145c5b2857be87,
69a7e0db9145c5b2857be87,
69a7e0db93145c5b2857be84,
69a7e0db93145c5b2857be8b,
69abec4d7d8cba6a199301,
69a7e0db945c5b2857be86,
69a7e0db93145c5b2857be89,
69a7e0db95c5b2857be8d,
69a7e0db93145c5b2857be91,
69a7e0db93145c5b2857be92,
69a7e0db945c5b2857be8c,
69a7e0db93145c5b2857be8f,
69a7e0db93145c5b2857be8a,
69a7ecf093145c5b2857c0b9,
69a7e0db93145c5b2857be90,
69a7e0db945c5b2857be8e,
69a7e0db945c5b2857be93,
69a7ecf093145c5b2857c0b2,
69a7ecf093145c5b2857c0ad,
69ac092e7d8cba6a19a55d,
69abec4d7d8cba6a1992fc,
69ac092e777d8cba6a19a561,
69ac092e777d8cba6a19a55d,
69abec4d777d8cba6a1992fc,
69abce41fa5079b77a5f3fe3,
699d9f7fc926fc0fe856d8f4,
69b12b5905b3bddb852825ea,
69b2923fde9e0ff9e4e6e851,
69b2923fde9e0ff9e4e6e85b,
69b12b5905b3bddb852825ee,
69a973f493145c5b285a31f1,
69ae49bb7d8cba6a19ba92,
69ae49d0777d8cba6a19baf5,
69b2922dde9e0ff9e4e6e78d,
69b2922dd0ff9e4e6e789,
69ae49d0777d8cba6a19baf9,
69ae49bb777d8cba6a19ba8d,
69ae49d0777d8cba6a19baec,
69b12add05b3bddb852824de,
69afe3ee05b3bddb8527e641,
69b2922dde9e0ff9e4e6e78b,
69b1190905b3bddb852813b2,
69ae49bb7d8cba6a19ba91,
69b4e2cd4a8ba80f4d76b3e6,
69b1190905b3bddb852813aa,
69ae49bb777d8cba6a19ba97,
69b4e2cd4a8ba80f4d76b3e5,
69abcb8cfa5079b77a5f3de0,
69ae49bb7d8cba6a19ba8c,
69b4e2cd4a8ba80f4d76b3e4,
69ae49d0777d8cba6a19bae8,
69ae49d07d8cba6a19baf6,
69a7f97e93145c5b2857c8b2,
69b2922dde9e0ff9e4e6e781,
69996a0a4583baeaf6e48bcc,
69b1190905b3bddb852813a9,
69a3ffd593145c5b28551704,
69a3ffd5945c5b28551701,
69b1190905b3bddb852813a8,
69a1980fa47ecd5436f6e7e4,
69a1980fa7ecd5436f6e7e4,
69b2922dde9e0ff9e4e6e791,
69a3fef893145c5b28551562,
69a3ffd5945c5b28551702,
69b2922dde9e0ff9e4e6e794,
69a1980fa47ecd5436f6e7e3,
69b2922dde0ff9e4e6e79a,
69b2922dde9e0ff9e4e6e79c,
69abce41fa5079b77a5f3fda,
69b2922dde0ff9e4e6e79e,
69b2922dde9e0ff9e4e6e792,
69a3fdd2945c5b28551481,
69b2922dde0ff9e4e6e787,
69a7e0db93145c5b2857be78,
69a3fef893145c5b28551561,
69b2922dde9e0ff9e4e6e77a,
69abce41fa5079b77a5f3fd7,
69a3ffd593145c5b28551703,
69abb389f5079b77a5f35df,
69abb389fa5079b77a5f35de,
69abb389fa5079b77a5f35da,
69a97415945c5b285a3269,
69a9753093145c5b285a35b0,
69abb389fa5079b77a5f35e0,
69a7e0db93145c5b2857be79,
69a7e0db945c5b2857be77,
69a5620193145c5b285788d2,
69a7e0db93145c5b2857be81,
69a7e0db93145c5b2857be7b,
69abce41f79b77a5f3fd8,
69b2923fde9e0ff9e4e6e84d,
69ae49ec777d8cba6a19bb7b,
69ae49ec777d8cba6a19bb7d,
69b2923fde9e0ff9e4e6e85e,
69b2923fde9e0ff9e4e6e85f,
69b2923fde9e0ff9e4e6e841,
699d8f30c926fc0fe856be15,
699d8f30c926fc0fe856be0e,
699d8f30c926fc0fe856be07,
699d8f30c926fc0fe856be0d,
69b2923fde9e0ff9e4e6e843,
69a7e0db9145c5b2857be7e,
69a7e0db93145c5b2857be76,
69a7e0db93145c5b2857be7a,
69a7e0db93145c5b2857be82,
69a7e0db93145c5b2857be80,
69a7e0db93145c5b2857be7c,
69a7e0db93145c5b2857be7d,
69a7e0db93145c5b2857be7f,
69a19697a47ecd5436f6e682,
69b2923fde9e0ff9e4e6e84c,
69a41f2393145c5b285538e9,
69a26eb6a47ecd5436f70827,
699acc0f4583baeaf6e65d95,
69a8155993145c5b2857d93e,
69b2923fde9e0ff9e4e6e84a,
69a3fed093145c5b28551530,
69b2923fde9e0ff9e4e6e840,
699027d301e1d92d97a3a90,
69b2923fde9e0ff9e4e6e84b,
69b4e2cd4a8ba80f4d76b3da,
69ba54364d47625b519e9f63,
69b2923fde9e0ff9e4e6e847,
699027d30d1e1d92d97a3a91,
69b2923fde9e0ff9e4e6e854,
69b2923fde9e0ff9e4e6e859,
69ba54364d47625b519e9f66,
69a2732aa47ecd5436f70c02,
69abb389f5079b77a5f35e9,
69abb389fa5079b77a5f35ea,
69abb389fa5079b77a5f35e7,
69abb389fa5079b77a5f35cb,
69abb389fa5079b77a5f35c7,
69abb389fa5079b77a5f35dc,
69abb389fa5079b77a5f35c5,
69abb389fa5079b77a5f35dd,
69abb389fa5079b77a5f35e4,
69abb389fa5079b77a5f35e2,
69a9789793145c5b285a38ef,
69a9789793145c5b285a38f0,
69aacbc993145c5b285a6bef,
69aacbc993145c5b285a6bf3,
69aacbc993145c5b285a6bf1,
69aacbc993145c5b285a6bf0,
69abb389fa5079b77a5f35ec,
69abb389fa5079b77a5f35e3,
69abb389fa5079b77a5f35db,
69abb389fa5079b77a5f35e6,
69b2922dd9e0ff9e4e6e78a,
69a8269293145c5b2857fbfb,
69b2922dde9e0ff9e4e6e7a0,
69b12add05b3bddb852824df,
69abcb8cfa5079b77a5f3deb,
69b2922dde9e0ff9e4e6e79b,
69abcb8cfa5079b77a5f3de1,
69a91dc293145c5b285a04b4,
69a91dc2945c5b285a04b3,
69abcb8cfa5079b77a5f3ddd,
69b2922dde9e0ff9e4e6e7a1,
69abec4d777d8cba6a199304,
69b2922dde9e0ff9e4e6e790,
69b2922dde9e0ff9e4e6e78e,
69abec4d777d8cba6a199303,
69b2922dde9e0ff9e4e6e798,
69b2922dde9e0ff9e4e6e796,
69b2922dde9e0ff9e4e6e797,
69b2922dde9e0ff9e4e6e795,
69b2922dde9e0ff9e4e6e78f,
69b2922dde9e0ff9e4e6e793,
69a91d8a93145c5b285a03eb,
69a91dc293145c5b285a04d3,
69a7d6db93145c5b2857b9b4,
69a91d8a93145c5b285a03ee,
69a91dc293145c5b285a04b7,
69a7d6db93145c5b2857b9b2,
69b4e2cd4a8ba80f4d76b3e1,
69afd2d075ce3cd7dfb055b3,
69b7cd0ca6225d28d31c833f,
69b7cd0ca6225d28d31c8339,
69b7cd0ca6225d28d31c833a,
69b7cd0ca6225d28d31c8343,
69b7cd0ca6225d28d31c8344,
69b7e886a6225d28d31cc9fa,
69b7e886a6225d28d31cc9fe,
69b263f0a37559f46ce1ca0f,
69b4e2cd4a8ba80f4d76b3e3,
69b4e2cd4a8ba80f4d76b3dd,
69ba54dc47625b519ea244,
69b8e530a6225d28d31d458a,
69a973f493145c5b285a31f3,
69a2732aa47ecd5436f70c03,
69a2732aa47ecd5436f70c05,
69bbb4c10490966d869d5f52,
69bbb4c10490966d869d5f69,
69bbb4c10490966d869d5f66,
69bbb4c100966d869d5f63,
69ba544d47625b519ea018,
69ba544d4d47625b519ea011,
69be24c122f72a9b530dbb9f,
69c0c3bfbeea45a970c41925,
69c0c3bfbeea45a970c41929,
69ba544d4d47625b519ea006,
69be24c122f72a9b530dbb94,
69be24c122f72a9b530dbb88,
69ba544d4d47625b519ea00f,
69be24c122f72a9b530dbb85,
69be24c122f72a9b530dbb98,