rowIndex,barcode,coneId,yarnCatalogId,status,issueStatus,coneWeight,tearWeight,coneStorageId,issueWeight
6,69aa79cb93145c5b285a4b39,69aa79cb93145c5b285a4b3a,6926a7b6a5ccbd9b84f7123d,updated,issued,0,0,,0.06
7,69b53fa1a6225d28d31b5814,69b53fa1a6225d28d31b581c,,already_used_cleared,,,,,
8,69b53fa1a6225d28d31b5816,69b53fa1a6225d28d31b581e,,already_used_cleared,,,,,
9,69a8364593145c5b28580911,69a8364593145c5b28580916,,already_used_cleared,,,,,
10,69a5643c93145c5b28578b14,69a5643c93145c5b28578b17,,already_used_cleared,,,,,
11,69a8380d93145c5b28580a4d,69a8380d93145c5b28580a5b,,already_used_cleared,,,,,
12,69a40fad93145c5b28552127,69a40fad93145c5b2855212c,,already_used_cleared,,,,,
13,699ea64dc926fc0fe8588282,699ea64dc926fc0fe8588283,,already_used_cleared,,,,,
14,69b7eccca6225d28d31cd71f,69b7eccca6225d28d31cd774,,already_used_cleared,,,,,
15,69b7ebcda6225d28d31cd30d,69b7ebcda6225d28d31cd315,,already_used_cleared,,,,,
16,69bcecce500e0993b26cbe71,69bcecce500e0993b26cbe88,,already_used_cleared,,,,,
17,69bcecce500e0993b26cbe75,69bcecce500e0993b26cbe8c,,already_used_cleared,,,,,
18,69bcecce500e0993b26cbe73,69bcecce500e0993b26cbe8a,,already_used_cleared,,,,,
19,69bcecce500e0993b26cbe76,69bcecce500e0993b26cbe8d,,already_used_cleared,,,,,
20,69bcecce500e0993b26cbe7a,69bcecce500e0993b26cbe91,,already_used_cleared,,,,,
21,69bcecce500e0993b26cbe7d,69bcecce500e0993b26cbe94,,already_used_cleared,,,,,
22,69bcecce500e0993b26cbe74,69bcecce500e0993b26cbe8b,,already_used_cleared,,,,,
23,69a4038093145c5b285518f9,69a4038093145c5b285518fc,,already_used_cleared,,,,,
24,69a4038093145c5b285518f7,69a4038093145c5b285518fa,,already_used_cleared,,,,,
25,69a118a87317942502215a63,69a118a87317942502215a70,,already_used_cleared,,,,,
26,69a118a87317942502215a64,69a118a87317942502215a71,,already_used_cleared,,,,,
27,69a118a87317942502215a69,69a118a87317942502215a76,,already_used_cleared,,,,,
28,69bd57b522f72a9b530d6646,69bd57b522f72a9b530d664d,,already_used_cleared,,,,,
29,69bd57b522f72a9b530d664c,69bd57b522f72a9b530d6653,,already_used_cleared,,,,,
30,69b537cca6225d28d31b3f65,69b537cca6225d28d31b3f7d,,already_used_cleared,,,,,
31,69b537cca6225d28d31b3f69,69b537cca6225d28d31b3f81,,already_used_cleared,,,,,
32,69a199d4a47ecd5436f6eb11,69a199d4a47ecd5436f6eb1a,,already_used_cleared,,,,,
33,69b946afb9f0c244de557659,69b946afb9f0c244de55765c,,already_used_cleared,,,,,
34,69bd3ac022f72a9b530ce93c,69bd3ac122f72a9b530ce962,,already_used_cleared,,,,,
35,69b7eccca6225d28d31cd709,69b7eccca6225d28d31cd75e,,already_used_cleared,,,,,
36,699ed5bcbbffbc1a17200906,699ed5bcbbffbc1a17200917,,already_used_cleared,,,,,
37,69bbb06b0490966d869d5820,69bbb06b0490966d869d583e,,already_used_cleared,,,,,
38,69a5645693145c5b28578b3c,69a5645693145c5b28578b45,,already_used_cleared,,,,,
39,69b7eccca6225d28d31cd704,69b7eccca6225d28d31cd759,,already_used_cleared,,,,,
40,69a836ca93145c5b28580975,69a836ca93145c5b28580978,,already_used_cleared,,,,,
41,69a3fed093145c5b28551536,69a3fed093145c5b2855153d,,already_used_cleared,,,,,
42,69a3fed093145c5b28551535,69a3fed093145c5b2855153c,,already_used_cleared,,,,,
43,69b7e886a6225d28d31cc9fc,69b7e886a6225d28d31cca24,,already_used_cleared,,,,,
44,699965914583baeaf6e47b30,699965914583baeaf6e47b44,,already_used_cleared,,,,,
45,699965914583baeaf6e47b31,699965914583baeaf6e47b45,,already_used_cleared,,,,,
46,69c0e4c7beea45a970c46045,69c0e4c7beea45a970c4605c,,already_used_cleared,,,,,
47,69b94760b9f0c244de5579d0,69b94760b9f0c244de5579d8,,already_used_cleared,,,,,
48,69b94760b9f0c244de5579d3,69b94760b9f0c244de5579db,,already_used_cleared,,,,,
49,69c3ecb6a7819fd050b291f7,69c3ecb6a7819fd050b291f9,,already_used_cleared,,,,,
50,69c210d6beea45a970c63862,69c210d6beea45a970c6386b,,already_used_cleared,,,,,
51,69b7eccca6225d28d31cd70c,69b7eccca6225d28d31cd761,,already_used_cleared,,,,,
52,699965264583baeaf6e47875,699965264583baeaf6e4787d,,already_used_cleared,,,,,
53,69ba54364d47625b519e9f61,69ba54364d47625b519e9f69,,already_used_cleared,,,,,
54,69c210bebeea45a970c6380c,69c210bebeea45a970c63811,,already_used_cleared,,,,,
55,69c210bebeea45a970c6380b,69c210bebeea45a970c63810,,already_used_cleared,,,,,
56,69c210bebeea45a970c63809,69c210bebeea45a970c6380e,,already_used_cleared,,,,,
57,69a91dc293145c5b285a04af,69a91dc293145c5b285a04d7,,already_used_cleared,,,,,
58,69bbb1300490966d869d5ad1,69bbb1300490966d869d5ad6,,already_used_cleared,,,,,
59,69a414be93145c5b28552e5e,69a414be93145c5b28552e6c,,already_used_cleared,,,,,
60,69c676ab14badff1b9e759f9,69c676ab14badff1b9e75a01,,already_used_cleared,,,,,
61,69c66c9b14badff1b9e72d29,69c66c9b14badff1b9e72d2c,,already_used_cleared,,,,,
62,69cb512eff9f99209b652534,69cb512eff9f99209b65253a,,already_used_cleared,,,,,
63,69cb50aeff9f99209b6523be,69cb50aeff9f99209b6523c1,,already_used_cleared,,,,,
64,69c3c3f8a7819fd050b1a50c,69c3c3f8a7819fd050b1a51e,,already_used_cleared,,,,,
65,69c676ab14badff1b9e759ff,69c676ab14badff1b9e75a07,,already_used_cleared,,,,,
66,69a0146e249d7321ce926a26,69a0146e249d7321ce926a2f,,already_used_cleared,,,,,
67,69a19736a47ecd5436f6e6de,69a19736a47ecd5436f6e6e0,,already_used_cleared,,,,,
68,69b94707b9f0c244de557831,69b94707b9f0c244de55783c,,already_used_cleared,,,,,
69,69a4038093145c5b285518f8,69a4038093145c5b285518fb,,already_used_cleared,,,,,
70,69bcd503d795f08eb499b91f,69bcd503d795f08eb499b947,,already_used_cleared,,,,,
71,69c38979a7819fd050af678d,69c38979a7819fd050af679c,,already_used_cleared,,,,,
72,69c7be337b9dd20a856a0685,69c7be337b9dd20a856a068d,,already_used_cleared,,,,,
73,69c7be337b9dd20a856a0684,69c7be337b9dd20a856a068c,,already_used_cleared,,,,,
74,69c7be337b9dd20a856a0683,69c7be337b9dd20a856a068b,,already_used_cleared,,,,,
75,69b7dc8ca6225d28d31ca79c,69b7dc8ca6225d28d31ca7b3,,already_used_cleared,,,,,
76,69b7dc8ca6225d28d31ca79a,69b7dc8ca6225d28d31ca7b1,,already_used_cleared,,,,,
77,69c68a9d14badff1b9e79304,69c68a9d14badff1b9e7930b,,already_used_cleared,,,,,
78,69bd3ac022f72a9b530ce93f,69bd3ac122f72a9b530ce965,,already_used_cleared,,,,,
79,69cb5118ff9f99209b6524fe,69cb5118ff9f99209b6524ff,,already_used_cleared,,,,,
80,69ca40040ab7021c82e50ce3,69ca40040ab7021c82e50cec,,already_used_cleared,,,,,
81,69cb5041ff9f99209b652279,69cb5041ff9f99209b65227e,,already_used_cleared,,,,,
82,699aa5454583baeaf6e577b9,699aa5454583baeaf6e577e8,,already_used_cleared,,,,,
83,69b2922dde9e0ff9e4e6e77e,69b2922dde9e0ff9e4e6e7a6,,already_used_cleared,,,,,
84,69c757f9a077d3fbb38ce57e,69c757f9a077d3fbb38ce592,,already_used_cleared,,,,,
85,69c757f9a077d3fbb38ce57f,69c757f9a077d3fbb38ce593,,already_used_cleared,,,,,
86,699d52114583baeaf6e91842,699d52114583baeaf6e91843,,already_used_cleared,,,,,
87,69b7e886a6225d28d31cc9fd,69b7e886a6225d28d31cca25,,already_used_cleared,,,,,
88,69b7e886a6225d28d31cc9f4,69b7e886a6225d28d31cca1c,,already_used_cleared,,,,,
89,69a014e2249d7321ce926ad4,69a014e2249d7321ce926ada,,already_used_cleared,,,,,
90,69b7e886a6225d28d31cca04,69b7e886a6225d28d31cca2c,,already_used_cleared,,,,,
91,69c7be907b9dd20a856a09bd,69c7be907b9dd20a856a09c9,,already_used_cleared,,,,,
92,69b7e886a6225d28d31cca06,69b7e886a6225d28d31cca2e,,already_used_cleared,,,,,
93,69c6098514badff1b9e42756,69c6098514badff1b9e42776,,already_used_cleared,,,,,
94,69c658a114badff1b9e6cbf9,69c658a114badff1b9e6cc11,,already_used_cleared,,,,,
95,69c653f514badff1b9e6b97e,69c653f514badff1b9e6b998,,already_used_cleared,,,,,
96,69a5648293145c5b28578b8f,69a5648293145c5b28578b98,,already_used_cleared,,,,,
97,69a27362a47ecd5436f70c85,69a27362a47ecd5436f70c9d,,already_used_cleared,,,,,
98,69cf7fda7cd22f3f9dae820e,69cf7fda7cd22f3f9dae8210,,already_used_cleared,,,,,
99,69bf88bbbeea45a970c39f1c,69bf88bbbeea45a970c39f22,,already_used_cleared,,,,,
100,699aa55d4583baeaf6e579fa,699aa55d4583baeaf6e57abe,,already_used_cleared,,,,,
101,69c21013beea45a970c635bd,69c21013beea45a970c635c9,,already_used_cleared,,,,,
102,69b7b172a6225d28d31c51a9,69b7b172a6225d28d31c51d1,,already_used_cleared,,,,,
103,69b7b172a6225d28d31c51b7,69b7b172a6225d28d31c51df,,already_used_cleared,,,,,
104,69b51f04e0bcee26efe02b24,69b51f04e0bcee26efe02b3c,,already_used_cleared,,,,,
105,69a19903a47ecd5436f6e97e,69a19903a47ecd5436f6e98a,,already_used_cleared,,,,,
106,69a19903a47ecd5436f6e97f,69a19903a47ecd5436f6e98b,,already_used_cleared,,,,,
107,69a19903a47ecd5436f6e97b,69a19903a47ecd5436f6e987,,already_used_cleared,,,,,
108,69cb50aeff9f99209b6523bf,69cb50aeff9f99209b6523c2,,updated,issued,0.02,0.1,B7-01-S0005-F03,0.003
109,69cb512eff9f99209b652536,69cb512eff9f99209b65253c,,updated,issued,0.013,0.1,B7-01-S0021-F01,0.016
110,69be967abeea45a970c2f40b,69be967abeea45a970c2f41f,692e7cbdabe3fbc58a86e617,updated,issued,0.005,0.1,B7-01-S0040-F02,0.013
111,69c3daffa7819fd050b2427b,69c3daffa7819fd050b24280,,already_used_cleared,,,,,
112,69a8266b93145c5b2857fbc0,69a8266b93145c5b2857fbc5,,already_used_cleared,,,,,
113,69ae49d0777d8cba6a19bae6,69ae49d0777d8cba6a19bb09,6926a7b6a5ccbd9b84f7123d,updated,issued,0.011,0.05,B7-01-S0044-F02,0.013
114,69b793d6a6225d28d31c13e8,69b793d6a6225d28d31c1408,6926a7b6a5ccbd9b84f7123d,updated,issued,0,0.05,,0.003
115,69b793d6a6225d28d31c13f7,69b793d6a6225d28d31c1417,6926a7b6a5ccbd9b84f7123d,updated,issued,0.093,0.05,B7-01-S0044-F02,0.102
116,69c3daffa7819fd050b2427a,69c3daffa7819fd050b2427f,,updated,issued,0.068,0.1,B7-01-S0026-F03,0.068
117,69c3db54a7819fd050b24445,69c3db54a7819fd050b2444b,,updated,issued,0.02,0.1,B7-01-S0021-F02,0.032
118,69c39504a7819fd050afa1b8,69c39504a7819fd050afa1ca,6926a7b9a5ccbd9b84f71ed9,updated,issued,0.103,0.1,B7-01-S0026-F02,0.103
119,69bbb0450490966d869d5715,69bbb0450490966d869d5727,692e7cbcabe3fbc58a86e502,updated,issued,0.007,0.1,B7-01-S0040-F02,0.021
120,69bbb0450490966d869d571a,69bbb0450490966d869d572c,692e7cbcabe3fbc58a86e502,updated,not_issued,0.009,0.1,B7-01-S0041-F03,0.007
121,69c3cdefa7819fd050b20109,69c3cdefa7819fd050b2010c,,updated,issued,0.013,0.1,B7-01-S0040-F02,0.016
122,69bbb0450490966d869d5718,69bbb0450490966d869d572a,692e7cbcabe3fbc58a86e502,updated,issued,0.007,0.1,B7-01-S0040-F02,0.021
123,69bbb0450490966d869d571b,69bbb0450490966d869d572d,692e7cbcabe3fbc58a86e502,updated,issued,0.049,0.1,B7-01-S0040-F02,0.062
124,69c3dbb5a7819fd050b245de,69c3dbb5a7819fd050b245e2,,updated,issued,0.003,0.1,B7-01-S0040-F02,0.007
125,69c3dbb5a7819fd050b245db,69c3dbb5a7819fd050b245df,,updated,issued,0.009,0.1,B7-01-S0040-F02,0.036
126,69bbb0450490966d869d5716,69bbb0450490966d869d5728,692e7cbcabe3fbc58a86e502,updated,issued,0.013,0.1,B7-01-S0040-F02,0.025
127,69a03f1d731794250221536b,69a03f1d7317942502215374,698c1d76cafa1141568f2be8,updated,issued,0.035,0.05,B7-01-S0009-F03,0
128,69c1392fbeea45a970c57adf,69c1392fbeea45a970c57af1,698c1d76cafa1141568f2be8,updated,issued,0.108,0.05,B7-01-S0009-F03,0.108
129,69c12545beea45a970c51700,69c12545beea45a970c51710,,already_used_cleared,,,,,
130,69b7eccca6225d28d31cd6fc,69b7eccca6225d28d31cd751,,already_used_cleared,,,,,
131,69c210d6beea45a970c6385e,69c210d6beea45a970c63867,,already_used_cleared,,,,,
132,69a413d893145c5b28552d07,69a413d893145c5b28552d20,,already_used_cleared,,,,,
133,69b7a64ca6225d28d31c3c9d,69b7a64ca6225d28d31c3cad,,already_used_cleared,,,,,
134,69ba54c74d47625b519ea16c,69ba54c74d47625b519ea184,,already_used_cleared,,,,,
135,69b3c6dd9a152b0d31d7dd55,69b3c6dd9a152b0d31d7dd7d,,already_used_cleared,,,,,
136,69c61ac414badff1b9e4cb02,69c61ac414badff1b9e4cb2a,,already_used_cleared,,,,,
137,69b53e9ba6225d28d31b53e9,69b53e9ba6225d28d31b53ff,,already_used_cleared,,,,,
138,69c61ac414badff1b9e4cb11,69c61ac414badff1b9e4cb39,,already_used_cleared,,,,,
139,69ae4a36777d8cba6a19bbcf,69ae4a36777d8cba6a19bbe7,,already_used_cleared,,,,,
140,699aa7844583baeaf6e5d34f,699aa7844583baeaf6e5d35b,,already_used_cleared,,,,,
141,69c39504a7819fd050afa1b6,69c39504a7819fd050afa1c8,6926a7b9a5ccbd9b84f71ed9,updated,issued,0.064,0.1,B7-01-S0038-F02,0.07
142,69bce214d795f08eb499d9c5,69bce214d795f08eb499d9dd,6926a7b9a5ccbd9b84f71ed9,updated,issued,0.09,0.1,B7-01-S0050-F01,0.094
143,69c0c2ddbeea45a970c41572,69c0c2ddbeea45a970c41583,,already_used_cleared,,,,,
144,69c4e191a7819fd050b39dd6,69c4e191a7819fd050b39dea,,already_used_cleared,,,,,
145,69bbb06b0490966d869d5821,69bbb06b0490966d869d583f,,already_used_cleared,,,,,
146,69a96ae493145c5b285a2cbe,69a96ae493145c5b285a2cd2,,already_used_cleared,,,,,
147,69cb8b03ff9f99209b6610c3,69cb8b03ff9f99209b6610dc,,already_used_cleared,,,,,
148,69cb8b03ff9f99209b6610c1,69cb8b03ff9f99209b6610da,,already_used_cleared,,,,,
149,69a4155b93145c5b28552f49,69a4155b93145c5b28552f6b,,already_used_cleared,,,,,
150,69a198eca47ecd5436f6e951,69a198eca47ecd5436f6e957,,already_used_cleared,,,,,
151,69b51f04e0bcee26efe02b27,69b51f04e0bcee26efe02b3f,,already_used_cleared,,,,,
152,69cdf782ff9f99209b6c745b,69cdf782ff9f99209b6c7483,,already_used_cleared,,,,,
153,69cdf782ff9f99209b6c7465,69cdf782ff9f99209b6c748d,,already_used_cleared,,,,,
154,69ba54dc4d47625b519ea255,69ba54dc4d47625b519ea26d,,already_used_cleared,,,,,
155,69b7eccca6225d28d31cd6de,69b7eccca6225d28d31cd733,,already_used_cleared,,,,,
156,69b523e7a6225d28d31b264a,69b523e7a6225d28d31b2660,,already_used_cleared,,,,,
157,69c4f4b20e0b0fee62da924d,69c4f4b20e0b0fee62da925f,,already_used_cleared,,,,,
158,69c4e191a7819fd050b39dd5,69c4e191a7819fd050b39de9,6926a7b9a5ccbd9b84f72005,updated,issued,0.019,0.1,B7-01-S0038-F02,0.019
159,69c6777a14badff1b9e75d8f,69c6777a14badff1b9e75d9f,,updated,issued,0.003,0.1,B7-01-S0038-F02,0.001
160,69a2d1c593145c5b2854e3b0,69a2d1c593145c5b2854e3c4,699444dbf0a2c8b07dc3d33b,updated,issued,0.114,0.095,B7-01-S0041-F03,0.026
161,69c765dda077d3fbb38d1a23,69c765dda077d3fbb38d1a29,,updated,issued,0.016,0.1,B7-01-S0038-F02,0.023
162,69c20ff6beea45a970c63513,69c20ff6beea45a970c6351d,,already_used_cleared,,,,,
163,69c77389a077d3fbb38e1e19,69c77389a077d3fbb38e1e1d,,already_used_cleared,,,,,
164,69c0f32cbeea45a970c472d1,69c0f32cbeea45a970c472f5,,already_used_cleared,,,,,
165,69c3e09ea7819fd050b258c2,69c3e09ea7819fd050b258cb,,already_used_cleared,,,,,
166,69ccc512ff9f99209b696ebc,69ccc512ff9f99209b696ed5,6926a7b9a5ccbd9b84f7202f,updated,issued,0.096,0.1,B7-01-S0038-F02,0.096
167,69d635edb89662732f83d5a9,69d635edb89662732f83d5bb,692e7cbdabe3fbc58a86e644,updated,issued,0.094,0.1,B7-01-S0038-F02,0.094
168,69c3e09ea7819fd050b258c4,69c3e09ea7819fd050b258cd,,updated,issued,0.003,0.1,B7-01-S0043-F02,0.001
169,69c658a114badff1b9e6cbfd,69c658a114badff1b9e6cc15,,updated,issued,0.078,0.05,B7-01-S0013-F02,0.08
170,69d8f622edc59d9ec106b6c5,69d8f622edc59d9ec106b6ed,,already_used_cleared,,,,,
171,69c0fe06beea45a970c48b3c,69c0fe06beea45a970c48b4e,,already_used_cleared,,,,,
172,69b7eccca6225d28d31cd6fd,69b7eccca6225d28d31cd752,,already_used_cleared,,,,,
173,69b7eccca6225d28d31cd6e4,69b7eccca6225d28d31cd739,,already_used_cleared,,,,,
174,69d63582b89662732f83d0be,69d63582b89662732f83d0d7,,already_used_cleared,,,,,
175,69d63582b89662732f83d0b4,69d63582b89662732f83d0cd,,already_used_cleared,,,,,
176,69b7956da6225d28d31c1886,69b7956da6225d28d31c189d,,already_used_cleared,,,,,
177,69c7be1d7b9dd20a856a058b,69c7be1d7b9dd20a856a0592,,already_used_cleared,,,,,
178,69d75158edc59d9ec1012eae,69d75158edc59d9ec1012ec7,6926a7b9a5ccbd9b84f7202f,updated,issued,0.017,0.1,B7-01-S0038-F02,0.016
179,69d752ddedc59d9ec10138c6,69d752ddedc59d9ec10138df,6926a7b9a5ccbd9b84f7202f,updated,issued,0.064,0.1,B7-01-S0038-F02,0.068
180,69b946d8b9f0c244de5576e4,69b946d8b9f0c244de557709,692e7cbdabe3fbc58a86e644,updated,issued,0.075,0.1,B7-01-S0017-F02,0.081
181,69d5d47cb89662732f817289,69d5d47cb89662732f81728b,,updated,issued,0.038,0.1,B7-01-S0040-F02,0.027
182,69b946d8b9f0c244de5576fe,69b946d8b9f0c244de557723,692e7cbdabe3fbc58a86e644,updated,issued,0.09,0.1,B7-01-S0040-F02,0.092
183,69b94864b9f0c244de557c45,69b94864b9f0c244de557c46,692e7cbdabe3fbc58a86e644,updated,issued,0.047,0.1,B7-01-S0040-F02,0.068
184,69ce3e39a15c8c3be2e7e626,69ce3e39a15c8c3be2e7e638,692e7cbdabe3fbc58a86e644,updated,issued,0.083,0.1,B7-01-S0040-F02,0.075
185,69b946afb9f0c244de557658,69b946afb9f0c244de55765b,692e7cbdabe3fbc58a86e644,updated,issued,0.019,0.1,B7-01-S0040-F02,0.009
186,69b947ceb9f0c244de557b1f,69b947ceb9f0c244de557b25,,already_used_cleared,,,,,
187,69da1969edc59d9ec10aae71,69da1969edc59d9ec10aae85,,already_used_cleared,,,,,
188,69c61d3d14badff1b9e4d6fe,69c61d3d14badff1b9e4d712,,already_used_cleared,,,,,
189,69a19903a47ecd5436f6e986,69a19903a47ecd5436f6e992,,already_used_cleared,,,,,
190,69c6777a14badff1b9e75d8c,69c6777a14badff1b9e75d9c,,already_used_cleared,,,,,
191,69d4ae242614366a5d8b8f67,69d4ae242614366a5d8b8f7f,6926a7b6a5ccbd9b84f713c5,updated,issued,0.091,0.05,B7-01-S0012-F02,0.086
192,69d5d46eb89662732f817255,69d5d46eb89662732f817256,,updated,issued,0.019,0.1,B7-01-S0040-F02,0.016
193,69c210d6beea45a970c63861,69c210d6beea45a970c6386a,6926a7b6a5ccbd9b84f71283,updated,issued,0.034,0.05,B7-01-S0044-F02,0.035
194,69ccc547ff9f99209b697030,69ccc547ff9f99209b69705a,6926a7b6a5ccbd9b84f71283,updated,issued,0.016,0.05,B7-01-S0044-F02,0.016
195,69b7eccca6225d28d31cd6e8,69b7eccca6225d28d31cd73d,6926a7b6a5ccbd9b84f71283,updated,issued,0.023,0.05,B7-01-S0044-F02,0.032
196,69ccc547ff9f99209b69702b,69ccc547ff9f99209b697055,6926a7b6a5ccbd9b84f71283,updated,issued,0.011,0.05,B7-01-S0044-F02,0.011
197,69d7907cedc59d9ec1028f56,69d7907cedc59d9ec1028f77,6926a7b6a5ccbd9b84f71283,updated,issued,0.082,0.05,B7-01-S0044-F02,0.099
198,69c7be1d7b9dd20a856a0587,69c7be1d7b9dd20a856a058e,,already_used_cleared,,,,,
199,69c658a114badff1b9e6cbf8,69c658a114badff1b9e6cc10,,updated,issued,0.064,0.05,B7-01-S0005-F03,0.064
200,69d8c1adedc59d9ec105d021,69d8c1adedc59d9ec105d049,6926a7b6a5ccbd9b84f7127d,updated,issued,0.072,0.05,B7-01-S0038-F02,0.072
201,69ca40980ab7021c82e50e03,69ca40980ab7021c82e50e04,,updated,issued,0.066,0.1,B7-01-S0038-F02,0.064
202,69d4d2b3b89662732f7ed796,69d4d2b3b89662732f7ed7a8,692e7cbdabe3fbc58a86e615,updated,issued,0.011,0.1,B7-01-S0038-F02,0.007
203,69d4afff2614366a5d8b9341,69d4afff2614366a5d8b9357,6926a7b9a5ccbd9b84f72009,updated,issued,0.053,0.1,B7-01-S0038-F02,0.051
204,69d4afff2614366a5d8b9348,69d4afff2614366a5d8b935e,6926a7b9a5ccbd9b84f72009,updated,issued,0.003,0.1,B7-01-S0038-F02,0.001
205,69dc8f71a19ee8d30f4a06cc,69dc8f71a19ee8d30f4a06e4,,already_used_cleared,,,,,
206,69ccc547ff9f99209b697021,69ccc547ff9f99209b69704b,,already_used_cleared,,,,,
207,69a198eca47ecd5436f6e94f,69a198eca47ecd5436f6e955,,already_used_cleared,,,,,
208,69b946d8b9f0c244de5576ef,69b946d8b9f0c244de557714,,already_used_cleared,,,,,
209,69b946d8b9f0c244de5576f2,69b946d8b9f0c244de557717,,already_used_cleared,,,,,
210,69b947ceb9f0c244de557b22,69b947ceb9f0c244de557b28,692e7cbdabe3fbc58a86e644,updated,issued,0.045,0.1,B7-01-S0040-F02,0.047
211,69b946d8b9f0c244de5576e8,69b946d8b9f0c244de55770d,,already_used_cleared,,,,,
212,69b947ceb9f0c244de557b21,69b947ceb9f0c244de557b27,692e7cbdabe3fbc58a86e644,updated,issued,0.057,0.1,B7-01-S0040-F02,0.079
213,69b946d8b9f0c244de5576f4,69b946d8b9f0c244de557719,,already_used_cleared,,,,,
214,69b947ceb9f0c244de557b20,69b947ceb9f0c244de557b26,,already_used_cleared,,,,,
215,69b946d8b9f0c244de5576f9,69b946d8b9f0c244de55771e,,already_used_cleared,,,,,
216,69b946d8b9f0c244de5576fd,69b946d8b9f0c244de557722,692e7cbdabe3fbc58a86e644,updated,issued,0,0.1,,0.081
217,69a198eca47ecd5436f6e952,69a198eca47ecd5436f6e958,,already_used_cleared,,,,,
218,69b7ec33a6225d28d31cd50b,69b7ec33a6225d28d31cd50c,,already_used_cleared,,,,,
219,69b946d8b9f0c244de5576de,69b946d8b9f0c244de557703,,already_used_cleared,,,,,
220,69bbb18a0490966d869d5bb8,69bbb18a0490966d869d5bbd,,already_used_cleared,,,,,
221,69c7b2c47b9dd20a8569cc0d,69c7b2c47b9dd20a8569cc35,,already_used_cleared,,,,,
222,69d4db4ab89662732f7f2552,69d4db4ab89662732f7f2573,,already_used_cleared,,,,,
223,69de0d35007e05d7e7417088,69de0d35007e05d7e74170b0,,already_used_cleared,,,,,
224,69c7b2c47b9dd20a8569cc2d,69c7b2c47b9dd20a8569cc55,,already_used_cleared,,,,,
225,69de070d007e05d7e7415a24,69de070d007e05d7e7415a38,,already_used_cleared,,,,,
226,69c103f8beea45a970c494b0,69c103f8beea45a970c494d6,,already_used_cleared,,,,,
227,69bd52e622f72a9b530d5804,69bd52e622f72a9b530d582c,,already_used_cleared,,,,,
228,69ccce32ff9f99209b697cb3,69ccce32ff9f99209b697ccb,,already_used_cleared,,,,,
229,69b7bd71a6225d28d31c5bee,69b7bd71a6225d28d31c5c0c,,already_used_cleared,,,,,
230,69a4021b93145c5b2855186e,69a4021b93145c5b28551875,,already_used_cleared,,,,,
231,69ce24d6ff9f99209b6d1f2b,69ce24d6ff9f99209b6d1f43,6926a7b6a5ccbd9b84f713c5,updated,issued,0,0.05,,0
232,69c26c67421268c3c1b3a2bc,69c26c67421268c3c1b3a2d4,6926a7b6a5ccbd9b84f713c5,updated,not_issued,0.018,0.05,B7-01-S0027-F02,0.013
233,69ccc512ff9f99209b696eb3,69ccc512ff9f99209b696ecc,,already_used_cleared,,,,,
234,69c103f8beea45a970c494a9,69c103f8beea45a970c494cf,6926a7b6a5ccbd9b84f71283,updated,issued,0.008,0.05,B7-01-S0044-F02,0.013
235,69b8d4a5a6225d28d31d3731,69b8d4a5a6225d28d31d373c,,already_used_cleared,,,,,
236,69b8d50ea6225d28d31d380f,69b8d50ea6225d28d31d3826,,already_used_cleared,,,,,
237,69b8d50ea6225d28d31d3806,69b8d50ea6225d28d31d381d,6926a7b9a5ccbd9b84f71eb7,updated,issued,0.088,0.1,B7-01-S0044-F02,0.092
238,69dc8f71a19ee8d30f4a06d3,69dc8f71a19ee8d30f4a06eb,,already_used_cleared,,,,,
239,69b7eccca6225d28d31cd705,69b7eccca6225d28d31cd75a,6926a7b6a5ccbd9b84f71283,updated,issued,0.046,0.05,B7-01-S0044-F02,0.039
240,69b8d50ea6225d28d31d3818,69b8d50ea6225d28d31d382f,6926a7b9a5ccbd9b84f71eb7,updated,issued,0.115,0.1,B7-01-S0043-F02,0.139
241,69cb50aeff9f99209b6523c0,69cb50aeff9f99209b6523c3,,updated,not_issued,0.011,0.1,B7-01-S0040-F02,0.009
242,69ca4b940ab7021c82e529ff,69ca4b940ab7021c82e52a15,,already_used_cleared,,,,,
243,69d4db4ab89662732f7f255d,69d4db4ab89662732f7f257e,,already_used_cleared,,,,,
244,69bd4cc722f72a9b530d3c44,69bd4cc722f72a9b530d3c57,,already_used_cleared,,,,,
245,69ca18850ab7021c82e4b411,69ca18850ab7021c82e4b412,,already_used_cleared,,,,,
246,69bcecce500e0993b26cbe77,69bcecce500e0993b26cbe8e,,already_used_cleared,,,,,
247,69ccc512ff9f99209b696eb1,69ccc512ff9f99209b696eca,,already_used_cleared,,,,,
248,69d5d3c2b89662732f816f76,69d5d3c2b89662732f816f77,,updated,issued,0.062,0.1,B7-01-S0043-F02,0.103
249,69d75158edc59d9ec1012eaa,69d75158edc59d9ec1012ec3,,already_used_cleared,,,,,
250,69ccc512ff9f99209b696eb2,69ccc512ff9f99209b696ecb,,already_used_cleared,,,,,
251,69c6575914badff1b9e6c911,69c6575914badff1b9e6c914,,updated,not_issued,0.017,0.1,B7-01-S0037-F03,0.035
252,69afc7f375ce3cd7dfb05317,69afc7f375ce3cd7dfb0531e,,already_used_cleared,,,,,
253,69afc7f375ce3cd7dfb05319,69afc7f375ce3cd7dfb05320,6926a7b9a5ccbd9b84f7202d,updated,used,0,0.1,,0.037
254,69e8812e733c29bce0058bd7,69e8812e733c29bce0058be1,,updated,issued,0.098,0.05,B7-01-S0044-F01,0.055
255,69d8c1adedc59d9ec105d00c,69d8c1adedc59d9ec105d034,,already_used_cleared,,,,,
256,69e308d034696b42ea7b19e1,69e308d034696b42ea7b19f3,,already_used_cleared,,,,,
257,69ce1b32ff9f99209b6cf925,69ce1b32ff9f99209b6cf949,,already_used_cleared,,,,,
258,69d4dac5b89662732f7f21fa,69d4dac5b89662732f7f220d,,already_used_cleared,,,,,
259,69d4dac5b89662732f7f21ef,69d4dac5b89662732f7f2202,,already_used_cleared,,,,,
260,69ca4b940ab7021c82e529f1,69ca4b940ab7021c82e52a07,,already_used_cleared,,,,,
261,69cb5145ff9f99209b652589,69cb5145ff9f99209b65258a,,already_used_cleared,,,,,
262,69d78af9edc59d9ec1027f6c,69d78af9edc59d9ec1027f80,6926a7b6a5ccbd9b84f71269,updated,issued,0.025,0.1,B7-01-S0044-F02,0
263,69e0715a00ca64e3cf591ebe,69e0715a00ca64e3cf591ed2,,already_used_cleared,,,,,
264,69c20fa9beea45a970c632b1,69c20fa9beea45a970c632d3,6926a7b6a5ccbd9b84f71289,updated,issued,0.088,0.1,B7-01-S0044-F02,0.092
265,69d4d2b3b89662732f7ed79c,69d4d2b3b89662732f7ed7ae,,already_used_cleared,,,,,
266,69d8b194edc59d9ec105620a,69d8b194edc59d9ec105621d,,already_used_cleared,,,,,
267,69d0c84a97fe9152fa9f2b70,69d0c84a97fe9152fa9f2b83,,already_used_cleared,,,,,
268,69e0647c00ca64e3cf58e454,69e0647c00ca64e3cf58e478,,already_used_cleared,,,,,
269,69d8b21cedc59d9ec1056e9e,69d8b21cedc59d9ec1056ead,692e7cbdabe3fbc58a86e670,updated,issued,0.038,0.1,B7-01-S0040-F03,0.036
270,69d62d20b89662732f838a5e,69d62d20b89662732f838a6d,,already_used_cleared,,,,,
271,69dccf3da19ee8d30f4ae9d6,69dccf3da19ee8d30f4ae9e5,692e7cbdabe3fbc58a86e670,updated,issued,0.011,0.1,B7-01-S0040-F03,0.005
272,69d72f46edc59d9ec1ff3723,69d72f46edc59d9ec1ff3747,6926a7b7a5ccbd9b84f71533,updated,not_issued,0.013,0.05,B7-01-S0032-F02,0.013
273,69df700900ca64e3cf535d3d,69df700900ca64e3cf535d5e,6926a7b7a5ccbd9b84f71533,updated,issued,0.084,0,B7-01-S0032-F02,0.092
274,69df700900ca64e3cf535d23,69df700900ca64e3cf535d44,6926a7b7a5ccbd9b84f71533,updated,issued,0.098,0,B7-01-S0032-F02,0.106
275,69e3611d4dfe50532a0bf097,69e3611d4dfe50532a0bf0b8,,already_used_cleared,,,,,
276,69df6f9400ca64e3cf535bce,69df6f9400ca64e3cf535bef,,already_used_cleared,,,,,
277,69c7b2c47b9dd20a8569cc1b,69c7b2c47b9dd20a8569cc43,,already_used_cleared,,,,,
278,69d62820b89662732f8377f0,69d62820b89662732f837802,,already_used_cleared,,,,,
279,69ca607cff9f99209b6480b7,69ca607cff9f99209b6480ca,,already_used_cleared,,,,,
280,69d62820b89662732f8377eb,69d62820b89662732f8377fd,,already_used_cleared,,,,,
281,69b537cca6225d28d31b3f66,69b537cca6225d28d31b3f7e,,already_used_cleared,,,,,
282,69bf882abeea45a970c39d67,69bf882abeea45a970c39d6d,,already_used_cleared,,,,,
283,69bf878ebeea45a970c39bdd,69bf878ebeea45a970c39be8,,already_used_cleared,,,,,
284,69c3db2ba7819fd050b24340,69c3db2ba7819fd050b24345,,updated,issued,0.113,0.1,B7-01-S0037-F02,0.094
285,69b5666fa6225d28d31be4fd,69b5666fa6225d28d31be522,6926a7b7a5ccbd9b84f71669,updated,issued,0.057,0.05,B7-01-S0030-F02,0.064
286,69b5666fa6225d28d31be505,69b5666fa6225d28d31be52a,6926a7b7a5ccbd9b84f71669,updated,issued,0.02,0.05,B7-01-S0030-F02,0.035
287,69b5666fa6225d28d31be506,69b5666fa6225d28d31be52b,6926a7b7a5ccbd9b84f71669,updated,issued,0.011,0.05,B7-01-S0030-F02,0.016
288,69c7d73b7b9dd20a856a5e83,69c7d73b7b9dd20a856a5e85,,updated,issued,0.021,0.05,B7-01-S0030-F02,0.016
289,69d4db26b89662732f7f243f,69d4db26b89662732f7f245b,,already_used_cleared,,,,,
290,699d8f30c926fc0fe856be0c,699d8f30c926fc0fe856be1e,6926a7b6a5ccbd9b84f713e7,updated,issued,0.072,0.05,B7-01-S0025-F02,0.084
291,69cb512eff9f99209b652532,69cb512eff9f99209b652538,,already_used_cleared,,,,,
292,69e346914dfe50532a0b3627,69e346914dfe50532a0b3649,6926a7b6a5ccbd9b84f71283,updated,issued,0.018,0.05,B7-01-S0044-F02,0.016
293,69e346914dfe50532a0b3625,69e346914dfe50532a0b3647,6926a7b6a5ccbd9b84f71283,updated,issued,0.039,0.05,B7-01-S0044-F02,0.037
294,69afd2d075ce3cd7dfb055cd,69afd2d075ce3cd7dfb055f1,,already_used_cleared,,,,,
295,69bfa97abeea45a970c3e6b5,69bfa97abeea45a970c3e6be,,updated,not_issued,0.016,0.1,B7-01-S0038-F02,0.019
296,69c7686fa077d3fbb38d3102,69c7686fa077d3fbb38d3105,,updated,not_issued,0.037,0.05,B7-01-S0025-F03,0.091
297,69b947ceb9f0c244de557b1e,69b947ceb9f0c244de557b24,,already_used_cleared,,,,,
298,69e3001134696b42ea7af3a2,69e3001134696b42ea7af3b5,,updated,issued,0.083,0.1,B7-01-S0040-F02,0.081
299,69d8c1adedc59d9ec105d019,69d8c1adedc59d9ec105d041,,already_used_cleared,,,,,
300,69cdf782ff9f99209b6c746d,69cdf782ff9f99209b6c7495,,already_used_cleared,,,,,
301,69c3cd6ea7819fd050b1fbf3,69c3cd6ea7819fd050b1fbf7,,already_used_cleared,,,,,
302,69bf878ebeea45a970c39bdf,69bf878ebeea45a970c39bea,6926a7baa5ccbd9b84f7214d,updated,not_issued,0.068,0.1,B7-01-S0037-F02,0.258
303,69bfaa8abeea45a970c3e821,69bfaa8abeea45a970c3e829,,updated,issued,0.03,0.1,B7-01-S0041-F03,0.023
304,69bfaa8abeea45a970c3e823,69bfaa8abeea45a970c3e82b,,updated,issued,0.007,0.1,B7-01-S0041-F03,0.009
305,69ccc481ff9f99209b696bcb,69ccc481ff9f99209b696be3,692e7cbcabe3fbc58a86e4b5,updated,issued,0.057,0.1,B7-01-S0041-F03,0.066
306,69b7ea66a6225d28d31cce34,69b7ea66a6225d28d31cce5c,,already_used_cleared,,,,,
307,69cf7f4c7cd22f3f9dae80c4,69cf7f4c7cd22f3f9dae80c8,,updated,issued,0.038,0.1,B7-01-S0038-F02,0.038
308,69c3db54a7819fd050b24443,69c3db54a7819fd050b24449,,updated,issued,0.073,0.1,B7-01-S0038-F02,0.075
309,69cd09f2ff9f99209b6b30cf,69cd09f2ff9f99209b6b30f1,,already_used_cleared,,,,,
310,69c6612514badff1b9e6ed19,69c6612514badff1b9e6ed28,,already_used_cleared,,,,,
311,69bfaa8abeea45a970c3e822,69bfaa8abeea45a970c3e82a,,updated,issued,0.027,0.1,B7-01-S0041-F02,0.016
312,69c676ab14badff1b9e759fb,69c676ab14badff1b9e75a03,,already_used_cleared,,,,,
313,69c676ab14badff1b9e759fc,69c676ab14badff1b9e75a04,,updated,issued,0.03,0.1,B7-01-S0041-F03,0.034
314,69ccc481ff9f99209b696bc6,69ccc481ff9f99209b696bde,,already_used_cleared,,,,,
315,69a2d15993145c5b2854e32a,69a2d15993145c5b2854e32d,692e7cbcabe3fbc58a86e4b5,updated,issued,0.094,0.1,B7-01-S0041-F02,0.092
316,69dcbd03a19ee8d30f4ab713,69dcbd03a19ee8d30f4ab72c,692e7cbcabe3fbc58a86e4b5,updated,issued,0.025,0.1,B7-01-S0041-F03,0.021
317,69c3db2ba7819fd050b24342,69c3db2ba7819fd050b24347,,updated,not_issued,0.083,0.1,B7-01-S0037-F03,0.118
318,69e5ca644dfe50532a162133,69e5ca644dfe50532a162147,,already_used_cleared,,,,,
319,69de070d007e05d7e7415a2a,69de070d007e05d7e7415a3e,,already_used_cleared,,,,,
320,69c4f4b20e0b0fee62da925c,69c4f4b20e0b0fee62da926e,,already_used_cleared,,,,,
321,69bf878ebeea45a970c39be5,69bf878ebeea45a970c39bf0,,already_used_cleared,,,,,
322,69d78af9edc59d9ec1027f71,69d78af9edc59d9ec1027f85,6926a7b6a5ccbd9b84f71269,updated,issued,0.06,0.1,B7-01-S0044-F02,0.06
323,69bcecce500e0993b26cbe72,69bcecce500e0993b26cbe89,692e7cbdabe3fbc58a86e617,updated,issued,0.04,0.1,B7-01-S0040-F02,0.038
324,69da0c30edc59d9ec10a799e,69da0c30edc59d9ec10a79b2,692e7cbdabe3fbc58a86e617,updated,used,0,0.1,,0.021
325,69d4ee32b89662732f7fa236,69d4ee32b89662732f7fa248,6926a7b9a5ccbd9b84f71ed9,updated,used,0,0.1,,0.07
326,69a94ec693145c5b285a242e,69a94ec693145c5b285a2438,6926a7b6a5ccbd9b84f7124f,updated,issued,0.072,0.05,B7-01-S0044-F02,0.069
327,69e8847c733c29bce005c01a,69e8847c733c29bce005c03c,6926a7b6a5ccbd9b84f7123d,updated,issued,0.095,0.05,B7-01-S0044-F02,0.106
328,69d0a10897fe9152fa9e8786,69d0a10897fe9152fa9e87a9,6926a7b6a5ccbd9b84f7123d,updated,issued,0.095,0.05,B7-01-S0044-F02,0.104
329,69e88102733c29bce0058b6d,69e88102733c29bce0058b6e,,updated,issued,0.092,0.05,B7-01-S0044-F02,0.046
330,69bbb06b0490966d869d5816,69bbb06b0490966d869d5834,6926a7b9a5ccbd9b84f72005,updated,issued,0.032,0.1,B7-01-S0038-F02,0.016
331,69e1be020b3c5500e1fe07c6,69e1be020b3c5500e1fe07e9,6926a7b9a5ccbd9b84f72005,updated,issued,0.107,0.1,B7-01-S0038-F02,0.103
332,699da719c926fc0fe856e81c,699da719c926fc0fe856e85f,,already_used_cleared,,,,,
333,69e0672300ca64e3cf58f512,69e0672300ca64e3cf58f527,,already_used_cleared,,,,,
334,69b7e8e3a6225d28d31ccbab,69b7e8e3a6225d28d31ccbb1,6926a7b9a5ccbd9b84f71eaf,updated,issued,0.016,0.1,B7-01-S0043-F03,0.021
335,69a4155b93145c5b28552f5b,69a4155b93145c5b28552f7d,6926a7b9a5ccbd9b84f71eaf,updated,issued,0.003,0.1,B7-01-S0043-F03,0.005
336,69c7c6e17b9dd20a856a2a2d,69c7c6e17b9dd20a856a2a2f,,already_used_cleared,,,,,
337,69b5666fa6225d28d31be507,69b5666fa6225d28d31be52c,,already_used_cleared,,,,,
338,69d4b0332614366a5d8b94e9,69d4b0332614366a5d8b94f2,6926a7b9a5ccbd9b84f72009,updated,not_issued,0.013,0.1,B7-01-S0038-F02,0.013
339,699acbfc4583baeaf6e65c2b,699acbfc4583baeaf6e65c34,6926a7b7a5ccbd9b84f714f5,updated,not_issued,0.011,0.05,B7-01-S0029-F01,0.016
340,69a97a4e93145c5b285a3b2b,69a97a4e93145c5b285a3b2c,6926a7b7a5ccbd9b84f714f5,updated,not_issued,0.06,0.05,B7-01-S0029-F02,0.06
341,69d5dfbbb89662732f81b6bb,69d5dfbbb89662732f81b6c7,6926a7baa5ccbd9b84f72163,updated,issued,0.102,0.1,B7-01-S0050-F02,0.094
342,69c0e4c7beea45a970c4604c,69c0e4c7beea45a970c46063,,already_used_cleared,,,,,
343,69a8364593145c5b28580914,69a8364593145c5b28580919,,already_used_cleared,,,,,
344,69d4d551b89662732f7eea46,69d4d551b89662732f7eea59,692e7cbdabe3fbc58a86e630,updated,issued,0.023,0.1,B7-01-S0040-F02,0.032
345,699aa79d4583baeaf6e5d3ef,699aa79d4583baeaf6e5d3f3,6926a7b6a5ccbd9b84f713e7,updated,not_issued,0.076,0.05,B7-01-S0025-F02,0.069
346,699aa79d4583baeaf6e5d3f0,699aa79d4583baeaf6e5d3f4,,already_used_cleared,,,,,
347,69ca607cff9f99209b6480ad,69ca607cff9f99209b6480c0,692e7cbcabe3fbc58a86e502,updated,issued,0.041,0.1,B7-01-S0040-F02,0.04
348,69d4db4ab89662732f7f2568,69d4db4ab89662732f7f2589,,already_used_cleared,,,,,
349,69ce3e5aa15c8c3be2e7e75d,69ce3e5aa15c8c3be2e7e771,,already_used_cleared,,,,,
350,69c7bde97b9dd20a856a040d,69c7bde97b9dd20a856a0420,,updated,issued,0.062,0.1,B7-01-S0044-F02,0.055
351,69e5bbc84dfe50532a1570d3,69e5bbc84dfe50532a1570f4,,already_used_cleared,,,,,
352,69c653f514badff1b9e6b982,69c653f514badff1b9e6b99c,,already_used_cleared,,,,,
353,69c653f514badff1b9e6b984,69c653f514badff1b9e6b99e,,already_used_cleared,,,,,
354,69d0a10897fe9152fa9e8779,69d0a10897fe9152fa9e879c,6926a7b6a5ccbd9b84f7123d,updated,issued,0.02,0.05,B7-01-S0044-F02,0.023
355,69bce214d795f08eb499d9c7,69bce214d795f08eb499d9df,6926a7b9a5ccbd9b84f71ed9,updated,issued,0.011,0.1,B7-01-S0038-F02,0.019
356,69d3561a97fe9152faa5bc81,69d3561a97fe9152faa5bc98,,already_used_cleared,,,,,
357,69ccec0bff9f99209b69fb83,69ccec0bff9f99209b69fb96,,updated,not_issued,0.073,0.1,B7-01-S0040-F02,0.08
358,69d62d97b89662732f838dcf,69d62d97b89662732f838de3,,already_used_cleared,,,,,
359,69cb8b03ff9f99209b6610b3,69cb8b03ff9f99209b6610cc,,already_used_cleared,,,,,
360,69c0fd06beea45a970c4886f,69c0fd06beea45a970c48888,6926a7b9a5ccbd9b84f7202f,updated,issued,0.088,0.1,B7-01-S0038-F02,0.102
361,69bce214d795f08eb499d9ca,69bce214d795f08eb499d9e2,,already_used_cleared,,,,,
362,69cf9c6d97fe9152fa9d4e18,69cf9c6d97fe9152fa9d4e1b,,already_used_cleared,,,,,
363,69d3566297fe9152faa5bfaa,69d3566297fe9152faa5bfc2,,already_used_cleared,,,,,
364,69c653f514badff1b9e6b97f,69c653f514badff1b9e6b999,,already_used_cleared,,,,,
365,69bfa97abeea45a970c3e6b0,69bfa97abeea45a970c3e6b9,,already_used_cleared,,,,,
366,69bfa97abeea45a970c3e6b6,69bfa97abeea45a970c3e6bf,,already_used_cleared,,,,,
367,69c60a8314badff1b9e42e7e,69c60a8314badff1b9e42ea2,692e7cbdabe3fbc58a86e670,updated,issued,0.023,0.1,B7-01-S0040-F03,0.036
368,69c0c317beea45a970c4168e,69c0c317beea45a970c4169d,692e7cbdabe3fbc58a86e670,updated,issued,0.047,0.1,B7-01-S0040-F03,0.051
369,69d8b1e3edc59d9ec1056b97,69d8b1e3edc59d9ec1056ba6,692e7cbdabe3fbc58a86e670,updated,issued,0.027,0.1,B7-01-S0040-F03,0.036
370,69c39504a7819fd050afa1b1,69c39504a7819fd050afa1c3,6926a7b9a5ccbd9b84f71ed9,updated,issued,0.027,0.1,B7-01-S0038-F02,0.043
371,69b7a64ca6225d28d31c3c97,69b7a64ca6225d28d31c3ca7,6926a7b6a5ccbd9b84f71269,updated,issued,0.083,0.1,B7-01-S0044-F02,0.098
372,69c7be907b9dd20a856a09ba,69c7be907b9dd20a856a09c6,,already_used_cleared,,,,,
373,69b7e886a6225d28d31cca02,69b7e886a6225d28d31cca2a,,already_used_cleared,,,,,
374,69b7ea66a6225d28d31cce30,69b7ea66a6225d28d31cce58,6926a7b6a5ccbd9b84f71289,updated,issued,0.068,0.1,B7-01-S0044-F02,0.096
375,69e5bd6d4dfe50532a15777f,69e5bd6d4dfe50532a15779f,6926a7b6a5ccbd9b84f71269,updated,issued,0.066,0.1,B7-01-S0044-F02,0.081
376,69a4148a93145c5b28552dfb,69a4148a93145c5b28552e0e,6926a7baa5ccbd9b84f7217d,updated,not_issued,0.016,0.1,B7-01-S0042-F02,0.033