rowIndex,barcode,boxId,status,boxWeightBefore,grossWeightBefore,numberOfConesBefore,storageBefore,storedStatusBefore
2,69a1940ca47ecd5436f6e506,BOX-PO-2026-1020-94921-1772196876820-9,updated,21,0,21,B7-02-S0001-F02,true
3,69abf341777d8cba6a199644,BOX-PO-2026-1066-2562102345-1772876609586-1,updated,34.86,0,24,B7-02-S0001-F02,true
4,69b3bcc15565040bb07d90dc,BOX-PO-2026-1076-95551-1773386945786-2,updated,2.3270000000000124,0,40,B7-02-S0001-F02,true
5,69b3bcc15565040bb07d90dd,BOX-PO-2026-1076-95551-1773386945786-3,updated,43,0,40,B7-02-S0001-F02,true
6,69b3bcc15565040bb07d90e1,BOX-PO-2026-1076-94539-1773386945786-5,updated,41.4,0,40,B7-02-S0001-F02,true
7,69b52603a6225d28d31b2999,BOX-PO-2026-869-94383-1773479427763-10,updated,49.58,0,40,B7-02-S0001-F02,true
8,69b52603a6225d28d31b299a,BOX-PO-2026-869-94383-1773479427763-11,updated,49.52,0,40,B7-02-S0001-F02,true
9,69b52603a6225d28d31b299b,BOX-PO-2026-869-94383-1773479427763-12,updated,49.7,0,40,B7-02-S0001-F02,true
10,69b546afa6225d28d31ba01e,BOX-PO-2026-1079-1572-1773487791440-1,updated,1,0,1,B7-02-S0001-F02,true
11,69ba46ae36a721508719670e,BOX-PO-2026-1061-NL62514-1773815470364-5,updated,14.203999999999999,0,24,B7-02-S0001-F02,true
12,69ba46ae36a721508719670f,BOX-PO-2026-1061-NL62514-1773815470364-6,updated,22,0,24,B7-02-S0001-F02,true
13,69ba46ae36a7215087196711,BOX-PO-2026-1061-NL62514-1773815470364-8,updated,22.36,0,25,B7-02-S0001-F02,true
14,69ba46ae36a7215087196712,BOX-PO-2026-1061-NL62514-1773815470364-9,updated,8.12,0,8,B7-02-S0001-F02,true
15,69bb8b180490966d869d05f2,BOX-PO-2026-1089-EW09885-1773898520834-1,updated,5,0,5,B7-02-S0001-F02,true
16,69bb8b180490966d869d05f4,BOX-PO-2026-1089-Ew13364-1773898520834-2,updated,5.463,0,10,B7-02-S0001-F02,true
17,69bb9a3e0490966d869d2ae3,BOX-PO-2026-1089-EW37702-1773902398195-1,updated,4.238,0,5,B7-02-S0001-F02,true
18,69bb9a3e0490966d869d2ae5,BOX-PO-2026-1089-EW37708-1773902398195-2,updated,4,0,4,B7-02-S0001-F02,true
19,69bb9a3e0490966d869d2ae7,BOX-PO-2026-1089-EW37708-1773902398195-3,updated,1,0,1,B7-02-S0001-F02,true
20,69bb9a3e0490966d869d2ae9,BOX-PO-2026-1089-EW37709-1773902398195-4,updated,3.43,0,4,B7-02-S0001-F02,true
21,69bb9a3e0490966d869d2aeb,BOX-PO-2026-1089-EW65600-1773902398195-5,updated,20.744,0,30,B7-02-S0001-F02,true
22,69bbd0d3571f5889bf5c8e43,BOX-PO-2026-1090-EW49949-1773916371454-3,updated,0.13600000000000012,0,5,B7-02-S0001-F02,true
23,69bbd0d3571f5889bf5c8e4d,BOX-PO-2026-1090-DW54265-1773916371454-8,updated,6,0,6,B7-02-S0001-F02,true
24,69bbd0d3571f5889bf5c8e4f,BOX-PO-2026-1090-EW17087-1773916371454-9,updated,9,0,9,B7-02-S0001-F02,true
25,69bbd0d3571f5889bf5c8e51,BOX-PO-2026-1090-EW16342-1773916371454-10,updated,1,0,1,B7-02-S0001-F02,true
26,69bbd0d3571f5889bf5c8e53,BOX-PO-2026-1090-EW16345-1773916371454-11,updated,6,0,6,B7-02-S0001-F02,true
27,69be4dd922f72a9b530e7803,BOX-PO-2026-506-CN/2116-1774079449331-17,updated,16.65,20.26,20,B7-02-S0001-F02,true
28,69bf8c19beea45a970c3a177,BOX-PO-2026-1091-2554104465-1774160921258-1,updated,3.976,0,6,B7-02-S0001-F02,true
29,69bf8c19beea45a970c3a17d,BOX-PO-2026-1091-2552307423-1774160921258-4,updated,11,0,11,B7-02-S0001-F02,true
30,69bf96f0beea45a970c3d529,BOX-PO-2026-1095-G710B10/80Z-1774163696479-2,updated,12,0,12,B7-02-S0001-F02,true
31,69bf96f0beea45a970c3d52b,BOX-PO-2026-1095-NL58219-1774163696479-3,updated,1,0,1,B7-02-S0001-F02,true
32,69bf96f0beea45a970c3d52d,BOX-PO-2026-1095-NL56937-1774163696479-4,updated,5,0,9,B7-02-S0001-F02,true
33,69bf96f0beea45a970c3d52f,BOX-PO-2026-1095-NL61671-1774163696479-5,updated,1,0,1,B7-02-S0001-F02,true
34,69bfabc0beea45a970c3e9f2,BOX-PO-2026-1095-G710 B10/80-1774169024763-1,updated,5,0,5,B7-02-S0001-F02,true
35,69bfae6cbeea45a970c3ec85,BOX-PO-2026-1091-2454101873-1774169708396-1,updated,7,0,7,B7-02-S0001-F02,true
36,69bfb9cdbeea45a970c3f51c,BOX-PO-2026-1096-NC/1529-1774172621140-1,updated,4,0,4,B7-02-S0001-F02,true
37,69bfb9cdbeea45a970c3f51e,BOX-PO-2026-1096-NC 1610-1774172621140-2,updated,9,0,9,B7-02-S0001-F02,true
38,69bfb9cdbeea45a970c3f520,BOX-PO-2026-1096-NC 1510-1774172621140-3,updated,1,0,1,B7-02-S0001-F02,true
39,69bfb9cdbeea45a970c3f522,BOX-PO-2026-1096-NC 1524-1774172621140-4,updated,3,0,3,B7-02-S0001-F02,true
40,69bfbcd6beea45a970c3f5f0,BOX-PO-2026-1096-NC 1618-1774173398368-1,updated,5.911,0,7,B7-02-S0001-F02,true
41,69bfbcd6beea45a970c3f5f6,BOX-PO-2026-1096-NL56178-1774173398368-4,updated,2,0,2,B7-02-S0001-F02,true
42,69bfbcd6beea45a970c3f5fc,BOX-PO-2026-1096-NL55926-1774173398368-7,updated,2,0,3,B7-02-S0001-F02,true
43,69c12630beea45a970c51bea,BOX-PO-2026-1091-a2554104465-1774265904087-1,updated,1.4109999999999996,0,7,B7-02-S0001-F02,true
44,69c12630beea45a970c51bec,BOX-PO-2026-1091-a2552307704-1774265904087-2,updated,1,0,1,B7-02-S0001-F02,true
45,69c12630beea45a970c51bee,BOX-PO-2026-1091-A2254102606-1774265904087-3,updated,10,0,10,B7-02-S0001-F02,true
46,69c372b5696bdcc5dbb70507,BOX-PO-2026-1102-EW66029-1774416565148-1,updated,4.202,0,7,B7-02-S0001-F02,true
47,69c372b5696bdcc5dbb70509,BOX-PO-2026-1102-EW57656-1774416565148-2,updated,1,0,1,B7-02-S0001-F02,true
48,69c372b5696bdcc5dbb7050d,BOX-PO-2026-1102-DW50520-1774416565148-4,updated,6,0,6,B7-02-S0001-F02,true
49,69c372b5696bdcc5dbb7050f,BOX-PO-2026-1102-EW49949-1774416565148-5,updated,2,0,2,B7-02-S0001-F02,true
50,69c372b5696bdcc5dbb7051f,BOX-PO-2026-1102-EW06317-1774416565148-13,updated,2.907,0,5,B7-02-S0001-F02,true
51,69c372b5696bdcc5dbb70521,BOX-PO-2026-1102-EW09885-1774416565148-14,updated,0.864,0,1,B7-02-S0001-F02,true
52,69c372b5696bdcc5dbb70523,BOX-PO-2026-1102-EW43438-1774416565148-15,updated,1,0,1,B7-02-S0001-F02,true
53,69c372b5696bdcc5dbb7052d,BOX-PO-2026-1102-EW40965-1774416565148-20,updated,1.758,0,3,B7-02-S0001-F02,true
54,69c372b5696bdcc5dbb70531,BOX-PO-2026-1102-EW40313-1774416565148-22,updated,19,0,19,B7-02-S0001-F02,true
55,69c372b5696bdcc5dbb70535,BOX-PO-2026-1102-EW43347-1774416565148-24,updated,9,0,9,B7-02-S0001-F02,true
56,69c372b5696bdcc5dbb70537,BOX-PO-2026-1102-EW35662-1774416565148-25,updated,2.125,0,3,B7-02-S0001-F02,true
57,69c372b5696bdcc5dbb70539,BOX-PO-2026-1102-EW50230-1774416565148-26,updated,5.836999999999996,0,27,B7-02-S0001-F02,true
58,69c6423714badff1b9e64676,BOX-PO-2026-1107-29782-1774600759263-1,updated,1,0,1,B7-02-S0001-F02,true
59,69c6423714badff1b9e64678,BOX-PO-2026-1107-25283-1774600759263-2,updated,6,0,6,B7-02-S0001-F02,true
60,69c6423714badff1b9e6467a,BOX-PO-2026-1107-29782-1774600759263-3,updated,2,0,2,B7-02-S0001-F02,true
61,69c6423714badff1b9e6467c,BOX-PO-2026-1107-28825-1774600759263-4,updated,4,0,4,B7-02-S0001-F02,true
62,69c6423714badff1b9e6467e,BOX-PO-2026-1107-1562-1774600759263-5,updated,5.852,0,8,B7-02-S0001-F02,true
63,69c6423714badff1b9e64680,BOX-PO-2026-1107-01547-1774600759263-6,updated,2.123,0,3,B7-02-S0001-F02,true
64,69c6423714badff1b9e64682,BOX-PO-2026-1107-20243-1774600759263-7,updated,3.682,0,5,B7-02-S0001-F02,true
65,69c6423714badff1b9e64684,BOX-PO-2026-1107-20255-1774600759263-8,updated,6,0,6,B7-02-S0001-F02,true
66,69c64c7414badff1b9e6a09d,BOX-PO-2026-1108-NC-1593-1774603380194-1,updated,13,0,13,B7-02-S0001-F02,true
67,69c64c7414badff1b9e6a09f,BOX-PO-2026-1108-NL60325-1774603380194-2,updated,19.764,0,26,B7-02-S0001-F02,true
68,69c64c7414badff1b9e6a0a1,BOX-PO-2026-1108-NL56009-1774603380194-3,updated,4,0,4,B7-02-S0001-F02,true
69,69c64c7414badff1b9e6a0a3,BOX-PO-2026-1108-NL56811-1774603380194-4,updated,4.452,0,6,B7-02-S0001-F02,true
70,69c64c7414badff1b9e6a0a7,BOX-PO-2026-1108-NL56509-1774603380194-6,updated,3,0,3,B7-02-S0001-F02,true
71,69c664f414badff1b9e70308,BOX-PO-2026-1112-EW42298-1774609652556-1,updated,3,0,3,B7-02-S0001-F02,true
72,69c664f414badff1b9e7030c,BOX-PO-2026-1112-EW33605-1774609652556-3,updated,2.638,0,3,B7-02-S0001-F02,true
73,69c664f414badff1b9e7030e,BOX-PO-2026-1112-DW50890-1774609652556-4,updated,1,0,1,B7-02-S0001-F02,true
74,69c664f414badff1b9e70314,BOX-PO-2026-1112-EW55417-1774609652556-7,updated,3,0,3,B7-02-S0001-F02,true
75,69c664f414badff1b9e70316,BOX-PO-2026-1112-EW33430-1774609652556-8,updated,1,0,1,B7-02-S0001-F02,true
76,69c6706d14badff1b9e73f16,BOX-PO-2026-1113-64656-1774612589820-1,updated,4.852,0,7,B7-02-S0001-F02,true
77,69c6706d14badff1b9e73f1a,BOX-PO-2026-1113-EW66029-1774612589820-3,updated,16,0,16,B7-02-S0001-F02,true
78,69c6706d14badff1b9e73f1e,BOX-PO-2026-1113-45187-1774612589820-5,updated,10,0,10,B7-02-S0001-F02,true
79,69c6706d14badff1b9e73f20,BOX-PO-2026-1113-50520-1774612589820-6,updated,16,0,16,B7-02-S0001-F02,true
80,69c6706d14badff1b9e73f22,BOX-PO-2026-1113-35662-1774612589820-7,updated,1.216,0,2,B7-02-S0001-F02,true
81,69c6813914badff1b9e778b2,BOX-PO-2026-1114-56811-1774616889446-1,updated,1,0,1,B7-02-S0001-F02,true
82,69c6813914badff1b9e778b4,BOX-PO-2026-1114-62514-1774616889446-2,updated,4,0,4,B7-02-S0001-F02,true
83,69c6813914badff1b9e778b6,BOX-PO-2026-1114-2055-1774616889446-3,updated,7,0,7,B7-02-S0001-F02,true
84,69c6813914badff1b9e778b8,BOX-PO-2026-1114-1950-1774616889446-4,updated,1,0,1,B7-02-S0001-F02,true
85,69c6813914badff1b9e778ba,BOX-PO-2026-1114-77171/80-1774616889446-5,updated,10.184000000000001,0,10,B7-02-S0001-F02,true
86,69c6826814badff1b9e779b4,BOX-PO-2026-1114-7101310-1774617192563-5,updated,2.658,0,6,B7-02-S0001-F02,true
87,69c6826814badff1b9e779b6,BOX-PO-2026-1114-56937-1774617192563-6,updated,2,0,2,B7-02-S0001-F02,true
88,69c68ea814badff1b9e79f9e,BOX-PO-2026-1115-2554106476-1774620328640-2,updated,20,0,20,B7-02-S0001-F02,true
89,69c68ea814badff1b9e79fa0,BOX-PO-2026-1115-2552307704-1774620328640-3,updated,7,0,7,B7-02-S0001-F02,true
90,69c75ce2a077d3fbb38cebfc,BOX-PO-2026-1116-9307-1774673122014-2,updated,15,0,15,B7-02-S0001-F02,true
91,69c75ff5a077d3fbb38cf200,BOX-PO-2026-1117-44324-1774673909961-5,updated,3,0,3,B7-02-S0001-F02,true
92,69c75ff5a077d3fbb38cf202,BOX-PO-2026-1117-EW58385-1774673909961-6,updated,3,0,3,B7-02-S0001-F02,true
93,69c75ff5a077d3fbb38cf208,BOX-PO-2026-1117-EW49948-1774673909961-9,updated,1,0,1,B7-02-S0001-F02,true
94,69c7711aa077d3fbb38de44b,BOX-PO-2026-1118-EW57667-1774678298602-1,updated,32,0,32,B7-02-S0001-F02,true
95,69c7796aa077d3fbb38eaa3b,BOX-PO-2026-1119-2054105090-1774680426571-1,updated,1,0,1,B7-02-S0001-F02,true
96,69c7796aa077d3fbb38eaa3f,BOX-PO-2026-1119-2254102713-1774680426571-2,updated,1,0,1,B7-02-S0001-F02,true
97,69c7796aa077d3fbb38eaa42,BOX-PO-2026-1119-2254104171-1774680426571-3,updated,2,0,2,B7-02-S0001-F02,true
98,69c7796aa077d3fbb38eaa51,BOX-PO-2026-1119-2562102345-1774680426571-8,updated,17.014,0,17,B7-02-S0001-F02,true
99,69c78c95a077d3fbb38f477f,BOX-PO-2026-1120-MU2401227-1774685333437-1,updated,2,0,2,B7-02-S0001-F02,true
100,69c78c95a077d3fbb38f4781,BOX-PO-2026-1120-MU2401229-1774685333437-2,updated,2,0,2,B7-02-S0001-F02,true
101,69c78c95a077d3fbb38f4783,BOX-PO-2026-1120-MU2502418-1774685333437-3,updated,2,0,2,B7-02-S0001-F02,true
102,69c78c95a077d3fbb38f4785,BOX-PO-2026-1120-MU2502450-1774685333437-4,updated,1,0,1,B7-02-S0001-F02,true
103,69c78c95a077d3fbb38f4787,BOX-PO-2026-1120-MU2407057-1774685333437-5,updated,2,0,2,B7-02-S0001-F02,true
104,69c78c95a077d3fbb38f4789,BOX-PO-2026-1120-MU2502336-1774685333437-6,updated,1,0,1,B7-02-S0001-F02,true
105,69c78c95a077d3fbb38f478b,BOX-PO-2026-1120-MU2410224-1774685333437-7,updated,1,0,1,B7-02-S0001-F02,true
106,69c78c95a077d3fbb38f478d,BOX-PO-2026-1120-MU2505245-1774685333437-8,updated,1,0,1,B7-02-S0001-F02,true
107,69c78c95a077d3fbb38f478f,BOX-PO-2026-1120-MU2504776-1774685333437-9,updated,1,0,1,B7-02-S0001-F02,true
108,69c7905ca077d3fbb38f80a7,BOX-PO-2026-1120-MU2407056-1774686300327-1,updated,1,0,1,B7-02-S0001-F02,true
109,69c7905ca077d3fbb38f80a9,BOX-PO-2026-1120-MU2504775-1774686300327-2,updated,1,0,1,B7-02-S0001-F02,true
110,69c7905ca077d3fbb38f80ab,BOX-PO-2026-1120-MU2504782-1774686300327-3,updated,1,0,1,B7-02-S0001-F02,true
111,69c7905ca077d3fbb38f80ad,BOX-PO-2026-1120-MU2401267-1774686300327-4,updated,1,0,1,B7-02-S0001-F02,true
112,69c7905ca077d3fbb38f80af,BOX-PO-2026-1120-MU2407210-1774686300327-5,updated,1,0,1,B7-02-S0001-F02,true
113,69c7905ca077d3fbb38f80b1,BOX-PO-2026-1120-MU2504750-1774686300327-6,updated,1,0,1,B7-02-S0001-F02,true
114,69c7905ca077d3fbb38f80b3,BOX-PO-2026-1120-MU2506713-1774686300327-7,updated,2,0,2,B7-02-S0001-F02,true
115,69c7905ca077d3fbb38f80b5,BOX-PO-2026-1120-MU2502367-1774686300327-8,updated,3,0,3,B7-02-S0001-F02,true
116,69c7905ca077d3fbb38f80b7,BOX-PO-2026-1120-MU2502422-1774686300327-9,updated,4,0,4,B7-02-S0001-F02,true
117,69c7905ca077d3fbb38f80b9,BOX-PO-2026-1120-MU2502420-1774686300327-10,updated,1,0,1,B7-02-S0001-F02,true
118,69c7988aa077d3fbb38fe43e,BOX-PO-2026-1121-BROWN-1774688394043-1,updated,11.656,0,14,B7-02-S0001-F02,true
119,69c7988aa077d3fbb38fe440,BOX-PO-2026-1121-RLN032203-1774688394043-2,updated,8,0,8,B7-02-S0001-F02,true
120,69c7a986a077d3fbb39065ec,BOX-PO-2026-1122-90436-1774692742946-2,updated,1,0,1,B7-02-S0001-F02,true
121,69c7a986a077d3fbb39065f0,BOX-PO-2026-1122-92573-1774692742946-4,updated,1,0,1,B7-02-S0001-F02,true
122,69c7a986a077d3fbb39065f6,BOX-PO-2026-1122-90436-1774692742946-7,updated,4,0,4,B7-02-S0001-F02,true
123,69c7a986a077d3fbb3906602,BOX-PO-2026-1122-93092-1774692742946-13,updated,1,0,1,B7-02-S0001-F02,true
124,69c7a986a077d3fbb3906606,BOX-PO-2026-1122-90680-1774692742946-15,updated,1,0,1,B7-02-S0001-F02,true
125,69c7b0c1a077d3fbb3907f2e,BOX-PO-2026-1122-95788 a-1774694593713-2,updated,1,0,1,B7-02-S0001-F02,true
126,69c7b0c1a077d3fbb3907f30,BOX-PO-2026-1122-91413-1774694593713-3,updated,5,0,5,B7-02-S0001-F02,true
127,69c7b0c1a077d3fbb3907f32,BOX-PO-2026-1122-94361-1774694593713-4,updated,1,0,1,B7-02-S0001-F02,true
128,69c7b0c1a077d3fbb3907f34,BOX-PO-2026-1122-92615-1774694593713-5,updated,1,0,1,B7-02-S0001-F02,true
129,69c7b108a077d3fbb3908294,BOX-PO-2026-1123-NY-20316-1774694664842-1,updated,17,0,17,B7-02-S0001-F02,true
130,69c7b108a077d3fbb3908296,BOX-PO-2026-1123---1774694664842-2,updated,32.131,0,40,B7-02-S0001-F02,true
131,69c7b108a077d3fbb390829a,BOX-PO-2026-1123-IZRRW-8-1774694664842-4,updated,4,0,4,B7-02-S0001-F02,true
132,69c7b108a077d3fbb390829c,BOX-PO-2026-1123-RLNO32384-1774694664842-5,updated,13,0,13,B7-02-S0001-F02,true
133,69c7b9297b9dd20a8569ec2c,BOX-PO-2026-1124-NC-1618-1774696745055-1,updated,7,0,7,B7-02-S0001-F02,true
134,69c7b9297b9dd20a8569ec2e,BOX-PO-2026-1124-NC-1516-1774696745055-2,updated,10.667,0,12,B7-02-S0001-F02,true
135,69c7b9297b9dd20a8569ec30,BOX-PO-2026-1124-NC-1764-1774696745055-3,updated,19,0,19,B7-02-S0001-F02,true
136,69c7b9297b9dd20a8569ec3a,BOX-PO-2026-1124-NC-1533-1774696745055-8,updated,1,0,1,B7-02-S0001-F02,true
137,69c7cc467b9dd20a856a3e92,BOX-PO-2026-1125-92139-1774701638932-1,updated,2,0,2,B7-02-S0001-F02,true
138,69c7cc467b9dd20a856a3e94,BOX-PO-2026-1125-90301-1774701638932-2,updated,2,0,2,B7-02-S0001-F02,true
139,69c7cc467b9dd20a856a3e98,BOX-PO-2026-1125-95131-1774701638932-4,updated,3,0,3,B7-02-S0001-F02,true
140,69c7cc467b9dd20a856a3ea0,BOX-PO-2026-1125-93711-1774701638932-8,updated,3,0,3,B7-02-S0001-F02,true
141,69c7cc467b9dd20a856a3ea6,BOX-PO-2026-1125-98038-1774701638932-11,updated,3,0,3,B7-02-S0001-F02,true
142,69c7cc467b9dd20a856a3ea8,BOX-PO-2026-1125-94077-1774701638932-12,updated,3,0,3,B7-02-S0001-F02,true
143,69c7cf187b9dd20a856a4d5c,BOX-PO-2026-1125-93091-1774702360199-1,updated,1,0,1,B7-02-S0001-F02,true
144,69c7cf187b9dd20a856a4d60,BOX-PO-2026-1125-95193-1774702360199-3,updated,1,0,1,B7-02-S0001-F02,true
145,69c7cf187b9dd20a856a4d62,BOX-PO-2026-1125-93079-1774702360199-4,updated,2,0,2,B7-02-S0001-F02,true
146,69c7cf187b9dd20a856a4d64,BOX-PO-2026-1125-94623-1774702360199-5,updated,1,0,1,B7-02-S0001-F02,true
147,69c7cf187b9dd20a856a4d6a,BOX-PO-2026-1125-11105-1774702360199-8,updated,0.349,0,1,B7-02-S0001-F02,true
148,69c7cf187b9dd20a856a4d6e,BOX-PO-2026-1125-11121-1774702360199-10,updated,0.9879999999999995,0,10,B7-02-S0001-F02,true
149,69c7cf187b9dd20a856a4d76,BOX-PO-2026-1125-91412-1774702360199-14,updated,12,0,12,B7-02-S0001-F02,true
150,69c7cf187b9dd20a856a4d7a,BOX-PO-2026-1125-94766-1774702360199-16,updated,8,0,8,B7-02-S0001-F02,true
151,69ca08009fe45c0c5924bd70,BOX-PO-2026-1126-M0112250-1774848000529-2,updated,3.261,0,9,B7-02-S0001-F02,true
152,69ca08009fe45c0c5924bd76,BOX-PO-2026-1126-M0115388-1774848000529-5,updated,4.340999999999999,0,8,B7-02-S0001-F02,true
153,69ca08009fe45c0c5924bd7a,BOX-PO-2026-1126-M42504779-1774848000529-7,updated,1,0,1,B7-02-S0001-F02,true
154,69ca08009fe45c0c5924bd7c,BOX-PO-2026-1126-M0111988-1774848000529-8,updated,22,0,22,B7-02-S0001-F02,true
155,69ca08009fe45c0c5924bd7e,BOX-PO-2026-1126-M0112028-1774848000529-9,updated,0.030000000000000027,0,1,B7-02-S0001-F02,true
156,69ca08009fe45c0c5924bd80,BOX-PO-2026-1126-MU2412230-1774848000529-10,updated,1,0,1,B7-02-S0001-F02,true
157,69ca25e90ab7021c82e4d05b,BOX-PO-2026-1128-NL37254-1774855657312-2,updated,1,0,1,B7-02-S0001-F02,true
158,69ca25e90ab7021c82e4d061,BOX-PO-2026-1128-NL60325-1774855657312-5,updated,7,0,7,B7-02-S0001-F02,true
159,69ca25e90ab7021c82e4d063,BOX-PO-2026-1128-CN-2090-1774855657312-6,updated,7.997999999999999,0,9,B7-02-S0001-F02,true
160,69ca25e90ab7021c82e4d067,BOX-PO-2026-1128-CN-752-1774855657312-8,updated,1,0,1,B7-02-S0001-F02,true
161,69ca266e0ab7021c82e4d262,BOX-PO-2026-1129-92596-1774855790466-1,updated,1,0,1,B7-02-S0001-F02,true
162,69ca2fa40ab7021c82e4dbe2,BOX-PO-2026-1128-NL58208-1774858148810-5,updated,2,0,2,B7-02-S0001-F02,true
163,69ca2fa40ab7021c82e4dbea,BOX-PO-2026-1128-NL56081-1774858148810-9,updated,1.936,0,5,B7-02-S0001-F02,true
164,69ca6c7bff9f99209b64a3e5,BOX-PO-2026-1133-NL56189-1774873723626-1,updated,19.47,0,20,B7-02-S0001-F02,true
165,69cb7691ff9f99209b65d4ef,BOX-PO-2026-1134-2452102740-1774941841331-1,updated,7,0,7,B7-02-S0001-F02,true
166,69cb7691ff9f99209b65d4f1,BOX-PO-2026-1134-2552307423-1774941841331-2,updated,9,0,9,B7-02-S0001-F02,true
167,69cb7691ff9f99209b65d4f3,BOX-PO-2026-1134-255230774-1774941841331-3,updated,2,0,2,B7-02-S0001-F02,true
168,69cb7691ff9f99209b65d4f7,BOX-PO-2026-1134-2554106342-1774941841331-5,updated,1,0,1,B7-02-S0001-F02,true
169,69cb7691ff9f99209b65d4fd,BOX-PO-2026-1134-2154105608-1774941841331-9,updated,2,0,2,B7-02-S0001-F02,true
170,69ce298cff9f99209b6d3f97,BOX-PO-2026-1140-1729084-1775118732799-1,updated,1,0,1,B7-02-S0001-F02,true
171,69ce298cff9f99209b6d3f99,BOX-PO-2026-1140-1804088-1775118732799-2,updated,2,0,2,B7-02-S0001-F02,true
172,69ce298cff9f99209b6d3f9b,BOX-PO-2026-1140-2544586-1775118732799-3,updated,1,0,1,B7-02-S0001-F02,true
173,69ce2b5eff9f99209b6d45ed,BOX-PO-2026-1141-22BP034-1775119198879-1,updated,1,0,1,B7-02-S0001-F02,true
174,69ce2b5eff9f99209b6d45ef,BOX-PO-2026-1141-154769-1775119198879-2,updated,2,0,2,B7-02-S0001-F02,true
175,69ce2c25ff9f99209b6d4fae,BOX-PO-2026-1142-22278-1775119397836-1,updated,0.9999999999999998,0,1,B7-02-S0001-F02,true
176,69ce5feaa15c8c3be2e9b5eb,BOX-PO-2026-1143-NL60122-1775132650132-2,updated,5,0,5,B7-02-S0001-F02,true
177,69ce5feaa15c8c3be2e9b5f3,BOX-PO-2026-1143-1610-1775132650132-6,updated,2,0,2,B7-02-S0001-F02,true
178,69ce5feaa15c8c3be2e9b5f7,BOX-PO-2026-1143-1533-1775132650132-8,updated,1,0,1,B7-02-S0001-F02,true
179,69ce5feaa15c8c3be2e9b5fb,BOX-PO-2026-1143-1623-1775132650132-10,updated,1,0,1,B7-02-S0001-F02,true
180,69d38f3c2614366a5d882f6f,BOX-PO-2026-1151-EW30620-1775472444571-2,updated,1,0,1,B7-02-S0001-F02,true
181,69d38f3c2614366a5d882f71,BOX-PO-2026-1151-EW37708-1775472444571-3,updated,2,0,2,B7-02-S0001-F02,true
182,69d38f3c2614366a5d882f73,BOX-PO-2026-1151-EW64238-1775472444571-4,updated,1,0,1,B7-02-S0001-F02,true
183,69d38f3c2614366a5d882f75,BOX-PO-2026-1151-DW64656-1775472444571-5,updated,1,0,1,B7-02-S0001-F02,true
184,69d38f3c2614366a5d882f7b,BOX-PO-2026-1151-EW37709-1775472444571-8,updated,1,0,1,B7-02-S0001-F02,true
185,69d38f3c2614366a5d882f85,BOX-PO-2026-1151-EW37702-1775472444571-13,updated,1,0,1,B7-02-S0001-F02,true
186,69d9d86bedc59d9ec1095d85,BOX-PO-2026-1162-00-1775884395153-5,updated,1,0,1,B7-02-S0001-F02,true
187,69d9d86bedc59d9ec1095d95,BOX-PO-2026-1162-42306-1775884395153-7,updated,1,0,1,B7-02-S0001-F02,true
188,69da2996edc59d9ec10b5274,BOX-PO-2026-1164-18900-1775905174370-1,updated,1,0,1,B7-02-S0001-F02,true
189,69da2996edc59d9ec10b527c,BOX-PO-2026-1164-90186-1775905174370-5,updated,1,0,1,B7-02-S0001-F02,true
190,69da2996edc59d9ec10b5286,BOX-PO-2026-1164-91990-1775905174370-10,updated,1,0,1,B7-02-S0001-F02,true
191,69da2996edc59d9ec10b5288,BOX-PO-2026-1164-95486-1775905174370-11,updated,1,0,1,B7-02-S0001-F02,true
192,69da2996edc59d9ec10b528a,BOX-PO-2026-1164-94539-1775905174370-12,updated,1,0,1,B7-02-S0001-F02,true
193,69e6fd5df0694e7c1e21bffc,BOX-PO-2026-1168-65600-1776745821571-1,updated,0.3959999999999999,0,6,B7-02-S0001-F02,true
194,69e6fd5df0694e7c1e21bffe,BOX-PO-2026-1168-40313-1776745821571-2,updated,1.914,0,3,B7-02-S0001-F02,true
195,69e6fd5df0694e7c1e21c000,BOX-PO-2026-1168-42306-1776745821571-3,updated,1,0,1,B7-02-S0001-F02,true
196,69e6fd5df0694e7c1e21c002,BOX-PO-2026-1168-62852-1776745821571-4,updated,0.854,0,1,B7-02-S0001-F02,true
197,69e6fd5df0694e7c1e21c004,BOX-PO-2026-1168-64664-1776745821571-5,updated,1.626,0,3,B7-02-S0001-F02,true
198,69e6fd5df0694e7c1e21c006,BOX-PO-2026-1168-11364-1776745821571-6,updated,0.19599999999999995,0,1,B7-02-S0001-F02,true
199,69e6fd5df0694e7c1e21c00a,BOX-PO-2026-1168-1 21.04-1776745821571-8,updated,0.9999999999999998,0,1,B7-02-S0001-F02,true
200,69e707bdf0694e7c1e21f913,BOX-PO-2026-1170-NL56129-1776748477724-1,updated,0.8,0,1,B7-02-S0001-F02,true
201,69e7164df0694e7c1e22513b,BOX-PO-2026-1171-2504104777-1776752205740-1,updated,1.0000000000000002,0,1,B7-02-S0001-F02,true
202,69e7164df0694e7c1e22513d,BOX-PO-2026-1171-2554106340-1776752205740-2,updated,4.4559999999999995,0,10,B7-02-S0001-F02,true
203,69e72420f0694e7c1e22e848,BOX-PO-2026-1172-92269-1776755744539-1,updated,0.71,0,1,B7-02-S0001-F02,true
204,69e72420f0694e7c1e22e84e,BOX-PO-2026-1172-92515-1776755744539-2,updated,0.03600000000000003,0,1,B7-02-S0001-F02,true
205,69e72420f0694e7c1e22e85f,BOX-PO-2026-1172-91237-1776755744539-4,updated,0.16800000000000004,0,1,B7-02-S0001-F02,true
206,69e755a223c856872b4690f9,BOX-PO-2026-1173-1905075-1776768418975-1,updated,1,0,1,B7-02-S0001-F02,true
207,69ec95b486f7ddd153f32201,BOX-PO-2026-1178-365-1777112500720-2,updated,1,0,1,B7-02-S0001-F02,true
208,69ec988886f7ddd153f34996,BOX-PO-2026-1179-CN/2064-1777113224538-1,updated,0.994,0,2,B7-02-S0001-F02,true
209,69ec9be286f7ddd153f375a5,BOX-PO-2026-1181-92269-1777114082265-1,updated,1,0,1,B7-02-S0001-F02,true
210,69ec9be286f7ddd153f375ab,BOX-PO-2026-1181-93711-1777114082265-4,updated,6,0,6,B7-02-S0001-F02,true
211,69944737f0a2c8b07dc3e9fb,BOX-PO-2026-961-EW28220-1771325239626-27,updated,15.93,0,18,B7-02-S0013-F02,true
212,69a156e280445e52870b2af8,BOX-PO-2026-1013-NL60122-1772181218639-9,updated,28,0,34,B7-02-S0013-F02,true
213,69a156e280445e52870b2afa,BOX-PO-2026-1013-NL56937-1772181218639-10,updated,11.246999999999998,0,28,B7-02-S0013-F02,true
214,69b3a9f333290afcb562b505,BOX-PO-2026-1075-NL58854-1773382131629-3,updated,2.2779999999999996,0,11,B7-02-S0013-F02,true
215,69d363ba2614366a5d87945d,BOX-PO-2026-1097-NL63072-1775461306802-20,updated,5.943999999999997,24.82,26,B7-02-S0014-F01,true
216,69944737f0a2c8b07dc3eb23,BOX-PO-2026-961-EW66023-1771325239626-247,updated,19.68,0,22,B7-02-S0014-F02,true
217,69ba46ae36a721508719670a,BOX-PO-2026-1061-NL62514-1773815470364-1,updated,12.120999999999999,0,25,B7-02-S0014-F02,true
218,69ba46ae36a721508719670b,BOX-PO-2026-1061-NL62514-1773815470364-2,updated,24.26,0,25,B7-02-S0014-F02,true
219,69ba46ae36a721508719670c,BOX-PO-2026-1061-NL62514-1773815470364-3,updated,4.269999999999996,0,25,B7-02-S0014-F02,true
220,69ba46ae36a721508719670d,BOX-PO-2026-1061-NL62514-1773815470364-4,updated,13.970000000000002,0,25,B7-02-S0014-F02,true
221,69ba46ae36a7215087196710,BOX-PO-2026-1061-NL62514-1773815470364-7,updated,15.011000000000001,0,25,B7-02-S0014-F02,true
222,69ba46ae36a7215087196714,BOX-PO-2026-1061-NL62514-1773815470364-11,updated,10.535,0,25,B7-02-S0014-F02,true
223,69a2ec1793145c5b2854f9d1,BOX-PO-2026-278-NC/1614-1772284951693-7,updated,5.463000000000002,0,33,B7-02-S0019-F01,true
224,69a2ec1793145c5b2854f9d2,BOX-PO-2026-278-NC/1614-1772284951693-8,updated,14.704000000000002,0,36,B7-02-S0019-F01,true
225,69a2ec1793145c5b2854f9d5,BOX-PO-2026-278-NC/1614-1772284951693-11,updated,9.9,0,35,B7-02-S0019-F01,true
226,69a2ec1793145c5b2854f9d3,BOX-PO-2026-278-NC/1614-1772284951693-9,updated,2.4349999999999987,0,35,B7-02-S0019-F02,true
227,69a2ec1793145c5b2854f9d8,BOX-PO-2026-278-NC/1614-1772284951693-14,updated,6.62,0,33,B7-02-S0019-F02,true
228,69a2ec1793145c5b2854f9db,BOX-PO-2026-278-NC/1614-1772284951693-17,updated,11.2,0,32,B7-02-S0019-F02,true
229,69a2ec7f93145c5b2854fa8d,BOX-PO-2026-506-NC/1620-1772285055792-5,updated,11.947,0,36,B7-02-S0019-F02,true
230,69a2ec1793145c5b2854f9cc,BOX-PO-2026-278-NC/1614-1772284951693-2,updated,2.3619999999999983,0,34,B7-02-S0019-F03,true
231,69a2ec1793145c5b2854f9d6,BOX-PO-2026-278-NC/1614-1772284951693-12,updated,12.072999999999999,0,34,B7-02-S0019-F03,true
232,69a2ec1793145c5b2854f9d7,BOX-PO-2026-278-NC/1614-1772284951693-13,updated,12.363999999999999,0,36,B7-02-S0019-F03,true
233,69a2ec1793145c5b2854f9dd,BOX-PO-2026-278-NC/1614-1772284951693-19,updated,10.75,0,38,B7-02-S0019-F03,true
234,69944737f0a2c8b07dc3ea55,BOX-PO-2026-961-EW53426-1771325239626-97,updated,17.75,0,17,B7-02-S0020-F01,true
235,69944737f0a2c8b07dc3ea57,BOX-PO-2026-961-EW63632-1771325239626-98,updated,18.67,0,21,B7-02-S0020-F01,true
236,69944cb1f0a2c8b07dc3fd30,BOX-PO-2026-997-G77171-1771326641728-19,updated,23.852,0,13,B7-02-S0020-F01,true
237,69944cb1f0a2c8b07dc3fd33,BOX-PO-2026-997-NL56937-1771326641728-21,updated,23.274000000000008,0,26,B7-02-S0020-F01,true
238,69944cb1f0a2c8b07dc3fd29,BOX-PO-2026-997-G77171-1771326641728-12,updated,19.4,0,22,B7-02-S0020-F03,true
239,69944cb1f0a2c8b07dc3fd2a,BOX-PO-2026-997-G77171-1771326641728-13,updated,19.25,0,13,B7-02-S0020-F03,true
240,69944cb1f0a2c8b07dc3fd2b,BOX-PO-2026-997-G77171-1771326641728-14,updated,4.260000000000002,0,14,B7-02-S0020-F03,true
241,69944cb1f0a2c8b07dc3fd2c,BOX-PO-2026-997-G77171-1771326641728-15,updated,21.304,0,13,B7-02-S0020-F03,true
242,69944737f0a2c8b07dc3ea60,BOX-PO-2026-961-EW18283-1771325239626-103,updated,26.418,0,28,B7-02-S0021-F01,true
243,69d363ba2614366a5d879460,BOX-PO-2026-1097-NL63072-1775461306802-23,updated,28.814999999999998,33.74,35,B7-02-S0021-F01,true
244,69944737f0a2c8b07dc3ea48,BOX-PO-2026-961-EW62852-1771325239626-88,updated,17.67,0,18,B7-02-S0021-F02,true
245,69944737f0a2c8b07dc3ea49,BOX-PO-2026-961-EW62852-1771325239626-89,updated,17.696,0,21,B7-02-S0021-F02,true
246,69a2aa91a47ecd5436f7278d,BOX-PO-2026-1025-EW62852/25-1772268177740-19,updated,6.857000000000003,0,21,B7-02-S0021-F02,true
247,69944737f0a2c8b07dc3ea35,BOX-PO-2026-961-EW63148-1771325239626-73,updated,3.8089999999999993,0,9,B7-02-S0021-F03,true
248,69944737f0a2c8b07dc3ea37,BOX-PO-2026-961-EW63148-1771325239626-75,updated,20.21,0,23,B7-02-S0021-F03,true
249,69944737f0a2c8b07dc3ea38,BOX-PO-2026-961-EW63148-1771325239626-76,updated,7.602000000000002,0,22,B7-02-S0021-F03,true
250,69944cb1f0a2c8b07dc3fd25,BOX-PO-2026-997-NL60122-1771326641728-9,updated,30.1,0,19,B7-02-S0021-F03,true
251,699eba6ec926fc0fe858cc43,BOX-PO-2026-390-EW16295-1772010094373-17,updated,17.39,0,16,B7-02-S0022-F01,true
252,699ebed9bbffbc1a171fe71a,BOX-PO-2026-795-NL56127-1772011225907-3,updated,20.3,0,24,B7-02-S0022-F01,true
253,699ebed9bbffbc1a171fe71c,BOX-PO-2026-795-NL58391-1772011225907-4,updated,3.046000000000001,0,14,B7-02-S0022-F01,true
254,699ebed9bbffbc1a171fe724,BOX-PO-2026-795-NL1529-1772011225907-8,updated,15.39,0,31,B7-02-S0022-F01,true
255,699ebb9ec926fc0fe858d269,BOX-PO-2026-510-LN13399-1772010398627-22,updated,4.52,0,8,B7-02-S0022-F02,true
256,69944cb1f0a2c8b07dc3fdbe,BOX-PO-2026-997-CN/2033-1771326641728-145,updated,7.878999999999998,0,15,B7-02-S0022-F03,true
257,69944cb1f0a2c8b07dc3fdbf,BOX-PO-2026-997-CN/2033-1771326641728-146,updated,8.391,0,15,B7-02-S0022-F03,true
258,69944cb1f0a2c8b07dc3fdeb,BOX-PO-2026-997-CN/2067-1771326641728-184,updated,10.497000000000002,0,18,B7-02-S0022-F03,true
259,69944cb1f0a2c8b07dc3fdec,BOX-PO-2026-997-CN/2067-1771326641728-185,updated,15.78,0,13,B7-02-S0022-F03,true
260,69a28841a47ecd5436f72053,BOX-PO-2026-1024-CN/2064-1772259393927-5,updated,7.539,0,20,B7-02-S0022-F03,true
261,69944cb1f0a2c8b07dc3fe08,BOX-PO-2026-997-G79157/80-1771326641728-209,updated,7.022999999999998,0,10,B7-02-S0023-F01,true
262,69944cb1f0a2c8b07dc3fe09,BOX-PO-2026-997-G79157/80-1771326641728-210,updated,5.569999999999997,0,11,B7-02-S0023-F01,true
263,699eba6ec926fc0fe858cc31,BOX-PO-2026-390-EW33430-1772010094373-8,updated,8.67,0,8,B7-02-S0023-F02,true
264,699eba6ec926fc0fe858cc33,BOX-PO-2026-390-EW50230-1772010094373-9,updated,9.203999999999999,0,25,B7-02-S0023-F02,true
265,699ebb9ec926fc0fe858d25b,BOX-PO-2026-510-LN15172-1772010398627-15,updated,14.59,0,18,B7-02-S0023-F02,true
266,699eba6ec926fc0fe858cc3b,BOX-PO-2026-390-10857-1772010094373-13,updated,2.52,0,4,B7-02-S0023-F03,true
267,69944737f0a2c8b07dc3eb3f,BOX-PO-2026-961-EW66098-1771325239626-271,updated,21.32,0,18,B7-02-S0024-F01,true
268,69944cb1f0a2c8b07dc3fe13,BOX-PO-2026-997-G79157/80-1771326641728-220,updated,5.6530000000000005,0,12,B7-02-S0024-F01,true
269,69944cb1f0a2c8b07dc3fe07,BOX-PO-2026-997-G79157/80-1771326641728-208,updated,2.1450000000000014,0,11,B7-02-S0024-F03,true
270,69944cb1f0a2c8b07dc3fe11,BOX-PO-2026-997-G79157/80-1771326641728-218,updated,4.496000000000002,0,12,B7-02-S0024-F03,true
271,69944cb1f0a2c8b07dc3fe14,BOX-PO-2026-997-G79157/80-1771326641728-221,updated,19.929999999999993,0,12,B7-02-S0024-F03,true
272,69944cb1f0a2c8b07dc3fe16,BOX-PO-2026-997-G79157/80-1771326641728-223,updated,2.375,0,12,B7-02-S0024-F03,true
273,69944cb1f0a2c8b07dc3fdd9,BOX-PO-2026-997-NL61132-1771326641728-169,updated,7.595000000000002,0,35,B7-02-S0025-F01,true
274,69944cb1f0a2c8b07dc3fddc,BOX-PO-2026-997-NL61132-1771326641728-172,updated,0.7779999999999951,0,34,B7-02-S0025-F01,true
275,699eba6ec926fc0fe858cc24,BOX-PO-2026-390-EW39865-1772010094373-1,updated,6.4,0,8,B7-02-S0025-F02,true
276,699eba6ec926fc0fe858cc26,BOX-PO-2026-390-EW01161-1772010094373-2,updated,12,0,16,B7-02-S0025-F02,true
277,69944737f0a2c8b07dc3eace,BOX-PO-2026-961-EW35567-1771325239626-181,updated,5.45,0,5,B7-02-S0025-F03,true
278,69944cb1f0a2c8b07dc3fe0b,BOX-PO-2026-997-G79157/80-1771326641728-212,updated,7.447000000000001,0,18,B7-02-S0025-F03,true
279,69944cb1f0a2c8b07dc3fe0c,BOX-PO-2026-997-G79157/80-1771326641728-213,updated,13.421000000000001,0,10,B7-02-S0025-F03,true
280,69944cb1f0a2c8b07dc3fe0d,BOX-PO-2026-997-G79157/80-1771326641728-214,updated,11.573,0,12,B7-02-S0025-F03,true
281,69944cb1f0a2c8b07dc3fe0f,BOX-PO-2026-997-G79157/80-1771326641728-216,updated,8.274000000000001,0,12,B7-02-S0025-F03,true
282,69944cb1f0a2c8b07dc3fe10,BOX-PO-2026-997-G79157/80-1771326641728-217,updated,7.573000000000002,0,12,B7-02-S0025-F03,true
283,69944737f0a2c8b07dc3eaa7,BOX-PO-2026-961-EW37690-1771325239626-148,updated,17.82,0,18,B7-02-S0026-F01,true
284,69a2aa91a47ecd5436f7277d,BOX-PO-2026-1025-EW37708-1772268177740-9,updated,19.647999999999996,0,20,B7-02-S0026-F01,true
285,69a2aa91a47ecd5436f7277b,BOX-PO-2026-1025-EW37702-1772268177740-8,updated,17.76,0,20,B7-02-S0026-F02,true
286,69a2aa91a47ecd5436f72780,BOX-PO-2026-1025-EW37709-1772268177740-11,updated,19.83599999999999,0,23,B7-02-S0026-F02,true
287,69944737f0a2c8b07dc3e9f8,BOX-PO-2026-961-EW64444-1771325239626-25,updated,17.07,0,19,B7-02-S0026-F03,true
288,69944737f0a2c8b07dc3eb0b,BOX-PO-2026-961-EW66008-1771325239626-226,updated,4.516000000000002,0,24,B7-02-S0026-F03,true
289,69944737f0a2c8b07dc3eb0d,BOX-PO-2026-961-EW66008-1771325239626-228,updated,11.177999999999997,0,24,B7-02-S0026-F03,true
290,69944737f0a2c8b07dc3eb10,BOX-PO-2026-961-EW66008-1771325239626-231,updated,7.878000000000001,0,13,B7-02-S0026-F03,true
291,69944cb1f0a2c8b07dc3fdc6,BOX-PO-2026-997-CN/2033-1771326641728-153,updated,10.702,0,15,B7-02-S0026-F03,true
292,69944cb1f0a2c8b07dc3fe0e,BOX-PO-2026-997-G79157/80-1771326641728-215,updated,19.05,0,12,B7-02-S0026-F03,true
293,69a2aa91a47ecd5436f72797,BOX-PO-2026-1025-EW66008-1772268177740-25,updated,13.872,0,24,B7-02-S0026-F03,true
294,69944737f0a2c8b07dc3ea6d,BOX-PO-2026-961-EW44096-1771325239626-111,updated,4.385000000000002,0,28,B7-02-S0027-F02,true
295,69944737f0a2c8b07dc3ea75,BOX-PO-2026-961-EW41671-1771325239626-115,updated,6.104000000000001,0,20,B7-02-S0028-F02,true
296,69944737f0a2c8b07dc3ea79,BOX-PO-2026-961-EW32757-1771325239626-117,updated,16.49,0,19,B7-02-S0028-F02,true
297,69d0ca3097fe9152fa9f307b,BOX-PO-2026-1098-EW71982-1775290928164-2,updated,18.560000000000002,22.6,23,B7-02-S0028-F02,true
298,69944737f0a2c8b07dc3ea66,BOX-PO-2026-961-EW28074-1771325239626-107,updated,21.23,0,24,B7-02-S0028-F03,true
299,69944737f0a2c8b07dc3ea67,BOX-PO-2026-961-EW28074-1771325239626-108,updated,21.339999999999996,0,24,B7-02-S0028-F03,true
300,69a2d69093145c5b2854eab1,BOX-PO-2026-535-EW67223-1772279440428-5,updated,22.72,0,19,B7-02-S0029-F01,true
301,69a2d69093145c5b2854eab2,BOX-PO-2026-535-EW67223-1772279440428-6,updated,22.77,0,19,B7-02-S0029-F01,true
302,69a2d69093145c5b2854eab3,BOX-PO-2026-535-EW67223-1772279440428-7,updated,3.4980000000000047,0,19,B7-02-S0029-F01,true
303,69a2e99193145c5b2854f8c7,BOX-PO-2026-506-CN/2090-1772284305253-4,updated,16.32,0,20,B7-02-S0029-F01,true
304,69a2c09b93145c5b2854cee4,BOX-PO-2026-535-EW66328-1772273819596-6,updated,8.199,0,17,B7-02-S0029-F02,true
305,69a2c09b93145c5b2854cee5,BOX-PO-2026-535-EW66328-1772273819596-7,updated,21.9,0,19,B7-02-S0029-F02,true
306,69944cb1f0a2c8b07dc3fde9,BOX-PO-2026-997-CN/2067-1771326641728-182,updated,16.24,0,18,B7-02-S0030-F01,true
307,69944cb1f0a2c8b07dc3fdea,BOX-PO-2026-997-CN/2067-1771326641728-183,updated,16.72,0.02,20,B7-02-S0030-F01,true
308,69944cb1f0a2c8b07dc3fdee,BOX-PO-2026-997-CN/2067-1771326641728-187,updated,16.25,0,18,B7-02-S0030-F01,true
309,69944cb1f0a2c8b07dc3fdf1,BOX-PO-2026-997-CN/2067-1771326641728-190,updated,15.74,0,18,B7-02-S0030-F01,true
310,69944cb1f0a2c8b07dc3fdca,BOX-PO-2026-997-CN/2033-1771326641728-157,updated,7.232999999999999,0,16,B7-02-S0030-F03,true
311,69944cb1f0a2c8b07dc3fdcc,BOX-PO-2026-997-CN/2033-1771326641728-159,updated,16.570000000000004,0,36,B7-02-S0030-F03,true
312,69a2e99193145c5b2854f8c5,BOX-PO-2026-506-CN/2090-1772284305253-2,updated,9.415,0,19,B7-02-S0030-F03,true
313,69a2e99193145c5b2854f8cc,BOX-PO-2026-506-CN/2090-1772284305253-9,updated,14.88,0,17,B7-02-S0030-F03,true
314,69944cb1f0a2c8b07dc3fe00,BOX-PO-2026-997-N/6412-1771326641728-202,updated,5.362,0,16,B7-02-S0031-F01,true
315,69a2c6c693145c5b2854d2c6,BOX-PO-2026-535-EW67079-1772275398329-4,updated,6.716999999999999,0,20,B7-02-S0031-F01,true
316,69944737f0a2c8b07dc3eb20,BOX-PO-2026-961-EW65701-1771325239626-245,updated,23,0,19,B7-02-S0031-F02,true
317,69944cb1f0a2c8b07dc3fe12,BOX-PO-2026-997-G79157/80-1771326641728-219,updated,19.994000000000003,0,12,B7-02-S0031-F02,true
318,69944737f0a2c8b07dc3ead3,BOX-PO-2026-961-EW50007-1771325239626-184,updated,1.5629999999999988,0,19,B7-02-S0031-F03,true
319,69944737f0a2c8b07dc3ead4,BOX-PO-2026-961-EW50007-1771325239626-185,updated,9.41,0,8,B7-02-S0031-F03,true
320,69944737f0a2c8b07dc3eb1c,BOX-PO-2026-961-EW65701-1771325239626-241,updated,11.06,0,9,B7-02-S0031-F03,true
321,69a1581980445e52870b2d0d,BOX-PO-2026-1015-EW165724-1772181529649-3,updated,22.25,0,21,B7-02-S0031-F03,true
322,69a28841a47ecd5436f72056,BOX-PO-2026-1024-N/6412-1772259393927-7,updated,26.61,0,19,B7-02-S0031-F03,true
323,69a2c6c693145c5b2854d2c5,BOX-PO-2026-535-EW67079-1772275398329-3,updated,10.429999999999998,0,9,B7-02-S0031-F03,true
324,69a2aa91a47ecd5436f72789,BOX-PO-2026-1025-EW56393-1772268177740-17,updated,8.05,0,7,B7-02-S0032-F01,true
325,69a2dcb693145c5b2854f061,BOX-PO-2026-680-EW67074-1772281014602-1,updated,23.879999999999995,0,20,B7-02-S0032-F02,true
326,69a2dcb693145c5b2854f062,BOX-PO-2026-680-EW67074-1772281014602-2,updated,11.305999999999997,0,19,B7-02-S0032-F02,true
327,69a2dcb693145c5b2854f063,BOX-PO-2026-680-EW67074-1772281014602-3,updated,23.95,0,20,B7-02-S0032-F02,true
328,69944737f0a2c8b07dc3eab8,BOX-PO-2026-961-EW64238-1771325239626-163,updated,22.3,0,18,B7-02-S0032-F03,true
329,69944737f0a2c8b07dc3eb18,BOX-PO-2026-961-EW65600-1771325239626-238,updated,2.035999999999996,0,20,B7-02-S0032-F03,true
330,69944737f0a2c8b07dc3eb1a,BOX-PO-2026-961-EW65600-1771325239626-240,updated,17.98,0,20,B7-02-S0032-F03,true
331,69a2b21093145c5b2854c3b5,BOX-PO-2026-1025-EW65600/25-1772270096620-1,updated,8.630999999999998,0,20,B7-02-S0032-F03,true
332,69a3db7093145c5b2855013a,BOX-PO-2026-1036-EW16342-1772346224330-2,updated,15.15,0,14,B7-02-S0032-F03,true
333,69a3db7093145c5b28550148,BOX-PO-2026-1036-EW95287-1772346224330-9,updated,3.1570000000000036,0,34,B7-02-S0033-F01,true
334,69a3cec593145c5b2854ff26,BOX-PO-2026-1034-RLN027756-1772342981420-8,updated,12.06,0,33,B7-02-S0033-F02,true
335,69a3db7093145c5b28550138,BOX-PO-2026-1036-EW10426-1772346224330-1,updated,16.27,0,13,B7-02-S0033-F02,true
336,69a3db7093145c5b2855013c,BOX-PO-2026-1036-EW67079-1772346224330-3,updated,1.9990000000000023,0,13,B7-02-S0033-F02,true
337,69a3db7093145c5b2855013e,BOX-PO-2026-1036-DW88506-1772346224330-4,updated,1.586000000000002,0,15,B7-02-S0033-F02,true
338,69944737f0a2c8b07dc3ea0f,BOX-PO-2026-961-EW64664-1771325239626-42,updated,16.25,0,18,B7-02-S0033-F03,true
339,69944737f0a2c8b07dc3ea10,BOX-PO-2026-961-EW64664-1771325239626-43,updated,8.982000000000001,0,18,B7-02-S0033-F03,true
340,69944737f0a2c8b07dc3eaaa,BOX-PO-2026-961-EW37702-1771325239626-150,updated,18.748,0,20,B7-02-S0033-F03,true
341,69a2aa91a47ecd5436f72791,BOX-PO-2026-1025-EW64444-1772268177740-22,updated,5.109999999999999,0,20,B7-02-S0033-F03,true
342,69a28841a47ecd5436f7205b,BOX-PO-2026-1024-NC/1594-1772259393927-10,updated,12.946,0,37,B7-02-S0034-F01,true
343,69944cb1f0a2c8b07dc3fd89,BOX-PO-2026-997-NC/1593-1771326641728-99,updated,4.135999999999999,0,40,B7-02-S0034-F02,true
344,69a156e280445e52870b2af3,BOX-PO-2026-1013-NC/1618-1772181218639-6,updated,3.1549999999999994,0,34,B7-02-S0034-F02,true
345,69a2ec7f93145c5b2854fa94,BOX-PO-2026-506-NC/1620-1772285055792-12,updated,6.961,0,33,B7-02-S0034-F02,true
346,69944cb1f0a2c8b07dc3fd72,BOX-PO-2026-997-NC/1610-1771326641728-80,updated,10.28,0.02,42,B7-02-S0034-F03,true
347,69944cb1f0a2c8b07dc3fd87,BOX-PO-2026-997-NC/1593-1771326641728-97,updated,4.208,0,40,B7-02-S0034-F03,true
348,69a156e280445e52870b2af0,BOX-PO-2026-1013-NC/1516-1772181218639-4,updated,11.760000000000002,0,33,B7-02-S0034-F03,true
349,69944fd7f0a2c8b07dc4032a,BOX-PO-2026-450-SLN0277561-1771327447669-13,updated,3.7009999999999996,0,28,B7-02-S0035-F01,true
350,69944fd7f0a2c8b07dc4032d,BOX-PO-2026-450-SLN034619-1771327447669-15,updated,1.2540000000000004,0,32,B7-02-S0035-F01,true
351,69944fd7f0a2c8b07dc4032f,BOX-PO-2026-450-SLN034619-1771327447669-17,updated,10.981000000000002,0,32,B7-02-S0035-F01,true
352,69944fd7f0a2c8b07dc40330,BOX-PO-2026-450-SLN034619-1771327447669-18,updated,10.31,0,16,B7-02-S0035-F01,true
353,69944fd7f0a2c8b07dc4033a,BOX-PO-2026-450-SLN033685-1771327447669-25,updated,10.05,0,16,B7-02-S0035-F01,true
354,69a2ec1793145c5b2854f9e3,BOX-PO-2026-278-NC/1623-1772284951693-24,updated,0.8410000000000011,0,38,B7-02-S0035-F02,true
355,69944cb1f0a2c8b07dc3fd41,BOX-PO-2026-997-NC/1516-1771326641728-34,updated,14.865999999999996,0,40,B7-02-S0035-F03,true
356,69944cb1f0a2c8b07dc3fd78,BOX-PO-2026-997-NC/1610-1771326641728-86,updated,2.3249999999999993,0,38,B7-02-S0035-F03,true
357,69944cb1f0a2c8b07dc3fdab,BOX-PO-2026-997-CN/1950-1771326641728-129,updated,21.559000000000005,0,17,B7-02-S0039-F02,true
358,69944737f0a2c8b07dc3eb2c,BOX-PO-2026-961-EW66033-1771325239626-255,updated,22.78,0,24,B7-02-S0040-F02,true
359,69944737f0a2c8b07dc3eb33,BOX-PO-2026-961-EW66035-1771325239626-261,updated,12.829,0.02,24,B7-02-S0040-F03,true
360,699417e39c9936ad06eb3680,BOX-PO-2026-104-93232-1771313123196-3,updated,42.4,0,34,B7-03-S0001-F01,true
361,699417e39c9936ad06eb36a3,BOX-PO-2026-104-18996-1771313123196-27,updated,22.595,0,24,B7-03-S0001-F01,true
362,69941ed79c9936ad06eb45f7,BOX-PO-2026-767-C02558-1771314903901-4,updated,39.1,0,23,B7-03-S0001-F01,true
363,699417e39c9936ad06eb36c2,BOX-PO-2026-104-93711-1771313123196-52,updated,25.8,0,21,B7-03-S0002-F01,true
364,699417e39c9936ad06eb36d3,BOX-PO-2026-104-92685-1771313123196-65,updated,6.628,0,36,B7-03-S0002-F01,true
365,699404ce9c9936ad06eafdb8,BOX-PO-2026-895-2054106615-1771308238780-33,updated,51.846,0,40,B7-03-S0002-F01,true
366,699404ce9c9936ad06eafdb9,BOX-PO-2026-895-2054106615-1771308238780-34,updated,2.1110000000000113,0,40,B7-03-S0002-F01,true
367,699c37944583baeaf6e7da63,BOX-PO-2026-874-90461-1771845524530-2,updated,5.8,0,6,B7-03-S0002-F01,true
368,69940d3f9c9936ad06eb133c,BOX-PO-2026-019-DDM2107062-1771310399923-45,updated,11.7,0,10,B7-03-S0003-F01,true
369,699417e39c9936ad06eb3702,BOX-PO-2026-104-93079-1771313123196-101,updated,44.4,0,40,B7-03-S0003-F01,true
370,699417e39c9936ad06eb370d,BOX-PO-2026-104-92667-1771313123196-109,updated,0.75,0,38,B7-03-S0003-F01,true
371,699420509c9936ad06eb4e7d,BOX-PO-2026-201-154819-1771315280569-2,updated,31.5,0,24,B7-03-S0003-F01,true
372,699404ce9c9936ad06eafdc7,BOX-PO-2026-895-2454101827-1771308238780-42,updated,0.8670000000000044,0,40,B7-03-S0003-F01,true
373,699c37944583baeaf6e7da65,BOX-PO-2026-874-94105-1771845524530-3,updated,4.3260000000000005,0,35,B7-03-S0003-F01,true
374,6997008fff6d39dbea1056b6,BOX-PO-2026-104-92596-2-1771503758978-5,updated,9.382999999999992,0,27,B7-03-S0004-F01,true
375,699404ce9c9936ad06eafdcb,BOX-PO-2026-895-849011-1771308238780-44,updated,45.6,0.02,24,B7-03-S0004-F01,true
376,699404ce9c9936ad06eafdcc,BOX-PO-2026-895-849011-1771308238780-45,updated,49.8,0.02,24,B7-03-S0004-F01,true
377,69940d3f9c9936ad06eb139e,BOX-PO-2026-019-DDM1904955-1771310399923-116,updated,5.369999999999997,0,24,B7-03-S0005-F01,true
378,699417e39c9936ad06eb3742,BOX-PO-2026-104-92250-1771313123196-139,updated,9.245999999999995,0,44,B7-03-S0005-F01,true
379,699417e39c9936ad06eb3744,BOX-PO-2026-104-95775-1771313123196-140,updated,13.687999999999999,0,27,B7-03-S0005-F01,true
380,699404ce9c9936ad06eafdd6,BOX-PO-2026-895-2252101090-1771308238780-51,updated,5.2,0,4,B7-03-S0005-F01,true
381,699404ce9c9936ad06eafdec,BOX-PO-2026-895-2054104776-1771308238780-66,updated,77.20400000000004,0,68,B7-03-S0006-F01,true
382,699c340c4583baeaf6e7d5b1,BOX-PO-2026-565-1906178-1771844620166-1,updated,3.485000000000003,0,23,B7-03-S0006-F01,true
383,699417e39c9936ad06eb3757,BOX-PO-2026-104-90980-1771313123196-151,updated,32.800000000000004,0,41,B7-03-S0007-F01,true
384,699417e39c9936ad06eb3759,BOX-PO-2026-104-94054-1771313123196-152,updated,23.5,0,22,B7-03-S0007-F01,true
385,699420f49c9936ad06eb4fe9,BOX-PO-2026-607-EW09356-1771315444089-37,updated,1.8920000000000012,0,10,B7-03-S0007-F01,true
386,699420f49c9936ad06eb4fcf,BOX-PO-2026-607-EW10425/23-1771315444089-19,updated,9.306,0,20,B7-03-S0008-F01,true
387,699436c0f0a2c8b07dc3b590,BOX-PO-2026-011-NV03495-1771321024189-21,updated,4.979999999999997,0,28,B7-03-S0008-F01,true
388,699d49684583baeaf6e8e9d7,BOX-PO-2026-607-DW87150-1771915624328-1,updated,14.367000000000003,0,18,B7-03-S0008-F01,true
389,699420f49c9936ad06eb5038,BOX-PO-2026-607-EW06317-1771315444089-84,updated,4.702,0,15,B7-03-S0009-F01,true
390,699420f49c9936ad06eb506d,BOX-PO-2026-607-EW14044-1771315444089-118,updated,11,0,11,B7-03-S0009-F01,true
391,699404ce9c9936ad06eafe00,BOX-PO-2026-895-2454106271-1771308238780-79,updated,47.5,0,40,B7-03-S0009-F01,true
392,699c388a4583baeaf6e7dc64,BOX-PO-2026-214-DW87150-1771845770650-6,updated,19.81,0,23,B7-03-S0009-F01,true
393,699c388a4583baeaf6e7dc66,BOX-PO-2026-214-EW11364-1771845770650-7,updated,6.762999999999998,0.02,24,B7-03-S0009-F01,true
394,699417e39c9936ad06eb3777,BOX-PO-2026-104-T1318-1771313123196-169,updated,47,0,25,B7-03-S0011-F01,true
395,699417e39c9936ad06eb378a,BOX-PO-2026-104-T1340-1771313123196-182,updated,43,0,24,B7-03-S0012-F01,true
396,699417e39c9936ad06eb37b3,BOX-PO-2026-104-95410-1771313123196-211,updated,41.3,0,34,B7-03-S0012-F01,true
397,69941d129c9936ad06eb441a,BOX-PO-2026-282-3B2.01.6-1771314450509-3,updated,14.718999999999994,0,34,B7-03-S0012-F01,true
398,69941f899c9936ad06eb495b,BOX-PO-2026-993-M0115171-1771315081697-85,updated,18.42,0,18,B7-03-S0012-F01,true
399,69941f899c9936ad06eb495f,BOX-PO-2026-993-M0115171-1771315081697-89,updated,18.46,0,18,B7-03-S0012-F01,true
400,699404ce9c9936ad06eafe0a,BOX-PO-2026-895-2254107287-1771308238780-86,updated,39.495,0,15,B7-03-S0012-F01,true
401,69945e01f0a2c8b07dc44bf8,BOX-PO-2026-975-M0112007-1771331073708-6,updated,17.6,0,18,B7-04-S0007-F01,true
402,69946687f0a2c8b07dc46b5f,BOX-PO-2026-977-CN/2000-1771333255363-32,updated,11.8,0,14,B7-04-S0007-F01,true
403,69946687f0a2c8b07dc46b60,BOX-PO-2026-977-CN/2000-1771333255363-33,updated,17.59,0,20,B7-04-S0007-F01,true
404,69945e01f0a2c8b07dc44bf9,BOX-PO-2026-975-M0112007-1771331073708-7,updated,4.447999999999997,0,18,B7-04-S0008-F01,true
405,69945e01f0a2c8b07dc44c16,BOX-PO-2026-975-M0112103-1771331073708-31,updated,17.883,0,18,B7-04-S0008-F01,true
406,699d7936a4fa520dcb8c8a24,BOX-PO-2026-771-M0116001-1771927862096-7,updated,26.62,0,21,B7-04-S0008-F01,true
407,699d7936a4fa520dcb8c8a25,BOX-PO-2026-771-M0116001-1771927862096-8,updated,7.074000000000009,0,21,B7-04-S0008-F01,true
408,699d7936a4fa520dcb8c8a27,BOX-PO-2026-771-M0116001-1771927862096-10,updated,14.474,0,21,B7-04-S0008-F01,true
409,69945e01f0a2c8b07dc44bf5,BOX-PO-2026-975-M0112007-1771331073708-3,updated,8.966000000000001,0,18,B7-04-S0008-F02,true
410,69945e01f0a2c8b07dc44bf6,BOX-PO-2026-975-M0112007-1771331073708-4,updated,3.5589999999999993,0,18,B7-04-S0008-F02,true
411,69945e01f0a2c8b07dc44bf7,BOX-PO-2026-975-M0112007-1771331073708-5,updated,19.569,0,18,B7-04-S0008-F02,true
412,699d7936a4fa520dcb8c8a22,BOX-PO-2026-771-M0116001-1771927862096-5,updated,2.0779999999999994,0,21,B7-04-S0008-F02,true
413,699fc238587b8d1a74041359,BOX-PO-2026-1000-MO112103-1772077624782-1,updated,8.705000000000002,0,18,B7-04-S0008-F02,true
414,699d7936a4fa520dcb8c8a21,BOX-PO-2026-771-M0116001-1771927862096-4,updated,2.558,0,21,B7-04-S0009-F01,true
415,699d7936a4fa520dcb8c8a28,BOX-PO-2026-771-M0116001-1771927862096-11,updated,2.296000000000003,0,21,B7-04-S0009-F01,true
416,699d7936a4fa520dcb8c8a20,BOX-PO-2026-771-M0116001-1771927862096-3,updated,4.919000000000008,0,21,B7-04-S0009-F02,true
417,69946687f0a2c8b07dc46b7b,BOX-PO-2026-977-N/56627-1771333255363-51,updated,14.719999999999995,0,40,B7-04-S0012-F01,true
418,69946687f0a2c8b07dc46b8b,BOX-PO-2026-977-NL56339-1771333255363-61,updated,14.79,0,23,B7-04-S0017-F02,true
419,69946687f0a2c8b07dc46b83,BOX-PO-2026-977-NC/1528-1771333255363-56,updated,14.414,0,42,B7-04-S0019-F02,true
420,69d87f7eedc59d9ec1042fbb,BOX-PO-2026-1087-NCR/1643 10.03-1775796094983-2,updated,13.33,19.04,60,B7-04-S0020-F03,true
421,69945e01f0a2c8b07dc44c11,BOX-PO-2026-975-M0111988-1771331073708-28,updated,21.09,0,18,B7-04-S0022-F02,true
422,699fd97f587b8d1a74042b91,BOX-PO-2026-306-M0115814-1772083583688-6,updated,2.3309999999999995,0,17,B7-04-S0023-F01,true
423,699fd97f587b8d1a74042b8d,BOX-PO-2026-306-M0115814-1772083583688-2,updated,13.484999999999996,0,36,B7-04-S0024-F01,true
424,699fd97f587b8d1a74042b92,BOX-PO-2026-306-M0115814-1772083583688-7,updated,15.841999999999999,0,36,B7-04-S0024-F01,true
425,699fd97f587b8d1a74042b93,BOX-PO-2026-306-M0115814-1772083583688-8,updated,33.11,0,36,B7-04-S0024-F01,true
426,699fd97f587b8d1a74042b8e,BOX-PO-2026-306-M0115814-1772083583688-3,updated,7.116,0,36,B7-04-S0024-F02,true
427,699fd97f587b8d1a74042b8f,BOX-PO-2026-306-M0115814-1772083583688-4,updated,33.12,0,36,B7-04-S0024-F02,true
428,699fd97f587b8d1a74042b90,BOX-PO-2026-306-M0115814-1772083583688-5,updated,5.526000000000007,0,36,B7-04-S0025-F01,true
429,69b513a23d64f8257c105106,BOX-PO-2026-771-M0116192-1773474722193-1,updated,28.762000000000004,0,33,B7-04-S0046-F03,true
430,69b513a23d64f8257c105107,BOX-PO-2026-771-M0116192-1773474722193-2,updated,8.548000000000002,0,33,B7-04-S0046-F03,true
431,69b513a23d64f8257c105108,BOX-PO-2026-771-M0116192-1773474722193-3,updated,32.437,0,33,B7-04-S0046-F03,true
432,69b513a23d64f8257c105109,BOX-PO-2026-771-M0116192-1773474722193-4,updated,40.34,0,33,B7-04-S0046-F03,true
433,69c0d6b2beea45a970c44619,BOX-PO-2026-1062-EW69932-1774245554600-1,updated,19.12,23.24,24,B7-04-S0046-F03,true
434,69c4c2d7a7819fd050b33dd0,BOX-PO-2026-1062-EW70453-1774502615166-7,updated,23.091999999999995,24.72,23,B7-04-S0046-F04,true
435,69c4c2d7a7819fd050b33dd2,BOX-PO-2026-1062-EW70453-1774502615166-9,updated,21.19,25.18,23,B7-04-S0046-F04,true
436,69946687f0a2c8b07dc46c3b,BOX-PO-2026-977-NC/1525-1771333255363-180,updated,11.25,0,46,B7-04-S0047-F02,true
437,69b513a23d64f8257c10510a,BOX-PO-2026-771-M0116192-1773474722193-5,updated,5.930999999999997,0,33,B7-04-S0047-F03,true
438,69b513a23d64f8257c10510b,BOX-PO-2026-771-M0116192-1773474722193-6,updated,2.754000000000005,0,25,B7-04-S0047-F03,true
439,69b513a23d64f8257c10510e,BOX-PO-2026-771-M0116196-1773474722193-8,updated,1.0219999999999985,0,9,B7-04-S0047-F03,true
440,69b513a23d64f8257c10510f,BOX-PO-2026-771-M0116196-1773474722193-9,updated,2.871999999999993,0,33,B7-04-S0047-F03,true
441,69b513a23d64f8257c105110,BOX-PO-2026-771-M0116196-1773474722193-10,updated,4.040000000000013,0,33,B7-04-S0047-F03,true
442,69946687f0a2c8b07dc46c4d,BOX-PO-2026-977-NL56189-1771333255363-192,updated,19.47,0,25,B7-04-S0049-F01,true
443,69ca62a1ff9f99209b6488b0,BOX-PO-2026-1074-EW71035-1774871201728-2,updated,20.444000000000003,22.52,23,B7-04-S0049-F01,true
444,69946687f0a2c8b07dc46c5e,BOX-PO-2026-977-NL56254-1771333255363-203,updated,18.169999999999998,0,23,B7-04-S0049-F02,true
445,69ccd717ff9f99209b699a10,BOX-PO-2026-1088-EW70932-1775032087491-7,updated,0.5199999999999996,10.46,7,B7-04-S0049-F04,true
446,69ccd717ff9f99209b699a11,BOX-PO-2026-1088-EW70932-1775032087491-8,updated,6.460000000000001,26.7,19,B7-04-S0049-F04,true
447,69ccd717ff9f99209b699a0b,BOX-PO-2026-1088-EW70932-1775032087491-2,updated,23.06,26.66,19,B7-04-S0050-F04,true
448,69ccd717ff9f99209b699a0c,BOX-PO-2026-1088-EW70932-1775032087491-3,updated,26.289,26.28,19,B7-04-S0050-F04,true
449,69ccd717ff9f99209b699a0d,BOX-PO-2026-1088-EW70932-1775032087491-4,updated,23.02,27.38,19,B7-04-S0050-F04,true
450,69946687f0a2c8b07dc46b39,BOX-PO-2026-977-NC/1530-1771333255363-5,updated,0.9440000000000001,0,5,B7-04-S0053-F02,true
451,69946687f0a2c8b07dc46ca2,BOX-PO-2026-977-NC/1541-1771333255363-249,updated,4.45,0,15,B7-04-S0053-F02,true
452,69ae6abfbec7c1c9b31cc0ab,BOX-PO-2026-506-NL61770-1773038271781-1,updated,11.817,0,35,B7-04-S0053-F03,true
453,69ae6abfbec7c1c9b31cc0ae,BOX-PO-2026-506-NL61770-1773038271781-4,updated,1.872000000000007,0,35,B7-04-S0053-F03,true
454,69946687f0a2c8b07dc46c88,BOX-PO-2026-977-N/56081-1771333255363-232,updated,18.729,0,24,B7-04-S0054-F01,true
455,69c10cacbeea45a970c4b002,BOX-PO-2026-771-M0116302-1774259372220-4,updated,20.75,23.1,18,B7-04-S0054-F01,true
456,69c10cacbeea45a970c4b004,BOX-PO-2026-771-M0116302-1774259372220-6,updated,20.43,22.82,18,B7-04-S0054-F01,true
457,69ae6208bec7c1c9b31c8459,BOX-PO-2026-506-CN 2116-1773036040224-4,updated,3.9250000000000007,0,20,B7-04-S0054-F03,true
458,69ae6208bec7c1c9b31c845b,BOX-PO-2026-506-CN-2067-1773036040224-5,updated,19.98,0,21,B7-04-S0054-F03,true
459,69ae6208bec7c1c9b31c845c,BOX-PO-2026-506-CN-2067-1773036040224-6,updated,7.46,0,7,B7-04-S0054-F03,true
460,69946097f0a2c8b07dc45066,BOX-PO-2026-211-RE38039-1771331735247-1,updated,13.22,0,37,B7-04-S0055-F01,true
461,69946687f0a2c8b07dc46c2a,BOX-PO-2026-977-N/748-1771333255363-168,updated,20.31,0,42,B7-04-S0055-F02,true
462,699e9edec926fc0fe8582961,BOX-PO-2026-551-382-01 A-1772003038982-2,updated,6.211000000000002,0,30,B7-04-S0056-F04,true
463,699eaddfc926fc0fe8589874,BOX-PO-2026-309-2454106270-1772006879358-16,updated,17.22,0,18,B7-04-S0061-F04,true
464,699e7c64c926fc0fe8571b46,BOX-PO-2026-712-92149-1771994212415-11,updated,16.685,0,14,B7-04-S0062-F03,true
465,699e7c64c926fc0fe8571b57,BOX-PO-2026-712-91413-1771994212415-21,updated,20.13,0,19,B7-04-S0062-F03,true
466,699eaddfc926fc0fe8589865,BOX-PO-2026-309-2554107284-1772006879358-8,updated,29.37,0,21,B7-04-S0063-F04,true
467,699e86c0c926fc0fe85731b2,BOX-PO-2026-388-22BP035-1771996864145-3,updated,14.66,0,13,B7-04-S0065-F04,true
468,69945467f0a2c8b07dc414c3,BOX-PO-2026-986-91353-1771328615255-65,updated,43.8,0,35,B7-05-S0001-F01,true
469,69945467f0a2c8b07dc414c4,BOX-PO-2026-986-91353-1771328615255-66,updated,15.612999999999989,0,40,B7-05-S0001-F01,true
470,69945467f0a2c8b07dc414c5,BOX-PO-2026-986-91353-1771328615255-67,updated,43.8,0,40,B7-05-S0001-F01,true
471,69945467f0a2c8b07dc414c6,BOX-PO-2026-986-91353-1771328615255-68,updated,29.3,0,40,B7-05-S0001-F01,true
472,69945467f0a2c8b07dc414c8,BOX-PO-2026-986-95583-1771328615255-69,updated,42.2,0,40,B7-05-S0001-F01,true
473,69945467f0a2c8b07dc414cb,BOX-PO-2026-986-92702-1771328615255-71,updated,44.6,0,40,B7-05-S0001-F01,true
474,69945467f0a2c8b07dc414d8,BOX-PO-2026-986-95775-1771328615255-81,updated,9.716000000000001,0,40,B7-05-S0001-F01,true
475,69945467f0a2c8b07dc414d9,BOX-PO-2026-986-95775-1771328615255-82,updated,43.2,0,40,B7-05-S0001-F01,true
476,69945467f0a2c8b07dc414de,BOX-PO-2026-986-90460-1771328615255-86,updated,7,0,8,B7-05-S0001-F01,true
477,699d917ec926fc0fe856c2fe,BOX-PO-2026-869-94358-1771934078209-5,updated,14.530000000000008,0,27,B7-05-S0001-F01,true
478,699d917ec926fc0fe856c2ff,BOX-PO-2026-869-94358-1771934078209-6,updated,49.74,0,40,B7-05-S0001-F01,true
479,699d917ec926fc0fe856c305,BOX-PO-2026-869-94358-1771934078209-12,updated,36.937,0,40,B7-05-S0001-F01,true
480,699d917ec926fc0fe856c308,BOX-PO-2026-869-94358-1771934078209-15,updated,7.797000000000004,0,40,B7-05-S0001-F01,true
481,699d917ec926fc0fe856c309,BOX-PO-2026-869-94358-1771934078209-16,updated,5.498999999999995,0,40,B7-05-S0001-F01,true
482,699d917ec926fc0fe856c30a,BOX-PO-2026-869-94358-1771934078209-17,updated,28.096,0,40,B7-05-S0001-F01,true
483,699d917ec926fc0fe856c30b,BOX-PO-2026-869-94358-1771934078209-18,updated,49.68,0,40,B7-05-S0001-F01,true
484,699d917ec926fc0fe856c30c,BOX-PO-2026-869-94358-1771934078209-19,updated,6.909000000000013,0,40,B7-05-S0001-F01,true
485,699d917ec926fc0fe856c30e,BOX-PO-2026-869-94358-1771934078209-21,updated,2.8760000000000048,0,40,B7-05-S0001-F01,true
486,699d917ec926fc0fe856c30f,BOX-PO-2026-869-94358-1771934078209-22,updated,36.105,0,40,B7-05-S0001-F01,true
487,699d917ec926fc0fe856c313,BOX-PO-2026-869-94385-1771934078209-25,updated,6.1059999999999945,0,40,B7-05-S0001-F01,true
488,699d917ec926fc0fe856c320,BOX-PO-2026-869-94385-1771934078209-38,updated,3.519999999999996,0,40,B7-05-S0001-F01,true
489,699d917ec926fc0fe856c321,BOX-PO-2026-869-94385-1771934078209-39,updated,23.686999999999998,0,40,B7-05-S0001-F01,true
490,699d917ec926fc0fe856c323,BOX-PO-2026-869-94385-1771934078209-41,updated,19.196000000000005,0,40,B7-05-S0001-F01,true
491,699d917ec926fc0fe856c326,BOX-PO-2026-869-94385-1771934078209-44,updated,45.5,0,40,B7-05-S0001-F01,true
492,699d917ec926fc0fe856c327,BOX-PO-2026-869-94385-1771934078209-45,updated,4.140999999999998,0,40,B7-05-S0001-F01,true
493,699d917ec926fc0fe856c328,BOX-PO-2026-869-94385-1771934078209-46,updated,2.736000000000004,0,40,B7-05-S0001-F01,true
494,699d917ec926fc0fe856c329,BOX-PO-2026-869-94385-1771934078209-47,updated,29.440999999999995,0,40,B7-05-S0001-F01,true
495,699ee911587b8d1a7403ee48,BOX-PO-2026-998-92780-1772022033048-4,updated,43.8,0,40,B7-05-S0001-F01,true
496,699ef220587b8d1a7403f564,BOX-PO-2026-869-94388-1772024352638-1,updated,44.8,0,40,B7-05-S0001-F01,true
497,699ef220587b8d1a7403f56d,BOX-PO-2026-869-94435-1772024352638-7,updated,48.4,0,40,B7-05-S0001-F01,true
498,699ef220587b8d1a7403f572,BOX-PO-2026-869-U5232-1772024352638-11,updated,28.9,0,30,B7-05-S0001-F01,true
499,699ef220587b8d1a7403f573,BOX-PO-2026-869-U5232-1772024352638-12,updated,29.4,0,30,B7-05-S0001-F01,true
500,69a15a8480445e52870b4394,BOX-PO-2026-1004-94847-1772182148643-1,updated,13.879999999999995,0,40,B7-05-S0001-F01,true
501,69dcbbe5a19ee8d30f4ab500,BOX-PO-2026-1070-M0116758-1776073701050-4,updated,9.53,11,10,B7-05-S0001-F01,true
502,69dcbbe5a19ee8d30f4ab502,BOX-PO-2026-1070-M0116758-1776073701050-6,updated,34.721999999999994,38.88,36,B7-05-S0001-F01,true
503,69945467f0a2c8b07dc414b5,BOX-PO-2026-986-18737-1771328615255-56,updated,2.4739999999999966,0,40,B7-05-S0001-F02,true
504,69945467f0a2c8b07dc414c0,BOX-PO-2026-986-T5481-1771328615255-63,updated,44.8,0,24,B7-05-S0001-F02,true
505,69945467f0a2c8b07dc414ee,BOX-PO-2026-986-11121-1771328615255-97,updated,1.362000000000009,0,24,B7-05-S0001-F02,true
506,69945467f0a2c8b07dc414f0,BOX-PO-2026-986-11121-1771328615255-99,updated,23.415000000000003,0,24,B7-05-S0001-F02,true
507,69945467f0a2c8b07dc414f1,BOX-PO-2026-986-11121-1771328615255-100,updated,34.316,0,24,B7-05-S0001-F02,true
508,69945467f0a2c8b07dc414f2,BOX-PO-2026-986-11121-1771328615255-101,updated,8.991999999999997,0,24,B7-05-S0001-F02,true
509,69945535f0a2c8b07dc41989,BOX-PO-2026-415-2583106212-1771328821195-42,updated,60,0,24,B7-05-S0001-F02,true
510,69945535f0a2c8b07dc4198d,BOX-PO-2026-415-2583106212-1771328821195-46,updated,4.875999999999998,0,24,B7-05-S0001-F02,true
511,69945535f0a2c8b07dc4198e,BOX-PO-2026-415-2583106212-1771328821195-47,updated,29.606999999999996,0,24,B7-05-S0001-F02,true
512,69945535f0a2c8b07dc4198f,BOX-PO-2026-415-2583106212-1771328821195-48,updated,60,0,24,B7-05-S0001-F02,true
513,69945535f0a2c8b07dc41990,BOX-PO-2026-415-2583106212-1771328821195-49,updated,20.927999999999997,0,9,B7-05-S0001-F02,true
514,699d2bc84583baeaf6e8a762,BOX-PO-2026-419-2554106329-1771908040410-1,updated,23.98,0,24,B7-05-S0001-F02,true
515,699ecb95bbffbc1a172001a3,BOX-PO-2026-869-94436-1772014485510-7,updated,12.896999999999998,0,40,B7-05-S0001-F02,true
516,699ecb95bbffbc1a172001a4,BOX-PO-2026-869-94436-1772014485510-8,updated,39.8,0,40,B7-05-S0001-F02,true
517,69a0236e249d7321ce927dd5,BOX-PO-2026-198-2544586-1772102510250-7,updated,13.097000000000001,0,40,B7-05-S0001-F02,true
518,69a0236e249d7321ce927dd6,BOX-PO-2026-198-2544586-1772102510250-8,updated,6.400000000000006,0,40,B7-05-S0001-F02,true
519,69a0236e249d7321ce927ddb,BOX-PO-2026-198-2544587-1772102510250-12,updated,39.47,0,40,B7-05-S0001-F02,true
520,69a0236e249d7321ce927ddc,BOX-PO-2026-198-2544587-1772102510250-13,updated,10.554000000000002,0,40,B7-05-S0001-F02,true
521,69a92c7793145c5b285a0dcd,BOX-PO-2026-101-58072-1772694647065-7,updated,52.56,0,24,B7-05-S0001-F02,true
522,69afd1c275ce3cd7dfb0548e,BOX-PO-2026-419-2554106342-1773130178596-3,updated,54.92,0,40,B7-05-S0001-F02,true
523,69945467f0a2c8b07dc41498,BOX-PO-2026-986-10029-1771328615255-34,updated,4.249999999999993,0,36,B7-05-S0001-F03,true
524,69945467f0a2c8b07dc4149d,BOX-PO-2026-986-91412-1771328615255-38,updated,44,0,40,B7-05-S0001-F03,true
525,69945467f0a2c8b07dc4149e,BOX-PO-2026-986-91412-1771328615255-39,updated,44,0,19,B7-05-S0001-F03,true
526,69945467f0a2c8b07dc414a5,BOX-PO-2026-986-94953-1771328615255-44,updated,18.5,0,18,B7-05-S0001-F03,true
527,69945535f0a2c8b07dc4196b,BOX-PO-2026-415-2552307424-1771328821195-20,updated,11.053000000000004,0,24,B7-05-S0001-F03,true
528,69945535f0a2c8b07dc4196c,BOX-PO-2026-415-2552307424-1771328821195-21,updated,15.471999999999994,0,24,B7-05-S0001-F03,true
529,69945535f0a2c8b07dc4196d,BOX-PO-2026-415-2552307424-1771328821195-22,updated,23.528000000000006,0,24,B7-05-S0001-F03,true
530,69945535f0a2c8b07dc4196f,BOX-PO-2026-415-2552307132-1771328821195-23,updated,47,0,24,B7-05-S0001-F03,true
531,69945535f0a2c8b07dc41972,BOX-PO-2026-415-2554104462-1771328821195-25,updated,47.8,0,40,B7-05-S0001-F03,true
532,69945535f0a2c8b07dc41975,BOX-PO-2026-415-2554104412-1771328821195-27,updated,48.9,0,40,B7-05-S0001-F03,true
533,69945535f0a2c8b07dc41993,BOX-PO-2026-415-2552307525-1771328821195-51,updated,7.855000000000004,0,24,B7-05-S0001-F03,true
534,69945535f0a2c8b07dc41994,BOX-PO-2026-415-2552307525-1771328821195-52,updated,60,0,24,B7-05-S0001-F03,true
535,69945535f0a2c8b07dc41995,BOX-PO-2026-415-2552307525-1771328821195-53,updated,60,0,24,B7-05-S0001-F03,true
536,69945535f0a2c8b07dc41996,BOX-PO-2026-415-2552307525-1771328821195-54,updated,19.89199999999999,0,24,B7-05-S0001-F03,true
537,69945535f0a2c8b07dc41997,BOX-PO-2026-415-2552307525-1771328821195-55,updated,15.938999999999993,0,24,B7-05-S0001-F03,true
538,69945535f0a2c8b07dc41999,BOX-PO-2026-415-2552307704-1771328821195-56,updated,60,0,24,B7-05-S0001-F03,true
539,69945535f0a2c8b07dc4199c,BOX-PO-2026-415-2552307704-1771328821195-59,updated,60,0,24,B7-05-S0001-F03,true
540,69945535f0a2c8b07dc4199e,BOX-PO-2026-415-2552307704-1771328821195-61,updated,60,0,24,B7-05-S0001-F03,true
541,69945535f0a2c8b07dc4199f,BOX-PO-2026-415-2552307704-1771328821195-62,updated,60,0,24,B7-05-S0001-F03,true
542,699d29704583baeaf6e8a6b0,BOX-PO-2026-087-2554106476-1771907440037-1,updated,55.16,0,40,B7-05-S0001-F03,true
543,699d29704583baeaf6e8a6b1,BOX-PO-2026-087-2554106476-1771907440037-2,updated,11.547000000000004,0,40,B7-05-S0001-F03,true
544,699d29704583baeaf6e8a6b3,BOX-PO-2026-087-2554106476-1771907440037-4,updated,55.34,0,40,B7-05-S0001-F03,true
545,699d29704583baeaf6e8a6b4,BOX-PO-2026-087-2554106476-1771907440037-5,updated,14.48299999999999,0,39,B7-05-S0001-F03,true
546,699d29704583baeaf6e8a6b5,BOX-PO-2026-087-2554106476-1771907440037-6,updated,55.28,0,40,B7-05-S0001-F03,true
547,699d29704583baeaf6e8a6ba,BOX-PO-2026-087-2554106476-1771907440037-11,updated,13.75399999999999,0,40,B7-05-S0001-F03,true
548,699d29704583baeaf6e8a6bb,BOX-PO-2026-087-2554106476-1771907440037-12,updated,2.3859999999999957,0,40,B7-05-S0001-F03,true
549,699d29704583baeaf6e8a6bc,BOX-PO-2026-087-2554106476-1771907440037-13,updated,4.529999999999987,0,40,B7-05-S0001-F03,true
550,699d29704583baeaf6e8a6bd,BOX-PO-2026-087-2554106476-1771907440037-14,updated,55.48,0,40,B7-05-S0001-F03,true
551,699ec97ebbffbc1a171ffe6c,BOX-PO-2026-419-2552307704-1772013950260-1,updated,13.32,0,12,B7-05-S0001-F03,true
552,69b3bcc15565040bb07d90da,BOX-PO-2026-1076-95187-1773386945786-1,updated,7.9670000000000005,0,20,B7-05-S0001-F03,true
553,69b3bcc15565040bb07d90df,BOX-PO-2026-1076-90136-1773386945786-4,updated,41.8,0,40,B7-05-S0001-F03,true
554,69b52603a6225d28d31b2996,BOX-PO-2026-869-94383-1773479427763-7,updated,16.164,0,40,B7-05-S0001-F03,true
555,69b52603a6225d28d31b2997,BOX-PO-2026-869-94383-1773479427763-8,updated,47.76,0,40,B7-05-S0001-F03,true
556,69b52603a6225d28d31b2998,BOX-PO-2026-869-94383-1773479427763-9,updated,49.86,0,40,B7-05-S0001-F03,true
557,69b52603a6225d28d31b299c,BOX-PO-2026-869-94383-1773479427763-13,updated,37.626000000000005,0,40,B7-05-S0001-F03,true
558,69b52603a6225d28d31b299d,BOX-PO-2026-869-94383-1773479427763-14,updated,33.406,0,40,B7-05-S0001-F03,true
559,69b52603a6225d28d31b299f,BOX-PO-2026-869-94383-1773479427763-16,updated,49.8,0,40,B7-05-S0001-F03,true
560,69cb8951ff9f99209b66099b,BOX-PO-2026-869-94384-1774946641505-13,updated,41.6,45.74,40,B7-05-S0001-F03,true
561,69cb8951ff9f99209b66099d,BOX-PO-2026-869-94384-1774946641505-15,updated,16.044,45.2,40,B7-05-S0001-F03,true
562,69945535f0a2c8b07dc4195a,BOX-PO-2026-415-2454107622-1771328821195-5,updated,30.1,23.16,24,B7-05-S0001-F04,true
563,69945535f0a2c8b07dc41961,BOX-PO-2026-415-2554104463-1771328821195-11,updated,48.4,0,40,B7-05-S0001-F04,true
564,69945535f0a2c8b07dc41963,BOX-PO-2026-415-2554104463-1771328821195-13,updated,48.2,0,40,B7-05-S0001-F04,true
565,699d9291c926fc0fe856c437,BOX-PO-2026-197-94539-1771934353577-1,updated,13.40100000000001,0,40,B7-05-S0001-F04,true
566,699d9291c926fc0fe856c438,BOX-PO-2026-197-94539-1771934353577-2,updated,9.658999999999999,0,39,B7-05-S0001-F04,true
567,699d9291c926fc0fe856c43a,BOX-PO-2026-197-94539-1771934353577-4,updated,28.161,0,40,B7-05-S0001-F04,true
568,699d9291c926fc0fe856c43b,BOX-PO-2026-197-94539-1771934353577-5,updated,18.406000000000002,0,40,B7-05-S0001-F04,true
569,699d9291c926fc0fe856c43e,BOX-PO-2026-197-94539-1771934353577-8,updated,4.202999999999989,0,40,B7-05-S0001-F04,true
570,699ebcc3bbffbc1a171fd955,BOX-PO-2026-869-94361-1772010691430-7,updated,43.2,0,40,B7-05-S0001-F04,true
571,699ebcc3bbffbc1a171fd956,BOX-PO-2026-869-94361-1772010691430-8,updated,43.2,0,40,B7-05-S0001-F04,true
572,699ebcc3bbffbc1a171fd957,BOX-PO-2026-869-94361-1772010691430-9,updated,43.2,0,40,B7-05-S0001-F04,true
573,699ebcc3bbffbc1a171fd958,BOX-PO-2026-869-94361-1772010691430-10,updated,34.8,0,33,B7-05-S0001-F04,true
574,69a03a657317942502214fc5,BOX-PO-2026-1009-2554104464-1772108389331-5,updated,48.3,0,40,B7-05-S0001-F04,true
575,69e72a88f0694e7c1e231f16,BOX-PO-2026-1056-94890-1776757384224-6,updated,50.00800000000001,53,40,B7-05-S0001-F04,true
576,69e72a88f0694e7c1e231f19,BOX-PO-2026-1056-94890-1776757384224-9,updated,31.816,52.96,40,B7-05-S0001-F04,true
577,69945467f0a2c8b07dc41473,BOX-PO-2026-986-90134-1771328615255-8,updated,21.6,0,18,B7-05-S0002-F01,true