input_from_excel,barcode,cone_object_id,order_no,article_number,current_issue_status_db,cone_weight_db,note
699aa55d4583baeaf6e57a25,699aa55d4583baeaf6e57a25,699aa55d4583baeaf6e57ae9,ORD-000028,A052,not_issued,1.046,
699aa55d4583baeaf6e57a51,699aa55d4583baeaf6e57a51,699aa55d4583baeaf6e57b15,ORD-000028,A052,not_issued,0.781,
699aaa344583baeaf6e5de9a,699aaa344583baeaf6e5de9a,699aaa344583baeaf6e5de9c,ORD-000023,A224,used,0,
699bd4144583baeaf6e674d0,699bd4144583baeaf6e674d0,699bd4144583baeaf6e674e2,ORD-000029,A5631,used,0,
699bd5294583baeaf6e67a3f,699bd5294583baeaf6e67a3f,699bd5294583baeaf6e67a80,ORD-000029,A6079,used,0,
699bd5294583baeaf6e67a47,699bd5294583baeaf6e67a47,699bd5294583baeaf6e67a88,ORD-000029,A5631,used,0,
699bd5294583baeaf6e67a6c,699bd5294583baeaf6e67a6c,699bd5294583baeaf6e67aad,ORD-000029,A5631,used,0,
699bebbf4583baeaf6e694de,699bebbf4583baeaf6e694de,699bebbf4583baeaf6e694e8,ORD-000029,A5604,used,0,
699c44544583baeaf6e81274,699c44544583baeaf6e81274,699c44544583baeaf6e81280,ORD-000022,A4426,issued,0.242,
699c44544583baeaf6e81275,699c44544583baeaf6e81275,699c44544583baeaf6e81281,ORD-000022,A4426,issued,0.548,
699c44544583baeaf6e81276,699c44544583baeaf6e81276,699c44544583baeaf6e81282,ORD-000022,A4426,issued,1.09,
699c44544583baeaf6e8127a,699c44544583baeaf6e8127a,699c44544583baeaf6e81286,ORD-000022,A4426,issued,0.218,
699c44544583baeaf6e8127b,699c44544583baeaf6e8127b,699c44544583baeaf6e81287,ORD-000022,A4426,issued,1.096,
699c44544583baeaf6e8127c,699c44544583baeaf6e8127c,699c44544583baeaf6e81288,ORD-000022,A4426,issued,0.698,
699c44544583baeaf6e8127f,699c44544583baeaf6e8127f,699c44544583baeaf6e8128b,ORD-000022,A4426,issued,0.446,
699da719c926fc0fe856e81a,699da719c926fc0fe856e81a,699da719c926fc0fe856e85d,,,not_issued,0.242,no yarn issue txn on conesIdsArray; cone has no order/article refs — cannot infer order/article
699ea677c926fc0fe85884db,699ea677c926fc0fe85884db,699ea677c926fc0fe85884e7,ORD-000003,A6190,not_issued,0.35,
699ea677c926fc0fe85884e0,699ea677c926fc0fe85884e0,699ea677c926fc0fe85884ec,ORD-000003,A6190,not_issued,0.284,
69a19697a47ecd5436f6e67f,69a19697a47ecd5436f6e67f,69a19697a47ecd5436f6e687,ORD-000029,A5631,used,0,
69a2720fa47ecd5436f70a0b,69a2720fa47ecd5436f70a0b,69a2720fa47ecd5436f70a0e,ORD-000027,A3170,used,0,
69a4021b93145c5b2855186f,69a4021b93145c5b2855186f,69a4021b93145c5b28551876,ORD-000025,A6218,used,0,
69a4144593145c5b28552d85,69a4144593145c5b28552d85,69a4144593145c5b28552d8d,ORD-000029,A5603,used,0,
69a4155b93145c5b28552f57,69a4155b93145c5b28552f57,69a4155b93145c5b28552f79,ORD-000004,A5448,not_issued,1.049,
69a4155b93145c5b28552f61,69a4155b93145c5b28552f61,69a4155b93145c5b28552f83,ORD-000024,A6302,issued,0.886,
69a524cc93145c5b28554cc0,69a524cc93145c5b28554cc0,69a524cc93145c5b28554ccc,,,not_issued,0.342,no yarn issue txn on conesIdsArray; cone has no order/article refs — cannot infer order/article
69a5253d93145c5b28554e36,69a5253d93145c5b28554e36,69a5253d93145c5b28554e3e,ORD-000008,A5912,not_issued,0.666,
69a5253d93145c5b28554e39,69a5253d93145c5b28554e39,69a5253d93145c5b28554e41,ORD-000008,A5912,not_issued,0.592,
69a5658a93145c5b28578d2f,69a5658a93145c5b28578d2f,69a5658a93145c5b28578d39,ORD-000023,A224,used,0,
69a565a093145c5b28578d7b,69a565a093145c5b28578d7b,69a565a093145c5b28578d9c,ORD-000024,A6302,issued,0.948,
69a565a093145c5b28578d82,69a565a093145c5b28578d82,69a565a093145c5b28578da3,ORD-000024,A6302,issued,0.896,
69a565a093145c5b28578d84,69a565a093145c5b28578d84,69a565a093145c5b28578da5,ORD-000028,A4576,used,0,
69a565f193145c5b28578e39,69a565f193145c5b28578e39,69a565f193145c5b28578e4c,,,not_issued,1.082,no yarn issue txn on conesIdsArray; cone has no order/article refs — cannot infer order/article
69a565f193145c5b28578e44,69a565f193145c5b28578e44,69a565f193145c5b28578e57,,,not_issued,1.054,no yarn issue txn on conesIdsArray; cone has no order/article refs — cannot infer order/article
69a834a993145c5b285808b5,69a834a993145c5b285808b5,69a834a993145c5b285808c9,ORD-000005,A135,used,0,
69a834a993145c5b285808bc,69a834a993145c5b285808bc,69a834a993145c5b285808d0,ORD-000023,A224,used,0,
69a836ec93145c5b28580998,69a836ec93145c5b28580998,69a836ec93145c5b2858099d,ORD-000029,A5631,used,0,
69a9142a93145c5b2859f803,69a9142a93145c5b2859f803,69a9142a93145c5b2859f81b,ORD-000024,A6216,issued,2.478,
69a9789793145c5b285a38ec,69a9789793145c5b285a38ec,69a9789793145c5b285a3904,,,not_issued,2.068,no yarn issue txn on conesIdsArray; cone has no order/article refs — cannot infer order/article
69aacdae93145c5b285a6ddb,69aacdae93145c5b285a6ddb,69aacdae93145c5b285a6df3,ORD-000024,A6216,issued,1.242,
69ae497a777d8cba6a19b9d2,69ae497a777d8cba6a19b9d2,69ae497a777d8cba6a19b9e8,ORD-000029,A5938,used,0,
69ae6f28bec7c1c9b31d9ba7,69ae6f28bec7c1c9b31d9ba7,69ae6f28bec7c1c9b31d9bbe,ORD-000025,A6217,used,0,
69ae6f28bec7c1c9b31d9bab,69ae6f28bec7c1c9b31d9bab,69ae6f28bec7c1c9b31d9bc2,ORD-000025,A6217,used,0,
69afc7f375ce3cd7dfb05318,69afc7f375ce3cd7dfb05318,69afc7f375ce3cd7dfb0531f,,,not_issued,0.11,no yarn issue txn on conesIdsArray; cone has no order/article refs — cannot infer order/article
69afd2d075ce3cd7dfb055d2,69afd2d075ce3cd7dfb055d2,69afd2d075ce3cd7dfb055f6,ORD-000022,A2757,used,0,
69b0e7ff05b3bddb85280606,69b0e7ff05b3bddb85280606,69b0e7ff05b3bddb85280614,ORD-000006,A224,not_issued,0.019,
69b1165905b3bddb852811d8,69b1165905b3bddb852811d8,69b1165905b3bddb852811ed,ORD-000013,A6322,not_issued,0.113,
69b1276805b3bddb85281e37,69b1276805b3bddb85281e37,69b1276805b3bddb85281e56,ORD-000017,A4540,used,0,
69b263f0a37559f46ce1ca19,69b263f0a37559f46ce1ca19,69b263f0a37559f46ce1ca28,ORD-000050,A3419,issued,0.688,
69b3c6dd9a152b0d31d7dd56,69b3c6dd9a152b0d31d7dd56,69b3c6dd9a152b0d31d7dd7e,ORD-000004,A572,not_issued,0.088,
69b51f04e0bcee26efe02b25,69b51f04e0bcee26efe02b25,69b51f04e0bcee26efe02b3d,ORD-000005,A5466,not_issued,0.634,
69b5668ca6225d28d31be637,69b5668ca6225d28d31be637,69b5668ca6225d28d31be64c,ORD-000029,A5604,used,0,
69b5668ca6225d28d31be639,69b5668ca6225d28d31be639,69b5668ca6225d28d31be64e,ORD-000029,A5938,used,0,
69b5668ca6225d28d31be63c,69b5668ca6225d28d31be63c,69b5668ca6225d28d31be651,ORD-000029,A5604,used,0,
69b5668ca6225d28d31be63d,69b5668ca6225d28d31be63d,69b5668ca6225d28d31be652,ORD-000029,A5604,used,0,
69b7880ca6225d28d31c08c2,69b7880ca6225d28d31c08c2,69b7880ca6225d28d31c08d6,ORD-000013,A6311,not_issued,0.077,
69b7dfa8a6225d28d31cae50,69b7dfa8a6225d28d31cae50,69b7dfa8a6225d28d31cae5c,ORD-000029,A5604,used,0,
69b7dfa8a6225d28d31cae59,69b7dfa8a6225d28d31cae59,69b7dfa8a6225d28d31cae65,ORD-000030,A049,not_issued,1.374,
69b7e886a6225d28d31cca03,69b7e886a6225d28d31cca03,69b7e886a6225d28d31cca2b,ORD-000027,A3170,used,0,
69b8d4a5a6225d28d31d3728,69b8d4a5a6225d28d31d3728,69b8d4a5a6225d28d31d3733,ORD-000025,A6217,used,0,
69b8d4a5a6225d28d31d372c,69b8d4a5a6225d28d31d372c,69b8d4a5a6225d28d31d3737,ORD-000025,A6217,used,0,
69b943a8b9f0c244de557221,69b943a8b9f0c244de557221,69b943a8b9f0c244de557233,ORD-000025,A6217,used,0,
69bbb06b0490966d869d5827,69bbb06b0490966d869d5827,69bbb06b0490966d869d5845,ORD-000024,A6315,used,0,
69bbb06b0490966d869d5828,69bbb06b0490966d869d5828,69bbb06b0490966d869d5846,ORD-000005,A580,not_issued,0.092,
69bbb6c20490966d869d61fe,69bbb6c20490966d869d61fe,69bbb6c20490966d869d621a,ORD-000015,A6125,not_issued,0.027,
69bbb6c20490966d869d6201,69bbb6c20490966d869d6201,69bbb6c20490966d869d621d,ORD-000024,A6302,issued,0.408,
69bbb6c20490966d869d6203,69bbb6c20490966d869d6203,69bbb6c20490966d869d621f,ORD-000024,A6302,issued,0.864,
69bbb6c20490966d869d6205,69bbb6c20490966d869d6205,69bbb6c20490966d869d6221,ORD-000029,A5939,used,0,
69bbb6c20490966d869d6209,69bbb6c20490966d869d6209,69bbb6c20490966d869d6225,ORD-000024,A6302,issued,0.714,
69bbb6c20490966d869d620a,69bbb6c20490966d869d620a,69bbb6c20490966d869d6226,ORD-000024,A6302,issued,0.76,
69bbb6c20490966d869d6216,69bbb6c20490966d869d6216,69bbb6c20490966d869d6232,ORD-000024,A6302,issued,0.69,
69bce214d795f08eb499d9bf,69bce214d795f08eb499d9bf,69bce214d795f08eb499d9d7,ORD-000041,A5954,issued,0.652,
69bd52e622f72a9b530d580e,69bd52e622f72a9b530d580e,69bd52e622f72a9b530d5836,ORD-000024,A6216,issued,0.846,
69be84b5beea45a970c28bdf,69be84b5beea45a970c28bdf,69be84b5beea45a970c28c05,ORD-000023,A224,used,0,
69be84b5beea45a970c28be2,69be84b5beea45a970c28be2,69be84b5beea45a970c28c08,ORD-000023,A224,used,0,
69be84b5beea45a970c28be4,69be84b5beea45a970c28be4,69be84b5beea45a970c28c0a,ORD-000022,A4437,used,0,
69be84b5beea45a970c28be5,69be84b5beea45a970c28be5,69be84b5beea45a970c28c0b,ORD-000023,A224,used,0,
69be84b5beea45a970c28bf6,69be84b5beea45a970c28bf6,69be84b5beea45a970c28c1c,ORD-000023,A224,used,0,
69be84b5beea45a970c28bfa,69be84b5beea45a970c28bfa,69be84b5beea45a970c28c20,ORD-000023,A224,used,0,
69be84b5beea45a970c28bff,69be84b5beea45a970c28bff,69be84b5beea45a970c28c25,ORD-000023,A224,used,0,
69be878fbeea45a970c29eda,69be878fbeea45a970c29eda,69be878fbeea45a970c29ef6,ORD-000023,A224,used,0,
69bf882abeea45a970c39d68,69bf882abeea45a970c39d68,69bf882abeea45a970c39d6e,,,not_issued,0.118,no yarn issue txn on conesIdsArray; cone has no order/article refs — cannot infer order/article
69bfa97abeea45a970c3e6b1,69bfa97abeea45a970c3e6b1,69bfa97abeea45a970c3e6ba,ORD-000024,A6233,used,0,
69bfb2aebeea45a970c3f06a,69bfb2aebeea45a970c3f06a,69bfb2aebeea45a970c3f06f,ORD-000005,A049,not_issued,1.337,
69bfb2aebeea45a970c3f06b,69bfb2aebeea45a970c3f06b,69bfb2aebeea45a970c3f070,ORD-000005,A5428,not_issued,1.01,
69bfb2aebeea45a970c3f06d,69bfb2aebeea45a970c3f06d,69bfb2aebeea45a970c3f072,ORD-000005,A253,not_issued,0.988,
69c0c3bfbeea45a970c4192c,69c0c3bfbeea45a970c4192c,69c0c3bfbeea45a970c41938,ORD-000029,A5631,used,0,
69c0f342beea45a970c473f1,69c0f342beea45a970c473f1,69c0f342beea45a970c47415,ORD-000022,A2757,used,0,
69c0fd06beea45a970c48867,69c0fd06beea45a970c48867,69c0fd06beea45a970c48880,ORD-000027,A3171,issued,0.524,
69c12545beea45a970c5170a,69c12545beea45a970c5170a,69c12545beea45a970c5171a,ORD-000020,A6158,used,0,
69c20af8beea45a970c6219e,69c20af8beea45a970c6219e,69c20af8beea45a970c621b6,ORD-000029,A5631,used,0,
69c20fa9beea45a970c632ae,69c20fa9beea45a970c632ae,69c20fa9beea45a970c632d0,ORD-000022,A2757,used,0,
69c20ff6beea45a970c6350f,69c20ff6beea45a970c6350f,69c20ff6beea45a970c63519,ORD-000029,A5631,used,0,
69c21013beea45a970c635be,69c21013beea45a970c635be,69c21013beea45a970c635ca,ORD-000025,A6218,used,0,
69c210a4beea45a970c6377a,69c210a4beea45a970c6377a,69c210a4beea45a970c63781,ORD-000022,A2757,used,0,
69c36f40696bdcc5dbb6ffef,69c36f40696bdcc5dbb6ffef,69c36f40696bdcc5dbb6fff2,,,used,0,no yarn issue txn on conesIdsArray; cone has no order/article refs — cannot infer order/article
69c36f40696bdcc5dbb6fff0,69c36f40696bdcc5dbb6fff0,69c36f40696bdcc5dbb6fff3,,,used,0,no yarn issue txn on conesIdsArray; cone has no order/article refs — cannot infer order/article
69c36f6d696bdcc5dbb70032,69c36f6d696bdcc5dbb70032,69c36f6d696bdcc5dbb70038,,,used,0,no yarn issue txn on conesIdsArray; cone has no order/article refs — cannot infer order/article
69c36f6d696bdcc5dbb70033,69c36f6d696bdcc5dbb70033,69c36f6d696bdcc5dbb70039,,,used,0,no yarn issue txn on conesIdsArray; cone has no order/article refs — cannot infer order/article
69c36f6d696bdcc5dbb70035,69c36f6d696bdcc5dbb70035,69c36f6d696bdcc5dbb7003b,,,used,0,no yarn issue txn on conesIdsArray; cone has no order/article refs — cannot infer order/article
69c36f6d696bdcc5dbb70036,69c36f6d696bdcc5dbb70036,69c36f6d696bdcc5dbb7003c,,,used,0,no yarn issue txn on conesIdsArray; cone has no order/article refs — cannot infer order/article
69c36f6d696bdcc5dbb70037,69c36f6d696bdcc5dbb70037,69c36f6d696bdcc5dbb7003d,,,used,0,no yarn issue txn on conesIdsArray; cone has no order/article refs — cannot infer order/article
69c3c3f8a7819fd050b1a50e,69c3c3f8a7819fd050b1a50e,69c3c3f8a7819fd050b1a520,ORD-000029,A5604,used,0,
69c3c3f8a7819fd050b1a512,69c3c3f8a7819fd050b1a512,69c3c3f8a7819fd050b1a524,ORD-000029,A5604,used,0,
69c3cd6ea7819fd050b1fbf2,69c3cd6ea7819fd050b1fbf2,69c3cd6ea7819fd050b1fbf6,ORD-000027,A3156,issued,0.604,
69c3db2ba7819fd050b24344,69c3db2ba7819fd050b24344,69c3db2ba7819fd050b24349,ORD-000027,A3156,issued,0.646,
69c4d7eda7819fd050b37d84,69c4d7eda7819fd050b37d84,69c4d7eda7819fd050b37d99,ORD-000023,A224,used,0,
69c4d7eda7819fd050b37d8e,69c4d7eda7819fd050b37d8e,69c4d7eda7819fd050b37da3,ORD-000023,A224,used,0,
69c4d7eda7819fd050b37d90,69c4d7eda7819fd050b37d90,69c4d7eda7819fd050b37da5,ORD-000023,A224,used,0,
69c4d7eda7819fd050b37d92,69c4d7eda7819fd050b37d92,69c4d7eda7819fd050b37da7,ORD-000023,A224,used,0,
69c4d7eda7819fd050b37d93,69c4d7eda7819fd050b37d93,69c4d7eda7819fd050b37da8,ORD-000023,A224,used,0,
69c4d7eda7819fd050b37d94,69c4d7eda7819fd050b37d94,69c4d7eda7819fd050b37da9,ORD-000023,A224,used,0,
69c4d816a7819fd050b37eaa,69c4d816a7819fd050b37eaa,69c4d816a7819fd050b37ebb,ORD-000023,A224,used,0,
69c4d816a7819fd050b37eac,69c4d816a7819fd050b37eac,69c4d816a7819fd050b37ebd,ORD-000023,A224,used,0,
69c4d816a7819fd050b37ead,69c4d816a7819fd050b37ead,69c4d816a7819fd050b37ebe,ORD-000023,A224,used,0,
69c4d816a7819fd050b37eb0,69c4d816a7819fd050b37eb0,69c4d816a7819fd050b37ec1,ORD-000023,A224,used,0,
69c4f4b20e0b0fee62da9257,69c4f4b20e0b0fee62da9257,69c4f4b20e0b0fee62da9269,ORD-000024,A6315,used,0,
69c60a8314badff1b9e42e78,69c60a8314badff1b9e42e78,69c60a8314badff1b9e42e9c,ORD-000024,A6212,issued,0,
69c6174814badff1b9e4b649,69c6174814badff1b9e4b649,69c6174814badff1b9e4b65d,ORD-000016,A885,used,0,
69c6174814badff1b9e4b64c,69c6174814badff1b9e4b64c,69c6174814badff1b9e4b660,ORD-000030,A590,used,0,
69c61a7114badff1b9e4c85c,69c61a7114badff1b9e4c85c,69c61a7114badff1b9e4c883,ORD-000024,A6216,issued,1.054,
69c6213b14badff1b9e4f202,69c6213b14badff1b9e4f202,69c6213b14badff1b9e4f219,ORD-000037,A5998,used,0,
69c652f214badff1b9e6b4f1,69c652f214badff1b9e6b4f1,69c652f214badff1b9e6b51d,ORD-000038,A070,issued,1.052,
69c652f214badff1b9e6b4f5,69c652f214badff1b9e6b4f5,69c652f214badff1b9e6b521,ORD-000036,A142,used,0,
69c656b114badff1b9e6c5ee,69c656b114badff1b9e6c5ee,69c656b114badff1b9e6c5f2,,,not_issued,0.752,no yarn issue txn on conesIdsArray; cone has no order/article refs — cannot infer order/article
69c658a114badff1b9e6cbe9,69c658a114badff1b9e6cbe9,69c658a114badff1b9e6cc01,ORD-000026,A591,issued,0.508,
69c658a114badff1b9e6cbf3,69c658a114badff1b9e6cbf3,69c658a114badff1b9e6cc0b,ORD-000026,A591,issued,0.742,
69c660ed14badff1b9e6eada,69c660ed14badff1b9e6eada,69c660ed14badff1b9e6eaf0,ORD-000028,A4624,used,0,
69c660ed14badff1b9e6eae5,69c660ed14badff1b9e6eae5,69c660ed14badff1b9e6eafb,ORD-000027,A4809,used,0,
69c6777a14badff1b9e75d81,69c6777a14badff1b9e75d81,69c6777a14badff1b9e75d91,ORD-000024,A6315,used,0,
69c773b9a077d3fbb38e2161,69c773b9a077d3fbb38e2161,69c773b9a077d3fbb38e2181,,,not_issued,0.536,no yarn issue txn on conesIdsArray; cone has no order/article refs — cannot infer order/article
69c79bfda077d3fbb390069e,69c79bfda077d3fbb390069e,69c79bfda077d3fbb39006a6,,,not_issued,0.462,no yarn issue txn on conesIdsArray; cone has no order/article refs — cannot infer order/article
69c79bfda077d3fbb39006a0,69c79bfda077d3fbb39006a0,69c79bfda077d3fbb39006a8,,,not_issued,0.462,no yarn issue txn on conesIdsArray; cone has no order/article refs — cannot infer order/article
69c79bfda077d3fbb39006a1,69c79bfda077d3fbb39006a1,69c79bfda077d3fbb39006a9,,,not_issued,0.438,no yarn issue txn on conesIdsArray; cone has no order/article refs — cannot infer order/article
69c79bfda077d3fbb39006a2,69c79bfda077d3fbb39006a2,69c79bfda077d3fbb39006aa,,,not_issued,0.39,no yarn issue txn on conesIdsArray; cone has no order/article refs — cannot infer order/article
69c79bfda077d3fbb39006a3,69c79bfda077d3fbb39006a3,69c79bfda077d3fbb39006ab,,,not_issued,0.4,no yarn issue txn on conesIdsArray; cone has no order/article refs — cannot infer order/article
69c79bfda077d3fbb39006a4,69c79bfda077d3fbb39006a4,69c79bfda077d3fbb39006ac,,,not_issued,0.42,no yarn issue txn on conesIdsArray; cone has no order/article refs — cannot infer order/article
69c7b25fa077d3fbb3908ac5,69c7b25fa077d3fbb3908ac5,69c7b25fa077d3fbb3908ad2,,,not_issued,0.21,no yarn issue txn on conesIdsArray; cone has no order/article refs — cannot infer order/article
69c7b25fa077d3fbb3908ac7,69c7b25fa077d3fbb3908ac7,69c7b25fa077d3fbb3908ad4,,,not_issued,0.39,no yarn issue txn on conesIdsArray; cone has no order/article refs — cannot infer order/article
69c7b25fa077d3fbb3908ac8,69c7b25fa077d3fbb3908ac8,69c7b25fa077d3fbb3908ad5,,,not_issued,0.426,no yarn issue txn on conesIdsArray; cone has no order/article refs — cannot infer order/article
69c7b25fa077d3fbb3908ac9,69c7b25fa077d3fbb3908ac9,69c7b25fa077d3fbb3908ad6,,,not_issued,0.258,no yarn issue txn on conesIdsArray; cone has no order/article refs — cannot infer order/article
69c7b25fa077d3fbb3908aca,69c7b25fa077d3fbb3908aca,69c7b25fa077d3fbb3908ad7,,,not_issued,0.21,no yarn issue txn on conesIdsArray; cone has no order/article refs — cannot infer order/article
69c7b25fa077d3fbb3908acb,69c7b25fa077d3fbb3908acb,69c7b25fa077d3fbb3908ad8,,,not_issued,0.206,no yarn issue txn on conesIdsArray; cone has no order/article refs — cannot infer order/article
69c7b25fa077d3fbb3908acc,69c7b25fa077d3fbb3908acc,69c7b25fa077d3fbb3908ad9,,,not_issued,0.222,no yarn issue txn on conesIdsArray; cone has no order/article refs — cannot infer order/article
69c7b25fa077d3fbb3908acd,69c7b25fa077d3fbb3908acd,69c7b25fa077d3fbb3908ada,,,not_issued,0.234,no yarn issue txn on conesIdsArray; cone has no order/article refs — cannot infer order/article
69c7b25fa077d3fbb3908ace,69c7b25fa077d3fbb3908ace,69c7b25fa077d3fbb3908adb,,,not_issued,0.13,no yarn issue txn on conesIdsArray; cone has no order/article refs — cannot infer order/article
69c7b2af7b9dd20a8569cb66,69c7b2af7b9dd20a8569cb66,69c7b2af7b9dd20a8569cb6a,,,not_issued,0.108,no yarn issue txn on conesIdsArray; cone has no order/article refs — cannot infer order/article
69c7b2af7b9dd20a8569cb67,69c7b2af7b9dd20a8569cb67,69c7b2af7b9dd20a8569cb6b,,,not_issued,0.192,no yarn issue txn on conesIdsArray; cone has no order/article refs — cannot infer order/article
69c7b2af7b9dd20a8569cb68,69c7b2af7b9dd20a8569cb68,69c7b2af7b9dd20a8569cb6c,,,not_issued,0.37,no yarn issue txn on conesIdsArray; cone has no order/article refs — cannot infer order/article
69c7b2af7b9dd20a8569cb69,69c7b2af7b9dd20a8569cb69,69c7b2af7b9dd20a8569cb6d,,,not_issued,0.112,no yarn issue txn on conesIdsArray; cone has no order/article refs — cannot infer order/article
69c7b2c47b9dd20a8569cc09,69c7b2c47b9dd20a8569cc09,69c7b2c47b9dd20a8569cc31,,,not_issued,0.104,no yarn issue txn on conesIdsArray; cone has no order/article refs — cannot infer order/article
69c7b2c47b9dd20a8569cc24,69c7b2c47b9dd20a8569cc24,69c7b2c47b9dd20a8569cc4c,ORD-000041,A5954,issued,0.032,
69c7bde97b9dd20a856a0411,69c7bde97b9dd20a856a0411,69c7bde97b9dd20a856a0424,ORD-000022,A2757,used,0,
69c7be1d7b9dd20a856a0588,69c7be1d7b9dd20a856a0588,69c7be1d7b9dd20a856a058f,ORD-000042,A049,issued,0.288,
69c7be7d7b9dd20a856a0955,69c7be7d7b9dd20a856a0955,69c7be7d7b9dd20a856a095c,ORD-000029,A5938,used,0,
69c7c7cf7b9dd20a856a2c9c,69c7c7cf7b9dd20a856a2c9c,69c7c7cf7b9dd20a856a2ca0,ORD-000023,A573,used,0,
69c7d8507b9dd20a856a60d6,69c7d8507b9dd20a856a60d6,69c7d8507b9dd20a856a60d7,ORD-000024,A6226,used,0,
69cb50efff9f99209b65247d,69cb50efff9f99209b65247d,69cb50efff9f99209b65247e,ORD-000023,A224,used,0,
69cb6c36ff9f99209b65ac02,69cb6c36ff9f99209b65ac02,69cb6c36ff9f99209b65ac1a,ORD-000007,A5445,not_issued,0.053,
69ccccfdff9f99209b69778e,69ccccfdff9f99209b69778e,69ccccfdff9f99209b6977a6,ORD-000028,A2543,used,0,
69ccccfdff9f99209b697792,69ccccfdff9f99209b697792,69ccccfdff9f99209b6977aa,ORD-000024,A6216,issued,0.942,
69ccce32ff9f99209b697caf,69ccce32ff9f99209b697caf,69ccce32ff9f99209b697cc7,ORD-000005,A070,used,0,
69cdf782ff9f99209b6c745d,69cdf782ff9f99209b6c745d,69cdf782ff9f99209b6c7485,,,not_issued,0.348,no yarn issue txn on conesIdsArray; cone has no order/article refs — cannot infer order/article
69cdf782ff9f99209b6c747a,69cdf782ff9f99209b6c747a,69cdf782ff9f99209b6c74a2,ORD-000016,A591,not_issued,0.316,
69cdf782ff9f99209b6c747b,69cdf782ff9f99209b6c747b,69cdf782ff9f99209b6c74a3,ORD-000024,A6302,issued,0.294,
69ce16dbff9f99209b6cdd7f,69ce16dbff9f99209b6cdd7f,69ce16dbff9f99209b6cdd81,ORD-000013,A6250,used,0,
69ce1a8cff9f99209b6cf29e,69ce1a8cff9f99209b6cf29e,69ce1a8cff9f99209b6cf2c6,ORD-000041,A6068,issued,1.266,
69ce1a8cff9f99209b6cf29f,69ce1a8cff9f99209b6cf29f,69ce1a8cff9f99209b6cf2c7,ORD-000041,A6068,issued,1.26,
69cfb30d97fe9152fa9dac07,69cfb30d97fe9152fa9dac07,69cfb30d97fe9152fa9dac7c,ORD-000041,A6068,issued,0.214,
69d09fd697fe9152fa9e805f,69d09fd697fe9152fa9e805f,69d09fd697fe9152fa9e8071,ORD-000030,A049,used,0,
69d0a07797fe9152fa9e849f,69d0a07797fe9152fa9e849f,69d0a07797fe9152fa9e84c7,ORD-000023,A224,used,0,
69d0a07797fe9152fa9e84a4,69d0a07797fe9152fa9e84a4,69d0a07797fe9152fa9e84cc,ORD-000023,A224,used,0,
69d0a07797fe9152fa9e84ac,69d0a07797fe9152fa9e84ac,69d0a07797fe9152fa9e84d4,ORD-000023,A224,used,0,
69d0a07797fe9152fa9e84ad,69d0a07797fe9152fa9e84ad,69d0a07797fe9152fa9e84d5,ORD-000023,A224,used,0,
69d0a07797fe9152fa9e84b2,69d0a07797fe9152fa9e84b2,69d0a07797fe9152fa9e84da,ORD-000023,A224,used,0,
69d0a10897fe9152fa9e876f,69d0a10897fe9152fa9e876f,69d0a10897fe9152fa9e8792,ORD-000013,A6318,used,0,
69d3392a97fe9152faa566f2,69d3392a97fe9152faa566f2,69d3392a97fe9152faa566fb,ORD-000020,A6158,not_issued,0.923,
69d3409797fe9152faa57de0,69d3409797fe9152faa57de0,69d3409797fe9152faa57e24,ORD-000002,A101,used,0,
69d3409797fe9152faa57de4,69d3409797fe9152faa57de4,69d3409797fe9152faa57e28,ORD-000002,A101,used,0,
69d341b097fe9152faa5848f,69d341b097fe9152faa5848f,69d341b097fe9152faa584a6,ORD-000029,A5631,used,0,
69d3461a97fe9152faa5917a,69d3461a97fe9152faa5917a,69d3461a97fe9152faa59185,ORD-000029,A5631,used,0,
69d3461a97fe9152faa5917d,69d3461a97fe9152faa5917d,69d3461a97fe9152faa59188,ORD-000029,A5631,used,0,
69d3561a97fe9152faa5bc85,69d3561a97fe9152faa5bc85,69d3561a97fe9152faa5bc9c,ORD-000022,A580,used,0,
69d3566297fe9152faa5bf9d,69d3566297fe9152faa5bf9d,69d3566297fe9152faa5bfb5,ORD-000041,A5954,issued,0.339,
69d399e72614366a5d886b10,69d399e72614366a5d886b10,69d399e72614366a5d886b38,ORD-000025,A6162,used,0,
69d48bfb2614366a5d8abdf2,69d48bfb2614366a5d8abdf2,69d48bfb2614366a5d8abe1a,ORD-000025,A6216,used,0,
69d48bfb2614366a5d8abdf5,69d48bfb2614366a5d8abdf5,69d48bfb2614366a5d8abe1d,ORD-000025,A6216,used,0,
69d48bfb2614366a5d8abdfb,69d48bfb2614366a5d8abdfb,69d48bfb2614366a5d8abe23,ORD-000025,A6216,used,0,
69d48bfb2614366a5d8abdff,69d48bfb2614366a5d8abdff,69d48bfb2614366a5d8abe27,ORD-000036,A142,used,0,
69d48bfb2614366a5d8abe02,69d48bfb2614366a5d8abe02,69d48bfb2614366a5d8abe2a,ORD-000036,A142,used,0,
69d48bfb2614366a5d8abe04,69d48bfb2614366a5d8abe04,69d48bfb2614366a5d8abe2c,ORD-000024,A6216,issued,1.182,
69d48bfb2614366a5d8abe06,69d48bfb2614366a5d8abe06,69d48bfb2614366a5d8abe2e,ORD-000024,A6216,issued,1.184,
69d48bfb2614366a5d8abe08,69d48bfb2614366a5d8abe08,69d48bfb2614366a5d8abe30,ORD-000025,A6216,used,0,
69d48bfb2614366a5d8abe0c,69d48bfb2614366a5d8abe0c,69d48bfb2614366a5d8abe34,ORD-000024,A6216,issued,1.178,
69d48bfb2614366a5d8abe0d,69d48bfb2614366a5d8abe0d,69d48bfb2614366a5d8abe35,ORD-000025,A6216,used,0,
69d48bfb2614366a5d8abe0e,69d48bfb2614366a5d8abe0e,69d48bfb2614366a5d8abe36,ORD-000025,A6216,used,0,
69d48bfb2614366a5d8abe11,69d48bfb2614366a5d8abe11,69d48bfb2614366a5d8abe39,ORD-000024,A6216,issued,1.232,
69d48bfb2614366a5d8abe12,69d48bfb2614366a5d8abe12,69d48bfb2614366a5d8abe3a,ORD-000025,A6216,used,0,
69d48bfb2614366a5d8abe14,69d48bfb2614366a5d8abe14,69d48bfb2614366a5d8abe3c,ORD-000024,A6216,issued,1.186,
69d48c2a2614366a5d8abf43,69d48c2a2614366a5d8abf43,69d48c2a2614366a5d8abf6b,ORD-000025,A6216,used,0,
69d48c2a2614366a5d8abf44,69d48c2a2614366a5d8abf44,69d48c2a2614366a5d8abf6c,ORD-000025,A6216,used,0,
69d48c2a2614366a5d8abf45,69d48c2a2614366a5d8abf45,69d48c2a2614366a5d8abf6d,ORD-000024,A6255,used,0,
69d48c2a2614366a5d8abf4a,69d48c2a2614366a5d8abf4a,69d48c2a2614366a5d8abf72,ORD-000024,A6216,issued,1.16,
69d48c2a2614366a5d8abf4d,69d48c2a2614366a5d8abf4d,69d48c2a2614366a5d8abf75,ORD-000024,A6216,issued,1.166,
69d48c2a2614366a5d8abf65,69d48c2a2614366a5d8abf65,69d48c2a2614366a5d8abf8d,ORD-000024,A6231,used,0,
69d48c5b2614366a5d8ac0a9,69d48c5b2614366a5d8ac0a9,69d48c5b2614366a5d8ac0d1,ORD-000041,A5954,issued,0.608,
69d4afff2614366a5d8b9349,69d4afff2614366a5d8b9349,69d4afff2614366a5d8b935f,ORD-000030,A308,issued,0.698,
69d4b0332614366a5d8b94e6,69d4b0332614366a5d8b94e6,69d4b0332614366a5d8b94ef,ORD-000026,A591,issued,0.97,
69d4d551b89662732f7eea3e,69d4d551b89662732f7eea3e,69d4d551b89662732f7eea51,ORD-000024,A6302,issued,1.262,
69d4da33b89662732f7f1a1d,69d4da33b89662732f7f1a1d,69d4da33b89662732f7f1a30,ORD-000024,A6216,issued,1.094,
69d4db4ab89662732f7f2559,69d4db4ab89662732f7f2559,69d4db4ab89662732f7f257a,ORD-000013,A6249,used,0,
69d4e970b89662732f7f8ed8,69d4e970b89662732f7f8ed8,69d4e970b89662732f7f8f00,ORD-000029,A5631,used,0,
69d4e970b89662732f7f8ede,69d4e970b89662732f7f8ede,69d4e970b89662732f7f8f06,ORD-000029,A5631,used,0,
69d4e970b89662732f7f8ee1,69d4e970b89662732f7f8ee1,69d4e970b89662732f7f8f09,ORD-000029,A5631,used,0,
69d4ee32b89662732f7fa235,69d4ee32b89662732f7fa235,69d4ee32b89662732f7fa247,ORD-000027,A3172,issued,0.245,
69d5dfbbb89662732f81b6be,69d5dfbbb89662732f81b6be,69d5dfbbb89662732f81b6ca,ORD-000024,A6257,used,0,
69d5dfbbb89662732f81b6c1,69d5dfbbb89662732f81b6c1,69d5dfbbb89662732f81b6cd,ORD-000024,A6257,used,0,
69d5dfbbb89662732f81b6c2,69d5dfbbb89662732f81b6c2,69d5dfbbb89662732f81b6ce,ORD-000015,A6184,used,0,
69d5e7ebb89662732f81d8b2,69d5e7ebb89662732f81d8b2,69d5e7ebb89662732f81d8da,ORD-000029,A5631,used,0,
69d627b7b89662732f837713,69d627b7b89662732f837713,69d627b7b89662732f837720,ORD-000022,A026,used,0,
69d63582b89662732f83d0ba,69d63582b89662732f83d0ba,69d63582b89662732f83d0d3,ORD-000051,A6474,issued,0.71,
69d63582b89662732f83d0bf,69d63582b89662732f83d0bf,69d63582b89662732f83d0d8,ORD-000051,A6474,issued,0.694,
69d659ffedc59d9ec1fd6e6e,69d659ffedc59d9ec1fd6e6e,69d659ffedc59d9ec1fd6e78,ORD-000029,A5631,used,0,
69d659ffedc59d9ec1fd6e76,69d659ffedc59d9ec1fd6e76,69d659ffedc59d9ec1fd6e80,ORD-000029,A5604,used,0,
69d65a4aedc59d9ec1fd6ee2,69d65a4aedc59d9ec1fd6ee2,69d65a4aedc59d9ec1fd6eed,ORD-000029,A5631,used,0,
69d65a4aedc59d9ec1fd6ee3,69d65a4aedc59d9ec1fd6ee3,69d65a4aedc59d9ec1fd6eee,ORD-000029,A5631,used,0,
69d65a4aedc59d9ec1fd6ee4,69d65a4aedc59d9ec1fd6ee4,69d65a4aedc59d9ec1fd6eef,ORD-000029,A5604,used,0,
69d65a4aedc59d9ec1fd6ee5,69d65a4aedc59d9ec1fd6ee5,69d65a4aedc59d9ec1fd6ef0,ORD-000017,A4540,used,0,
69d65a4aedc59d9ec1fd6ee7,69d65a4aedc59d9ec1fd6ee7,69d65a4aedc59d9ec1fd6ef2,ORD-000029,A5604,used,0,
69d65a4aedc59d9ec1fd6ee9,69d65a4aedc59d9ec1fd6ee9,69d65a4aedc59d9ec1fd6ef4,ORD-000039,A6457,used,0,
69d65a4aedc59d9ec1fd6eeb,69d65a4aedc59d9ec1fd6eeb,69d65a4aedc59d9ec1fd6ef6,ORD-000029,A5631,used,0,
69d7261cedc59d9ec1fe78da,69d7261cedc59d9ec1fe78da,69d7261cedc59d9ec1fe78f1,ORD-000022,A4426,issued,0.952,
69d7261cedc59d9ec1fe78db,69d7261cedc59d9ec1fe78db,69d7261cedc59d9ec1fe78f2,ORD-000022,A4426,issued,1.008,
69d7261cedc59d9ec1fe78e3,69d7261cedc59d9ec1fe78e3,69d7261cedc59d9ec1fe78fa,ORD-000022,A4426,issued,0.976,
69d7261cedc59d9ec1fe78e9,69d7261cedc59d9ec1fe78e9,69d7261cedc59d9ec1fe7900,ORD-000022,A4426,issued,1.046,
69d7261cedc59d9ec1fe78f0,69d7261cedc59d9ec1fe78f0,69d7261cedc59d9ec1fe7907,ORD-000022,A4426,issued,0.89,
69d72633edc59d9ec1fe79a8,69d72633edc59d9ec1fe79a8,69d72633edc59d9ec1fe79bb,ORD-000022,A4426,issued,1.292,
69d72633edc59d9ec1fe79b7,69d72633edc59d9ec1fe79b7,69d72633edc59d9ec1fe79ca,ORD-000022,A4426,issued,1.306,
69d72ebaedc59d9ec1ff3209,69d72ebaedc59d9ec1ff3209,69d72ebaedc59d9ec1ff322d,ORD-000022,A2757,used,0,
69d72ebaedc59d9ec1ff3211,69d72ebaedc59d9ec1ff3211,69d72ebaedc59d9ec1ff3235,ORD-000022,A2757,used,0,
69d72ebaedc59d9ec1ff3213,69d72ebaedc59d9ec1ff3213,69d72ebaedc59d9ec1ff3237,ORD-000022,A2757,used,0,
69d72ebaedc59d9ec1ff3214,69d72ebaedc59d9ec1ff3214,69d72ebaedc59d9ec1ff3238,ORD-000022,A2757,used,0,
69d72ebaedc59d9ec1ff3218,69d72ebaedc59d9ec1ff3218,69d72ebaedc59d9ec1ff323c,ORD-000022,A2757,used,0,
69d72ebaedc59d9ec1ff321b,69d72ebaedc59d9ec1ff321b,69d72ebaedc59d9ec1ff323f,ORD-000022,A2757,used,0,
69d72ebaedc59d9ec1ff321e,69d72ebaedc59d9ec1ff321e,69d72ebaedc59d9ec1ff3242,ORD-000029,A5631,used,0,
69d72ecfedc59d9ec1ff335e,69d72ecfedc59d9ec1ff335e,69d72ecfedc59d9ec1ff3382,ORD-000029,A5604,used,0,
69d72ecfedc59d9ec1ff3362,69d72ecfedc59d9ec1ff3362,69d72ecfedc59d9ec1ff3386,ORD-000029,A5604,used,0,
69d72ecfedc59d9ec1ff3365,69d72ecfedc59d9ec1ff3365,69d72ecfedc59d9ec1ff3389,ORD-000029,A5604,used,0,
69d72ecfedc59d9ec1ff336b,69d72ecfedc59d9ec1ff336b,69d72ecfedc59d9ec1ff338f,ORD-000028,A4577,issued,0.184,
69d72ecfedc59d9ec1ff336c,69d72ecfedc59d9ec1ff336c,69d72ecfedc59d9ec1ff3390,ORD-000022,A2757,used,0,
69d72f01edc59d9ec1ff3554,69d72f01edc59d9ec1ff3554,69d72f01edc59d9ec1ff356b,ORD-000022,A4426,issued,0.89,
69d72f01edc59d9ec1ff3556,69d72f01edc59d9ec1ff3556,69d72f01edc59d9ec1ff356d,ORD-000038,A070,issued,0.85,
69d72f01edc59d9ec1ff3558,69d72f01edc59d9ec1ff3558,69d72f01edc59d9ec1ff356f,ORD-000022,A4426,issued,0.91,
69d72f46edc59d9ec1ff3720,69d72f46edc59d9ec1ff3720,69d72f46edc59d9ec1ff3744,ORD-000022,A2757,used,0,
69d72f46edc59d9ec1ff372a,69d72f46edc59d9ec1ff372a,69d72f46edc59d9ec1ff374e,ORD-000022,A2757,used,0,
69d72f46edc59d9ec1ff3730,69d72f46edc59d9ec1ff3730,69d72f46edc59d9ec1ff3754,ORD-000022,A2757,used,0,
69d72f46edc59d9ec1ff3732,69d72f46edc59d9ec1ff3732,69d72f46edc59d9ec1ff3756,ORD-000022,A2757,used,0,
69d72f46edc59d9ec1ff3736,69d72f46edc59d9ec1ff3736,69d72f46edc59d9ec1ff375a,ORD-000022,A2757,used,0,
69d77abcedc59d9ec10227a8,69d77abcedc59d9ec10227a8,69d77abcedc59d9ec10227bc,ORD-000041,A5954,issued,0.39,
69d77abcedc59d9ec10227a9,69d77abcedc59d9ec10227a9,69d77abcedc59d9ec10227bd,ORD-000023,A145,used,0,
69d783bcedc59d9ec1024d5c,69d783bcedc59d9ec1024d5c,69d783bcedc59d9ec1024d70,ORD-000036,A574,issued,0.64,
69d783bcedc59d9ec1024d60,69d783bcedc59d9ec1024d60,69d783bcedc59d9ec1024d74,ORD-000036,A574,issued,0.502,
69d78af9edc59d9ec1027f67,69d78af9edc59d9ec1027f67,69d78af9edc59d9ec1027f7b,ORD-000022,A4426,issued,0.31,
69d78af9edc59d9ec1027f69,69d78af9edc59d9ec1027f69,69d78af9edc59d9ec1027f7d,ORD-000022,A4426,issued,0.382,
69d78af9edc59d9ec1027f6a,69d78af9edc59d9ec1027f6a,69d78af9edc59d9ec1027f7e,ORD-000022,A4426,issued,0.358,
69d78af9edc59d9ec1027f72,69d78af9edc59d9ec1027f72,69d78af9edc59d9ec1027f86,ORD-000005,A5439,used,0,
69d78af9edc59d9ec1027f76,69d78af9edc59d9ec1027f76,69d78af9edc59d9ec1027f8a,ORD-000023,A572,used,0,
69d78af9edc59d9ec1027f78,69d78af9edc59d9ec1027f78,69d78af9edc59d9ec1027f8c,ORD-000031,A085,used,0,
69d78af9edc59d9ec1027f79,69d78af9edc59d9ec1027f79,69d78af9edc59d9ec1027f8d,ORD-000031,A085,used,0,
69d7907cedc59d9ec1028f57,69d7907cedc59d9ec1028f57,69d7907cedc59d9ec1028f78,ORD-000025,A6121,used,0,
69d7907cedc59d9ec1028f5a,69d7907cedc59d9ec1028f5a,69d7907cedc59d9ec1028f7b,ORD-000007,A307,used,0,
69d877dcedc59d9ec103e899,69d877dcedc59d9ec103e899,69d877dcedc59d9ec103e8b5,,,not_issued,1,no yarn issue txn on conesIdsArray; cone has no order/article refs — cannot infer order/article
69d8b1e3edc59d9ec1056b9a,69d8b1e3edc59d9ec1056b9a,69d8b1e3edc59d9ec1056ba9,ORD-000013,A6251,used,0,
69d8b21cedc59d9ec1056e9d,69d8b21cedc59d9ec1056e9d,69d8b21cedc59d9ec1056eac,ORD-000024,A6216,issued,0.98,
69d8b21cedc59d9ec1056ea2,69d8b21cedc59d9ec1056ea2,69d8b21cedc59d9ec1056eb1,ORD-000024,A6216,issued,1.084,
69d8c1adedc59d9ec105d013,69d8c1adedc59d9ec105d013,69d8c1adedc59d9ec105d03b,ORD-000024,A6302,issued,0.406,
69d8c1adedc59d9ec105d029,69d8c1adedc59d9ec105d029,69d8c1adedc59d9ec105d051,ORD-000024,A6302,issued,0.412,
69d8c1adedc59d9ec105d030,69d8c1adedc59d9ec105d030,69d8c1adedc59d9ec105d058,ORD-000024,A6302,issued,0.406,
69d9ea81edc59d9ec109de95,69d9ea81edc59d9ec109de95,69d9ea81edc59d9ec109dea9,ORD-000041,A5954,issued,0.736,
69d9ea81edc59d9ec109de97,69d9ea81edc59d9ec109de97,69d9ea81edc59d9ec109deab,ORD-000041,A5954,issued,0.864,
69d9ea81edc59d9ec109de98,69d9ea81edc59d9ec109de98,69d9ea81edc59d9ec109deac,ORD-000024,A6315,used,0,
69d9ea81edc59d9ec109de9a,69d9ea81edc59d9ec109de9a,69d9ea81edc59d9ec109deae,ORD-000024,A6315,used,0,
69d9ea81edc59d9ec109de9d,69d9ea81edc59d9ec109de9d,69d9ea81edc59d9ec109deb1,ORD-000041,A5954,issued,0.828,
69da034fedc59d9ec10a2da2,69da034fedc59d9ec10a2da2,69da034fedc59d9ec10a2dae,ORD-000024,A6216,issued,1.686,
69da0c03edc59d9ec10a7917,69da0c03edc59d9ec10a7917,69da0c03edc59d9ec10a7922,ORD-000024,A6315,used,0,
69da0c03edc59d9ec10a791e,69da0c03edc59d9ec10a791e,69da0c03edc59d9ec10a7929,ORD-000022,A2757,used,0,
69da194cedc59d9ec10aad16,69da194cedc59d9ec10aad16,69da194cedc59d9ec10aad28,ORD-000024,A6216,issued,1.314,
69dc7993d0bd6cbf13e4b77c,69dc7993d0bd6cbf13e4b77c,69dc7993d0bd6cbf13e4b792,ORD-000025,A6217,used,0,
69dc8f32a19ee8d30f4a05a3,69dc8f32a19ee8d30f4a05a3,69dc8f32a19ee8d30f4a05c5,ORD-000024,A6216,issued,0.37,
69dc8f32a19ee8d30f4a05a4,69dc8f32a19ee8d30f4a05a4,69dc8f32a19ee8d30f4a05c6,ORD-000025,A6216,used,0,
69dc8f32a19ee8d30f4a05b7,69dc8f32a19ee8d30f4a05b7,69dc8f32a19ee8d30f4a05d9,ORD-000024,A6216,issued,0.414,
69dc8f32a19ee8d30f4a05b8,69dc8f32a19ee8d30f4a05b8,69dc8f32a19ee8d30f4a05da,ORD-000025,A6216,used,0,
69dc8f32a19ee8d30f4a05b9,69dc8f32a19ee8d30f4a05b9,69dc8f32a19ee8d30f4a05db,ORD-000024,A6216,issued,0.426,
69dc8f32a19ee8d30f4a05ba,69dc8f32a19ee8d30f4a05ba,69dc8f32a19ee8d30f4a05dc,ORD-000025,A6216,used,0,
69dc8f32a19ee8d30f4a05c2,69dc8f32a19ee8d30f4a05c2,69dc8f32a19ee8d30f4a05e4,ORD-000024,A6216,issued,0.426,
69dc8f71a19ee8d30f4a06ce,69dc8f71a19ee8d30f4a06ce,69dc8f71a19ee8d30f4a06e6,ORD-000025,A6217,used,0,
69dccee3a19ee8d30f4ae8b0,69dccee3a19ee8d30f4ae8b0,69dccee3a19ee8d30f4ae8bc,ORD-000024,A6302,issued,1.608,
69dccee3a19ee8d30f4ae8b1,69dccee3a19ee8d30f4ae8b1,69dccee3a19ee8d30f4ae8bd,ORD-000029,A5604,used,0,
69dccee3a19ee8d30f4ae8b6,69dccee3a19ee8d30f4ae8b6,69dccee3a19ee8d30f4ae8c2,ORD-000029,A5604,used,0,
69dccee3a19ee8d30f4ae8b7,69dccee3a19ee8d30f4ae8b7,69dccee3a19ee8d30f4ae8c3,ORD-000024,A6302,issued,1.73,
69dccf3da19ee8d30f4ae9d2,69dccf3da19ee8d30f4ae9d2,69dccf3da19ee8d30f4ae9e1,ORD-000029,A5631,used,0,
69ddb364007e05d7e73ec63b,69ddb364007e05d7e73ec63b,69ddb364007e05d7e73ec653,ORD-000024,A6302,issued,2.452,
69ddb364007e05d7e73ec640,69ddb364007e05d7e73ec640,69ddb364007e05d7e73ec658,ORD-000024,A6302,issued,2.436,
69ddb364007e05d7e73ec644,69ddb364007e05d7e73ec644,69ddb364007e05d7e73ec65c,ORD-000024,A6302,issued,2.604,
69ddb364007e05d7e73ec647,69ddb364007e05d7e73ec647,69ddb364007e05d7e73ec65f,ORD-000024,A6302,issued,3.118,
69ddb364007e05d7e73ec649,69ddb364007e05d7e73ec649,69ddb364007e05d7e73ec661,ORD-000024,A6302,issued,2.608,
69ddb364007e05d7e73ec64c,69ddb364007e05d7e73ec64c,69ddb364007e05d7e73ec664,ORD-000024,A6302,issued,2.51,
69ddb364007e05d7e73ec652,69ddb364007e05d7e73ec652,69ddb364007e05d7e73ec66a,ORD-000024,A6302,issued,2.486,
69ddb42d007e05d7e73ec8f3,69ddb42d007e05d7e73ec8f3,69ddb42d007e05d7e73ec90b,,,not_issued,2.448,no yarn issue txn on conesIdsArray; cone has no order/article refs — cannot infer order/article
69ddcd3b007e05d7e7400d03,69ddcd3b007e05d7e7400d03,69ddcd3b007e05d7e7400d2b,ORD-000036,A142,used,0,
69ddce11007e05d7e7401112,69ddce11007e05d7e7401112,69ddce11007e05d7e740113a,ORD-000023,A224,used,0,
69ddce11007e05d7e7401114,69ddce11007e05d7e7401114,69ddce11007e05d7e740113c,ORD-000023,A224,used,0,
69ddce11007e05d7e7401115,69ddce11007e05d7e7401115,69ddce11007e05d7e740113d,ORD-000023,A224,used,0,
69ddce11007e05d7e740111a,69ddce11007e05d7e740111a,69ddce11007e05d7e7401142,ORD-000023,A224,used,0,
69ddce11007e05d7e740111b,69ddce11007e05d7e740111b,69ddce11007e05d7e7401143,ORD-000023,A224,used,0,
69ddce11007e05d7e740111e,69ddce11007e05d7e740111e,69ddce11007e05d7e7401146,ORD-000023,A224,used,0,
69ddce11007e05d7e740111f,69ddce11007e05d7e740111f,69ddce11007e05d7e7401147,ORD-000023,A224,used,0,
69ddce11007e05d7e7401121,69ddce11007e05d7e7401121,69ddce11007e05d7e7401149,ORD-000023,A224,used,0,
69ddce11007e05d7e7401123,69ddce11007e05d7e7401123,69ddce11007e05d7e740114b,ORD-000023,A224,used,0,
69ddce11007e05d7e7401125,69ddce11007e05d7e7401125,69ddce11007e05d7e740114d,ORD-000023,A224,used,0,
69ddce11007e05d7e7401126,69ddce11007e05d7e7401126,69ddce11007e05d7e740114e,ORD-000023,A224,used,0,
69ddce11007e05d7e740112e,69ddce11007e05d7e740112e,69ddce11007e05d7e7401156,ORD-000023,A224,used,0,
69ddce11007e05d7e740112f,69ddce11007e05d7e740112f,69ddce11007e05d7e7401157,ORD-000023,A224,used,0,
69ddce11007e05d7e7401133,69ddce11007e05d7e7401133,69ddce11007e05d7e740115b,ORD-000023,A224,used,0,
69dde114007e05d7e7404f96,69dde114007e05d7e7404f96,69dde114007e05d7e7404fb6,ORD-000024,A6315,used,0,
69dde114007e05d7e7404f97,69dde114007e05d7e7404f97,69dde114007e05d7e7404fb7,ORD-000010,A5449,issued,0.144,
69dde2ac007e05d7e7405a98,69dde2ac007e05d7e7405a98,69dde2ac007e05d7e7405ac0,ORD-000027,A4823,issued,1.204,
69de070d007e05d7e7415a20,69de070d007e05d7e7415a20,69de070d007e05d7e7415a34,ORD-000028,A085,used,0,
69de070d007e05d7e7415a2f,69de070d007e05d7e7415a2f,69de070d007e05d7e7415a43,ORD-000027,A3170,used,0,
69de0d35007e05d7e7417083,69de0d35007e05d7e7417083,69de0d35007e05d7e74170ab,ORD-000024,A6315,used,0,
69de0d35007e05d7e7417087,69de0d35007e05d7e7417087,69de0d35007e05d7e74170af,ORD-000024,A6315,used,0,
69de0d35007e05d7e741708b,69de0d35007e05d7e741708b,69de0d35007e05d7e74170b3,ORD-000024,A6315,used,0,
69de0d35007e05d7e741708d,69de0d35007e05d7e741708d,69de0d35007e05d7e74170b5,ORD-000024,A6315,used,0,
69de0d35007e05d7e7417090,69de0d35007e05d7e7417090,69de0d35007e05d7e74170b8,ORD-000024,A6315,used,0,
69de0d35007e05d7e74170a9,69de0d35007e05d7e74170a9,69de0d35007e05d7e74170d1,ORD-000024,A6315,used,0,
69de0d81007e05d7e741746f,69de0d81007e05d7e741746f,69de0d81007e05d7e7417490,ORD-000050,A3371,issued,0.155,
69de0d81007e05d7e7417473,69de0d81007e05d7e7417473,69de0d81007e05d7e7417494,ORD-000026,A230,used,0,
69df557000ca64e3cf52db0d,69df557000ca64e3cf52db0d,69df557000ca64e3cf52db22,ORD-000023,A224,used,0,
69df700900ca64e3cf535d2a,69df700900ca64e3cf535d2a,69df700900ca64e3cf535d4b,ORD-000017,A4543,used,0,
69df727300ca64e3cf536a16,69df727300ca64e3cf536a16,69df727300ca64e3cf536a23,ORD-000024,A6302,issued,1.648,
69df727300ca64e3cf536a19,69df727300ca64e3cf536a19,69df727300ca64e3cf536a26,ORD-000024,A6302,issued,1.364,
69df727300ca64e3cf536a1c,69df727300ca64e3cf536a1c,69df727300ca64e3cf536a29,ORD-000024,A6302,issued,1.622,
69df727300ca64e3cf536a1e,69df727300ca64e3cf536a1e,69df727300ca64e3cf536a2b,ORD-000013,A6274,used,0,
69e0647c00ca64e3cf58e44d,69e0647c00ca64e3cf58e44d,69e0647c00ca64e3cf58e471,ORD-000035,A903,issued,0.088,
69e0651a00ca64e3cf58e90a,69e0651a00ca64e3cf58e90a,69e0651a00ca64e3cf58e92d,ORD-000032,A6114,used,0,
69e0651a00ca64e3cf58e90c,69e0651a00ca64e3cf58e90c,69e0651a00ca64e3cf58e92f,ORD-000024,A6210,used,0,
69e0651a00ca64e3cf58e90d,69e0651a00ca64e3cf58e90d,69e0651a00ca64e3cf58e930,ORD-000024,A6300,issued,0,
69e0651a00ca64e3cf58e918,69e0651a00ca64e3cf58e918,69e0651a00ca64e3cf58e93b,ORD-000005,A5457,issued,0.966,
69e0651a00ca64e3cf58e919,69e0651a00ca64e3cf58e919,69e0651a00ca64e3cf58e93c,ORD-000036,A574,issued,0.374,
69e0651a00ca64e3cf58e91e,69e0651a00ca64e3cf58e91e,69e0651a00ca64e3cf58e941,ORD-000036,A142,used,0,
69e066fa00ca64e3cf58f377,69e066fa00ca64e3cf58f377,69e066fa00ca64e3cf58f38c,ORD-000024,A6256,not_issued,0.866,
69e066fa00ca64e3cf58f37a,69e066fa00ca64e3cf58f37a,69e066fa00ca64e3cf58f38f,ORD-000024,A6256,not_issued,0.822,
69e0713800ca64e3cf591dc6,69e0713800ca64e3cf591dc6,69e0713800ca64e3cf591dda,ORD-000024,A6315,used,0,
69e086d700ca64e3cf594b2c,69e086d700ca64e3cf594b2c,69e086d700ca64e3cf594b46,ORD-000024,A6212,issued,0.918,
69e086d700ca64e3cf594b38,69e086d700ca64e3cf594b38,69e086d700ca64e3cf594b52,ORD-000028,A4626,issued,1.016,
69e1b61d0b3c5500e1fde94e,69e1b61d0b3c5500e1fde94e,69e1b61d0b3c5500e1fde95e,ORD-000029,A5604,used,0,
69e1be020b3c5500e1fe07a5,69e1be020b3c5500e1fe07a5,69e1be020b3c5500e1fe07c8,ORD-000024,A6315,used,0,
69e1be020b3c5500e1fe07b0,69e1be020b3c5500e1fe07b0,69e1be020b3c5500e1fe07d3,ORD-000031,A085,used,0,
69e1be020b3c5500e1fe07b6,69e1be020b3c5500e1fe07b6,69e1be020b3c5500e1fe07d9,ORD-000031,A085,used,0,
69e1eca3cb6ce8081f0e022d,69e1eca3cb6ce8081f0e022d,69e1eca3cb6ce8081f0e0251,ORD-000027,A4831,used,0,
69e3068a34696b42ea7b053a,69e3068a34696b42ea7b053a,69e3068a34696b42ea7b0562,ORD-000030,A132,used,0,
69e3089634696b42ea7b17b7,69e3089634696b42ea7b17b7,69e3089634696b42ea7b17c9,ORD-000028,A4607,not_issued,1.01,
69e3094834696b42ea7b1ca2,69e3094834696b42ea7b1ca2,69e3094834696b42ea7b1cca,ORD-000031,A085,used,0,
69e3142934696b42ea7b40b5,69e3142934696b42ea7b40b5,69e3142934696b42ea7b40dd,ORD-000041,A6068,issued,1.21,
69e360a34dfe50532a0bea25,69e360a34dfe50532a0bea25,69e360a34dfe50532a0bea4d,ORD-000032,A6141,issued,1.042,
69e360ff4dfe50532a0beedd,69e360ff4dfe50532a0beedd,69e360ff4dfe50532a0bef05,ORD-000028,A4582,used,0,
69e361414dfe50532a0bf24c,69e361414dfe50532a0bf24c,69e361414dfe50532a0bf26d,ORD-000029,A5938,used,0,
69e5bb944dfe50532a156ff6,69e5bb944dfe50532a156ff6,69e5bb944dfe50532a15700d,ORD-000036,A574,issued,1.164,
69e5bce64dfe50532a157527,69e5bce64dfe50532a157527,69e5bce64dfe50532a157534,ORD-000028,A4582,used,0,
69e5bd6d4dfe50532a15776a,69e5bd6d4dfe50532a15776a,69e5bd6d4dfe50532a15778a,ORD-000038,A070,issued,0.098,
69e5be1e4dfe50532a157b9f,69e5be1e4dfe50532a157b9f,69e5be1e4dfe50532a157bb7,ORD-000041,A6068,not_issued,0.674,
69e5be1e4dfe50532a157ba6,69e5be1e4dfe50532a157ba6,69e5be1e4dfe50532a157bbe,ORD-000031,A6264,used,0,
69e5c14c4dfe50532a158240,69e5c14c4dfe50532a158240,69e5c14c4dfe50532a15825e,,,not_issued,1.088,no yarn issue txn on conesIdsArray; cone has no order/article refs — cannot infer order/article
69e5c14c4dfe50532a158253,69e5c14c4dfe50532a158253,69e5c14c4dfe50532a158271,,,not_issued,1.052,no yarn issue txn on conesIdsArray; cone has no order/article refs — cannot infer order/article
69e5ca644dfe50532a16213f,69e5ca644dfe50532a16213f,69e5ca644dfe50532a162153,ORD-000031,A085,used,0,
69e71c11f0694e7c1e2272a7,69e71c11f0694e7c1e2272a7,69e71c11f0694e7c1e2272b3,ORD-000024,A6255,used,0,
69e84dff795e8688eebc581c,69e84dff795e8688eebc581c,69e84dff795e8688eebc5844,ORD-000036,A142,used,0,
69e84dff795e8688eebc5839,69e84dff795e8688eebc5839,69e84dff795e8688eebc5861,ORD-000036,A142,used,0,
69e84e35795e8688eebc5a26,69e84e35795e8688eebc5a26,69e84e35795e8688eebc5a4e,ORD-000031,A6243,issued,0.929,
69e84e35795e8688eebc5a2d,69e84e35795e8688eebc5a2d,69e84e35795e8688eebc5a55,ORD-000036,A142,used,0,
69e84eaa795e8688eebc6233,69e84eaa795e8688eebc6233,69e84eaa795e8688eebc6258,ORD-000036,A574,issued,0.926,
69e84eaa795e8688eebc6243,69e84eaa795e8688eebc6243,69e84eaa795e8688eebc6268,ORD-000036,A574,issued,0.976,
69e84eaa795e8688eebc6249,69e84eaa795e8688eebc6249,69e84eaa795e8688eebc626e,ORD-000036,A574,issued,0.992,
69e8849a733c29bce005c50e,69e8849a733c29bce005c50e,69e8849a733c29bce005c530,ORD-000036,A574,issued,0.192,
69e8849a733c29bce005c515,69e8849a733c29bce005c515,69e8849a733c29bce005c537,ORD-000036,A574,issued,0.394,
69e8849a733c29bce005c51c,69e8849a733c29bce005c51c,69e8849a733c29bce005c53e,ORD-000036,A574,issued,0.374,
69e8849a733c29bce005c51f,69e8849a733c29bce005c51f,69e8849a733c29bce005c541,ORD-000036,A574,issued,0.382,
69e8849a733c29bce005c520,69e8849a733c29bce005c520,69e8849a733c29bce005c542,ORD-000036,A574,issued,0.396,
69e8849a733c29bce005c524,69e8849a733c29bce005c524,69e8849a733c29bce005c546,ORD-000036,A574,issued,0.378,
69e8a7be733c29bce008fe74,69e8a7be733c29bce008fe74,69e8a7be733c29bce008fe9c,ORD-000036,A142,used,0,
69e8a7be733c29bce008fe78,69e8a7be733c29bce008fe78,69e8a7be733c29bce008fea0,ORD-000036,A142,used,0,
69e8aa8f733c29bce009117b,69e8aa8f733c29bce009117b,69e8aa8f733c29bce0091199,ORD-000035,A101,used,0,
69e8bdb1733c29bce0096d89,69e8bdb1733c29bce0096d89,69e8bdb1733c29bce0096da0,ORD-000027,A3156,issued,0.922,
69e8bea9733c29bce0097268,69e8bea9733c29bce0097268,69e8bea9733c29bce009728a,ORD-000036,A574,issued,0.81,
69e8bea9733c29bce0097272,69e8bea9733c29bce0097272,69e8bea9733c29bce0097294,ORD-000036,A142,used,0,
69e8bea9733c29bce0097275,69e8bea9733c29bce0097275,69e8bea9733c29bce0097297,ORD-000036,A142,used,0,
69e8bea9733c29bce0097276,69e8bea9733c29bce0097276,69e8bea9733c29bce0097298,ORD-000036,A574,issued,0.574,
69e8bea9733c29bce009727e,69e8bea9733c29bce009727e,69e8bea9733c29bce00972a0,ORD-000041,A6068,issued,1.208,
69e9ac64733c29bce00ec223,69e9ac64733c29bce00ec223,69e9ac64733c29bce00ec237,,,not_issued,0.702,no yarn issue txn on conesIdsArray; cone has no order/article refs — cannot infer order/article
69e9acff733c29bce00ed8cb,69e9acff733c29bce00ed8cb,69e9acff733c29bce00ed8ee,,,not_issued,0.91,no yarn issue txn on conesIdsArray; cone has no order/article refs — cannot infer order/article
69e9adf2733c29bce00f0907,69e9adf2733c29bce00f0907,69e9adf2733c29bce00f092f,ORD-000036,A574,issued,1.122,
69e9caea59aa9fc88a54e621,69e9caea59aa9fc88a54e621,69e9caea59aa9fc88a54e63a,ORD-000041,A5954,issued,0.025,
69e9dc7f59aa9fc88a5689f1,69e9dc7f59aa9fc88a5689f1,69e9dc7f59aa9fc88a568a19,ORD-000036,A142,used,0,
69e9f2e559aa9fc88a59371d,69e9f2e559aa9fc88a59371d,69e9f2e559aa9fc88a593734,ORD-000038,A070,issued,0.95,
69eb17c186f7ddd153e5848b,69eb17c186f7ddd153e5848b,69eb17c186f7ddd153e5849f,ORD-000036,A644,issued,0.978,
69ec519386f7ddd153ecaaf0,69ec519386f7ddd153ecaaf0,69ec519386f7ddd153ecab08,ORD-000041,A5954,issued,2.48,
69ec519386f7ddd153ecaaf1,69ec519386f7ddd153ecaaf1,69ec519386f7ddd153ecab09,ORD-000041,A5954,issued,2.534,
69ec519386f7ddd153ecaaf2,69ec519386f7ddd153ecaaf2,69ec519386f7ddd153ecab0a,ORD-000041,A5954,issued,2.408,
69ec519386f7ddd153ecaaf6,69ec519386f7ddd153ecaaf6,69ec519386f7ddd153ecab0e,ORD-000041,A6068,issued,2.404,
69ec699386f7ddd153edea20,69ec699386f7ddd153edea20,69ec699386f7ddd153edea48,ORD-000038,A026,issued,1.184,
69ec7ad286f7ddd153ef2661,69ec7ad286f7ddd153ef2661,69ec7ad286f7ddd153ef267f,ORD-000032,A6143,issued,0.426,
69eef55086f7ddd15309ad5d,69eef55086f7ddd15309ad5d,69eef55086f7ddd15309ad6d,ORD-000041,A092,issued,1.284,
699aca0e4583baeaf6e65142,699aca0e4583baeaf6e65142,699aca0e4583baeaf6e6514d,,,not_issued,1.074,no yarn issue txn on conesIdsArray; cone has no order/article refs — cannot infer order/article
69a26de6a47ecd5436f7064f,69a26de6a47ecd5436f7064f,69a26de6a47ecd5436f70664,ORD-000021,A5915,used,0,
69a26ea1a47ecd5436f7073f,69a26ea1a47ecd5436f7073f,69a26ea1a47ecd5436f70744,ORD-000013,A6259,used,0,
69a3ff6293145c5b28551644,69a3ff6293145c5b28551644,69a3ff6293145c5b28551649,ORD-000029,A6053,used,0,
69a4155b93145c5b28552f58,69a4155b93145c5b28552f58,69a4155b93145c5b28552f7a,ORD-000038,A4554,issued,0.602,
69a4155b93145c5b28552f64,69a4155b93145c5b28552f64,69a4155b93145c5b28552f86,ORD-000022,A4443,not_issued,0.164,
69a5248093145c5b28554bc2,69a5248093145c5b28554bc2,69a5248093145c5b28554bcd,ORD-000021,A5915,used,0,
69a5248093145c5b28554bc8,69a5248093145c5b28554bc8,69a5248093145c5b28554bd3,ORD-000021,A5915,used,0,
69a5645693145c5b28578b36,69a5645693145c5b28578b36,69a5645693145c5b28578b3f,ORD-000005,A590,not_issued,0.146,
69a5645693145c5b28578b37,69a5645693145c5b28578b37,69a5645693145c5b28578b40,ORD-000021,A5915,used,0,
69a564c693145c5b28578c06,69a564c693145c5b28578c06,69a564c693145c5b28578c08,ORD-000015,A6175,not_issued,0.53,
69ae4a36777d8cba6a19bbd1,69ae4a36777d8cba6a19bbd1,69ae4a36777d8cba6a19bbe9,ORD-000018,A573,used,0,
69b1165905b3bddb852811e7,69b1165905b3bddb852811e7,69b1165905b3bddb852811fc,ORD-000027,A4833,not_issued,0.04,
69b1276805b3bddb85281e3e,69b1276805b3bddb85281e3e,69b1276805b3bddb85281e5d,ORD-000021,A5581,used,0,
69b50102be0ce216017e94ba,69b50102be0ce216017e94ba,69b50102be0ce216017e94c8,ORD-000018,A573,used,0,
69b7eccca6225d28d31cd6d0,69b7eccca6225d28d31cd6d0,69b7eccca6225d28d31cd725,ORD-000022,A1102,used,0,
69b7eccca6225d28d31cd6da,69b7eccca6225d28d31cd6da,69b7eccca6225d28d31cd72f,ORD-000018,A573,used,0,
69b7eccca6225d28d31cd6f6,69b7eccca6225d28d31cd6f6,69b7eccca6225d28d31cd74b,ORD-000018,A573,used,0,
69b7eccca6225d28d31cd6fe,69b7eccca6225d28d31cd6fe,69b7eccca6225d28d31cd753,ORD-000018,A573,used,0,
69b7eccca6225d28d31cd717,69b7eccca6225d28d31cd717,69b7eccca6225d28d31cd76c,ORD-000018,A573,used,0,
69b8d4a5a6225d28d31d372e,69b8d4a5a6225d28d31d372e,69b8d4a5a6225d28d31d3739,ORD-000013,A6259,used,0,
69b8d50ea6225d28d31d381c,69b8d50ea6225d28d31d381c,69b8d50ea6225d28d31d3833,ORD-000018,A573,used,0,
69b9135b6337f93f422f59ea,69b9135b6337f93f422f59ea,69b9135b6337f93f422f59f6,ORD-000021,A5764,used,0,
69b943a8b9f0c244de557217,69b943a8b9f0c244de557217,69b943a8b9f0c244de557229,ORD-000013,A6259,used,0,
69b946d8b9f0c244de5576f3,69b946d8b9f0c244de5576f3,69b946d8b9f0c244de557718,ORD-000025,A6217,used,0,
69b947ceb9f0c244de557b1d,69b947ceb9f0c244de557b1d,69b947ceb9f0c244de557b23,ORD-000028,A573,used,0,
69ba544d4d47625b519ea019,69ba544d4d47625b519ea019,69ba544d4d47625b519ea032,ORD-000013,A6259,used,0,
69ba54c74d47625b519ea16a,69ba54c74d47625b519ea16a,69ba54c74d47625b519ea182,ORD-000013,A6259,used,0,
69ba54c74d47625b519ea16f,69ba54c74d47625b519ea16f,69ba54c74d47625b519ea187,ORD-000018,A573,used,0,
69ba54c74d47625b519ea17f,69ba54c74d47625b519ea17f,69ba54c74d47625b519ea197,ORD-000013,A6259,used,0,
69bcf185500e0993b26cc71f,69bcf185500e0993b26cc71f,69bcf185500e0993b26cc747,ORD-000021,A5915,used,0,
69be25b422f72a9b530dbefd,69be25b422f72a9b530dbefd,69be25b422f72a9b530dbf25,ORD-000013,A6259,used,0,
69be25b422f72a9b530dbf19,69be25b422f72a9b530dbf19,69be25b422f72a9b530dbf41,ORD-000013,A6259,used,0,
69be25c922f72a9b530dc045,69be25c922f72a9b530dc045,69be25c922f72a9b530dc06d,ORD-000013,A6259,used,0,
69be25c922f72a9b530dc054,69be25c922f72a9b530dc054,69be25c922f72a9b530dc07c,ORD-000013,A6259,used,0,
69be25c922f72a9b530dc068,69be25c922f72a9b530dc068,69be25c922f72a9b530dc090,ORD-000013,A6259,used,0,
69be25c922f72a9b530dc06a,69be25c922f72a9b530dc06a,69be25c922f72a9b530dc092,ORD-000013,A6259,used,0,
69bfa9a4beea45a970c3e71d,69bfa9a4beea45a970c3e71d,69bfa9a4beea45a970c3e729,,,not_issued,1.684,no yarn issue txn on conesIdsArray; cone has no order/article refs — cannot infer order/article
69bfa9a4beea45a970c3e71f,69bfa9a4beea45a970c3e71f,69bfa9a4beea45a970c3e72b,,,not_issued,1.314,no yarn issue txn on conesIdsArray; cone has no order/article refs — cannot infer order/article
69bfa9a4beea45a970c3e721,69bfa9a4beea45a970c3e721,69bfa9a4beea45a970c3e72d,,,not_issued,1.182,no yarn issue txn on conesIdsArray; cone has no order/article refs — cannot infer order/article
69bfa9a4beea45a970c3e723,69bfa9a4beea45a970c3e723,69bfa9a4beea45a970c3e72f,,,not_issued,1.53,no yarn issue txn on conesIdsArray; cone has no order/article refs — cannot infer order/article
69bfa9a4beea45a970c3e726,69bfa9a4beea45a970c3e726,69bfa9a4beea45a970c3e732,,,not_issued,1.218,no yarn issue txn on conesIdsArray; cone has no order/article refs — cannot infer order/article
69bfb2aebeea45a970c3f06e,69bfb2aebeea45a970c3f06e,69bfb2aebeea45a970c3f073,,,not_issued,1.542,no yarn issue txn on conesIdsArray; cone has no order/article refs — cannot infer order/article
69c0e4c7beea45a970c46046,69c0e4c7beea45a970c46046,69c0e4c7beea45a970c4605d,ORD-000013,A6259,used,0,
69c0fd06beea45a970c48868,69c0fd06beea45a970c48868,69c0fd06beea45a970c48881,ORD-000018,A573,used,0,
69c0fd06beea45a970c4886e,69c0fd06beea45a970c4886e,69c0fd06beea45a970c48887,ORD-000013,A6274,used,0,
69c0fd06beea45a970c48873,69c0fd06beea45a970c48873,69c0fd06beea45a970c4888c,ORD-000015,A6136,used,0,
69c0fd06beea45a970c48875,69c0fd06beea45a970c48875,69c0fd06beea45a970c4888e,ORD-000013,A6259,used,0,
69c20aadbeea45a970c61fed,69c20aadbeea45a970c61fed,69c20aadbeea45a970c62015,ORD-000018,A573,used,0,
69c20aadbeea45a970c61fef,69c20aadbeea45a970c61fef,69c20aadbeea45a970c62017,ORD-000018,A573,used,0,
69c20aadbeea45a970c61ff1,69c20aadbeea45a970c61ff1,69c20aadbeea45a970c62019,ORD-000018,A573,used,0,
69c20aadbeea45a970c61ff2,69c20aadbeea45a970c61ff2,69c20aadbeea45a970c6201a,ORD-000018,A573,used,0,
69c20aadbeea45a970c61ff6,69c20aadbeea45a970c61ff6,69c20aadbeea45a970c6201e,ORD-000018,A573,used,0,
69c20aadbeea45a970c61ff7,69c20aadbeea45a970c61ff7,69c20aadbeea45a970c6201f,ORD-000018,A573,used,0,
69c20aadbeea45a970c61ff8,69c20aadbeea45a970c61ff8,69c20aadbeea45a970c62020,ORD-000018,A573,used,0,
69c20aadbeea45a970c61ffe,69c20aadbeea45a970c61ffe,69c20aadbeea45a970c62026,ORD-000018,A573,used,0,
69c20aadbeea45a970c61fff,69c20aadbeea45a970c61fff,69c20aadbeea45a970c62027,ORD-000018,A573,used,0,
69c20aadbeea45a970c62005,69c20aadbeea45a970c62005,69c20aadbeea45a970c6202d,ORD-000018,A573,used,0,
69c20aadbeea45a970c62007,69c20aadbeea45a970c62007,69c20aadbeea45a970c6202f,ORD-000018,A573,used,0,
69c20aadbeea45a970c62008,69c20aadbeea45a970c62008,69c20aadbeea45a970c62030,ORD-000018,A573,used,0,
69c20aadbeea45a970c6200b,69c20aadbeea45a970c6200b,69c20aadbeea45a970c62033,ORD-000018,A573,used,0,
69c20aadbeea45a970c6200c,69c20aadbeea45a970c6200c,69c20aadbeea45a970c62034,ORD-000018,A573,used,0,
69c20aadbeea45a970c6200d,69c20aadbeea45a970c6200d,69c20aadbeea45a970c62035,ORD-000018,A573,used,0,
69c20aadbeea45a970c62012,69c20aadbeea45a970c62012,69c20aadbeea45a970c6203a,ORD-000018,A573,used,0,
69c21031beea45a970c63659,69c21031beea45a970c63659,69c21031beea45a970c6365b,ORD-000021,A5581,used,0,
69c229ecbeea45a970c66d2f,69c229ecbeea45a970c66d2f,69c229ecbeea45a970c66d57,ORD-000015,A6136,used,0,
69c229ecbeea45a970c66d36,69c229ecbeea45a970c66d36,69c229ecbeea45a970c66d5e,ORD-000018,A573,used,0,
69c229ecbeea45a970c66d3d,69c229ecbeea45a970c66d3d,69c229ecbeea45a970c66d65,,,not_issued,0.896,no yarn issue txn on conesIdsArray; cone has no order/article refs — cannot infer order/article
69c229ecbeea45a970c66d40,69c229ecbeea45a970c66d40,69c229ecbeea45a970c66d68,ORD-000025,A6217,used,0,
69c26d4a421268c3c1b3a6a1,69c26d4a421268c3c1b3a6a1,69c26d4a421268c3c1b3a6af,ORD-000036,A574,issued,0.115,
69c27add421268c3c1b3dbe8,69c27add421268c3c1b3dbe8,69c27add421268c3c1b3dbfa,ORD-000021,A5915,used,0,
69c27add421268c3c1b3dbed,69c27add421268c3c1b3dbed,69c27add421268c3c1b3dbff,ORD-000021,A5915,used,0,
69c36b71696bdcc5dbb6f76e,69c36b71696bdcc5dbb6f76e,69c36b72696bdcc5dbb6f796,ORD-000021,A5915,used,0,
69c3e0cea7819fd050b25937,69c3e0cea7819fd050b25937,69c3e0cea7819fd050b2593a,ORD-000010,A4850,not_issued,0.398,
69c4e1cca7819fd050b39ebe,69c4e1cca7819fd050b39ebe,69c4e1cca7819fd050b39ed2,ORD-000028,A4592,used,0,
69c637b914badff1b9e60734,69c637b914badff1b9e60734,69c637b914badff1b9e60738,ORD-000016,A885,used,0,
69c653f514badff1b9e6b97d,69c653f514badff1b9e6b97d,69c653f514badff1b9e6b997,ORD-000036,A574,issued,0.034,
69c6565614badff1b9e6c423,69c6565614badff1b9e6c423,69c6565614badff1b9e6c425,ORD-000021,A5915,used,0,
69c656d114badff1b9e6c641,69c656d114badff1b9e6c641,69c656d114badff1b9e6c647,ORD-000021,A5915,used,0,
69c656d114badff1b9e6c644,69c656d114badff1b9e6c644,69c656d114badff1b9e6c64a,ORD-000021,A5915,used,0,
69c77389a077d3fbb38e1e1b,69c77389a077d3fbb38e1e1b,69c77389a077d3fbb38e1e1f,ORD-000013,A6259,used,0,
69c7c6b77b9dd20a856a29e2,69c7c6b77b9dd20a856a29e2,69c7c6b77b9dd20a856a29e3,ORD-000013,A6214,not_issued,1.032,
69ca3fbc0ab7021c82e50c6b,69ca3fbc0ab7021c82e50c6b,69ca3fbc0ab7021c82e50c6d,ORD-000007,A4438,issued,0.017,
69cb8b03ff9f99209b6610b2,69cb8b03ff9f99209b6610b2,69cb8b03ff9f99209b6610cb,ORD-000018,A573,used,0,
69cb8b03ff9f99209b6610ba,69cb8b03ff9f99209b6610ba,69cb8b03ff9f99209b6610d3,ORD-000013,A6259,used,0,
69cb8b03ff9f99209b6610c0,69cb8b03ff9f99209b6610c0,69cb8b03ff9f99209b6610d9,ORD-000018,A573,used,0,
69cb8b03ff9f99209b6610c5,69cb8b03ff9f99209b6610c5,69cb8b03ff9f99209b6610de,ORD-000013,A6259,used,0,
69cca571ff9f99209b68e601,69cca571ff9f99209b68e601,69cca571ff9f99209b68e619,ORD-000021,A5915,used,0,
69ccc512ff9f99209b696ea9,69ccc512ff9f99209b696ea9,69ccc512ff9f99209b696ec2,ORD-000018,A573,used,0,
69ccc512ff9f99209b696eb5,69ccc512ff9f99209b696eb5,69ccc512ff9f99209b696ece,ORD-000018,A573,used,0,
69ccc512ff9f99209b696eb9,69ccc512ff9f99209b696eb9,69ccc512ff9f99209b696ed2,ORD-000018,A573,used,0,
69ccc512ff9f99209b696ebb,69ccc512ff9f99209b696ebb,69ccc512ff9f99209b696ed4,ORD-000013,A6259,used,0,
69ccc512ff9f99209b696ec0,69ccc512ff9f99209b696ec0,69ccc512ff9f99209b696ed9,ORD-000013,A6259,used,0,
69ccc547ff9f99209b697014,69ccc547ff9f99209b697014,69ccc547ff9f99209b69703e,ORD-000018,A573,used,0,
69ccc547ff9f99209b69701b,69ccc547ff9f99209b69701b,69ccc547ff9f99209b697045,ORD-000013,A6259,used,0,
69ccc547ff9f99209b69701c,69ccc547ff9f99209b69701c,69ccc547ff9f99209b697046,ORD-000018,A573,used,0,
69ccc547ff9f99209b697025,69ccc547ff9f99209b697025,69ccc547ff9f99209b69704f,ORD-000018,A573,used,0,
69ccc547ff9f99209b697028,69ccc547ff9f99209b697028,69ccc547ff9f99209b697052,ORD-000018,A573,used,0,
69ccc547ff9f99209b69702c,69ccc547ff9f99209b69702c,69ccc547ff9f99209b697056,ORD-000018,A573,used,0,
69ccc547ff9f99209b697036,69ccc547ff9f99209b697036,69ccc547ff9f99209b697060,,,not_issued,0.236,no yarn issue txn on conesIdsArray; cone has no order/article refs — cannot infer order/article
69ccccfdff9f99209b69778f,69ccccfdff9f99209b69778f,69ccccfdff9f99209b6977a7,ORD-000029,A574,used,0,
69ccccfdff9f99209b697790,69ccccfdff9f99209b697790,69ccccfdff9f99209b6977a8,ORD-000027,A4823,issued,0.848,
69cccd49ff9f99209b697939,69cccd49ff9f99209b697939,69cccd49ff9f99209b69794d,,,not_issued,0.984,no yarn issue txn on conesIdsArray; cone has no order/article refs — cannot infer order/article
69cd0f3bff9f99209b6b4130,69cd0f3bff9f99209b6b4130,69cd0f3bff9f99209b6b4158,ORD-000013,A6274,used,0,
69ce1b32ff9f99209b6cf914,69ce1b32ff9f99209b6cf914,69ce1b32ff9f99209b6cf938,ORD-000013,A6251,used,0,
69ce3e12a15c8c3be2e7e493,69ce3e12a15c8c3be2e7e493,69ce3e12a15c8c3be2e7e4a5,ORD-000018,A573,used,0,
69ce3e12a15c8c3be2e7e494,69ce3e12a15c8c3be2e7e494,69ce3e12a15c8c3be2e7e4a6,ORD-000018,A573,used,0,
69ce3e12a15c8c3be2e7e499,69ce3e12a15c8c3be2e7e499,69ce3e12a15c8c3be2e7e4ab,ORD-000018,A573,used,0,
69ce3e39a15c8c3be2e7e616,69ce3e39a15c8c3be2e7e616,69ce3e39a15c8c3be2e7e628,ORD-000018,A573,used,0,
69ce3e39a15c8c3be2e7e619,69ce3e39a15c8c3be2e7e619,69ce3e39a15c8c3be2e7e62b,ORD-000018,A573,used,0,
69ce3e39a15c8c3be2e7e61a,69ce3e39a15c8c3be2e7e61a,69ce3e39a15c8c3be2e7e62c,ORD-000018,A573,used,0,
69ce3e39a15c8c3be2e7e623,69ce3e39a15c8c3be2e7e623,69ce3e39a15c8c3be2e7e635,ORD-000015,A6136,used,0,
69cf9c2a97fe9152fa9d4d33,69cf9c2a97fe9152fa9d4d33,69cf9c2a97fe9152fa9d4d35,ORD-000018,A573,used,0,
69d09e6c97fe9152fa9e7d7b,69d09e6c97fe9152fa9e7d7b,69d09e6c97fe9152fa9e7d8e,,,not_issued,0.912,no yarn issue txn on conesIdsArray; cone has no order/article refs — cannot infer order/article
69d0a06097fe9152fa9e8348,69d0a06097fe9152fa9e8348,69d0a06097fe9152fa9e8370,ORD-000013,A6274,used,0,
69d0a06097fe9152fa9e834f,69d0a06097fe9152fa9e834f,69d0a06097fe9152fa9e8377,ORD-000013,A6274,used,0,
69d0a09197fe9152fa9e85de,69d0a09197fe9152fa9e85de,69d0a09197fe9152fa9e85f6,ORD-000013,A6259,used,0,
69d0a09197fe9152fa9e85df,69d0a09197fe9152fa9e85df,69d0a09197fe9152fa9e85f7,ORD-000013,A6259,used,0,
69d0a09197fe9152fa9e85e0,69d0a09197fe9152fa9e85e0,69d0a09197fe9152fa9e85f8,ORD-000013,A6259,used,0,
69d0a09197fe9152fa9e85e1,69d0a09197fe9152fa9e85e1,69d0a09197fe9152fa9e85f9,ORD-000018,A573,used,0,
69d0a09197fe9152fa9e85e2,69d0a09197fe9152fa9e85e2,69d0a09197fe9152fa9e85fa,ORD-000018,A573,used,0,
69d0a09197fe9152fa9e85e3,69d0a09197fe9152fa9e85e3,69d0a09197fe9152fa9e85fb,ORD-000018,A573,used,0,
69d0a09197fe9152fa9e85e5,69d0a09197fe9152fa9e85e5,69d0a09197fe9152fa9e85fd,ORD-000018,A573,used,0,
69d0a09197fe9152fa9e85e9,69d0a09197fe9152fa9e85e9,69d0a09197fe9152fa9e8601,ORD-000013,A6259,used,0,
69d0a10897fe9152fa9e8775,69d0a10897fe9152fa9e8775,69d0a10897fe9152fa9e8798,ORD-000013,A6258,used,0,
69d0c84a97fe9152fa9f2b7b,69d0c84a97fe9152fa9f2b7b,69d0c84a97fe9152fa9f2b8e,ORD-000013,A6258,used,0,
69d3317797fe9152faa50472,69d3317797fe9152faa50472,69d3317797fe9152faa5049a,ORD-000018,A573,used,0,
69d3317797fe9152faa50473,69d3317797fe9152faa50473,69d3317797fe9152faa5049b,ORD-000018,A573,used,0,
69d3317797fe9152faa50476,69d3317797fe9152faa50476,69d3317797fe9152faa5049e,ORD-000018,A573,used,0,
69d3317797fe9152faa50477,69d3317797fe9152faa50477,69d3317797fe9152faa5049f,ORD-000013,A6259,used,0,
69d3317797fe9152faa50479,69d3317797fe9152faa50479,69d3317797fe9152faa504a1,ORD-000013,A6259,used,0,
69d3317797fe9152faa5047a,69d3317797fe9152faa5047a,69d3317797fe9152faa504a2,ORD-000013,A6259,used,0,
69d3317797fe9152faa5047b,69d3317797fe9152faa5047b,69d3317797fe9152faa504a3,ORD-000018,A573,used,0,
69d3317797fe9152faa50483,69d3317797fe9152faa50483,69d3317797fe9152faa504ab,ORD-000018,A573,used,0,
69d399982614366a5d8867a3,69d399982614366a5d8867a3,69d399982614366a5d8867b5,ORD-000021,A5915,used,0,
69d399982614366a5d8867a4,69d399982614366a5d8867a4,69d399982614366a5d8867b6,ORD-000021,A5915,used,0,
69d399982614366a5d8867a5,69d399982614366a5d8867a5,69d399982614366a5d8867b7,ORD-000021,A5581,used,0,
69d399982614366a5d8867a7,69d399982614366a5d8867a7,69d399982614366a5d8867b9,ORD-000021,A5697,used,0,
69d399982614366a5d8867ac,69d399982614366a5d8867ac,69d399982614366a5d8867be,ORD-000021,A5581,used,0,
69d490b12614366a5d8aed09,69d490b12614366a5d8aed09,69d490b12614366a5d8aed31,ORD-000013,A6274,used,0,
69d4afff2614366a5d8b9343,69d4afff2614366a5d8b9343,69d4afff2614366a5d8b9359,ORD-000013,A6340,used,0,
69d4afff2614366a5d8b9346,69d4afff2614366a5d8b9346,69d4afff2614366a5d8b935c,ORD-000013,A6258,used,0,
69d4db4ab89662732f7f256a,69d4db4ab89662732f7f256a,69d4db4ab89662732f7f258b,ORD-000027,A3156,issued,0.342,
69d5d6c2b89662732f81763f,69d5d6c2b89662732f81763f,69d5d6c2b89662732f817641,ORD-000021,A5915,used,0,
69d62d20b89662732f838a58,69d62d20b89662732f838a58,69d62d20b89662732f838a67,ORD-000021,A5915,used,0,
69d62d97b89662732f838dc4,69d62d97b89662732f838dc4,69d62d97b89662732f838dd8,ORD-000013,A6259,used,0,
69d62d97b89662732f838dcd,69d62d97b89662732f838dcd,69d62d97b89662732f838de1,ORD-000013,A6259,used,0,
69d62d97b89662732f838dd5,69d62d97b89662732f838dd5,69d62d97b89662732f838de9,ORD-000013,A6259,used,0,
69d635edb89662732f83d5a3,69d635edb89662732f83d5a3,69d635edb89662732f83d5b5,ORD-000025,A6217,used,0,
69d72ecfedc59d9ec1ff3367,69d72ecfedc59d9ec1ff3367,69d72ecfedc59d9ec1ff338b,ORD-000021,A5915,used,0,
69d72f01edc59d9ec1ff354a,69d72f01edc59d9ec1ff354a,69d72f01edc59d9ec1ff3561,,,not_issued,0.88,no yarn issue txn on conesIdsArray; cone has no order/article refs — cannot infer order/article
69d72f01edc59d9ec1ff3551,69d72f01edc59d9ec1ff3551,69d72f01edc59d9ec1ff3568,ORD-000031,A907,not_issued,0.282,
69d72f46edc59d9ec1ff371c,69d72f46edc59d9ec1ff371c,69d72f46edc59d9ec1ff3740,ORD-000021,A5915,used,0,
69d75158edc59d9ec1012ea8,69d75158edc59d9ec1012ea8,69d75158edc59d9ec1012ec1,ORD-000013,A6259,used,0,
69d7838fedc59d9ec1024c33,69d7838fedc59d9ec1024c33,69d7838fedc59d9ec1024c45,ORD-000022,A230,used,0,
69d783bcedc59d9ec1024d63,69d783bcedc59d9ec1024d63,69d783bcedc59d9ec1024d77,ORD-000036,A574,issued,0.75,
69d7907cedc59d9ec1028f51,69d7907cedc59d9ec1028f51,69d7907cedc59d9ec1028f72,ORD-000013,A6259,used,0,
69d7907cedc59d9ec1028f53,69d7907cedc59d9ec1028f53,69d7907cedc59d9ec1028f74,ORD-000013,A6259,used,0,
69d7907cedc59d9ec1028f5f,69d7907cedc59d9ec1028f5f,69d7907cedc59d9ec1028f80,ORD-000013,A6259,used,0,
69d7907cedc59d9ec1028f69,69d7907cedc59d9ec1028f69,69d7907cedc59d9ec1028f8a,ORD-000013,A6259,used,0,
69d8b1e3edc59d9ec1056b92,69d8b1e3edc59d9ec1056b92,69d8b1e3edc59d9ec1056ba1,,,not_issued,1.162,no yarn issue txn on conesIdsArray; cone has no order/article refs — cannot infer order/article
69d8b21cedc59d9ec1056ea5,69d8b21cedc59d9ec1056ea5,69d8b21cedc59d9ec1056eb4,ORD-000021,A5914,used,0,
69d8b230edc59d9ec105716f,69d8b230edc59d9ec105716f,69d8b230edc59d9ec1057182,,,not_issued,1.086,no yarn issue txn on conesIdsArray; cone has no order/article refs — cannot infer order/article
69d8c724edc59d9ec105e1af,69d8c724edc59d9ec105e1af,69d8c724edc59d9ec105e1c3,ORD-000013,A6259,used,0,
69d8c724edc59d9ec105e1b5,69d8c724edc59d9ec105e1b5,69d8c724edc59d9ec105e1c9,ORD-000013,A6259,used,0,
69d8c724edc59d9ec105e1b9,69d8c724edc59d9ec105e1b9,69d8c724edc59d9ec105e1cd,ORD-000013,A6274,used,0,
69d8f622edc59d9ec106b6c2,69d8f622edc59d9ec106b6c2,69d8f622edc59d9ec106b6ea,ORD-000013,A6259,used,0,
69d8f622edc59d9ec106b6c9,69d8f622edc59d9ec106b6c9,69d8f622edc59d9ec106b6f1,ORD-000013,A6259,used,0,
69d8f622edc59d9ec106b6d3,69d8f622edc59d9ec106b6d3,69d8f622edc59d9ec106b6fb,ORD-000013,A6259,used,0,
69da1969edc59d9ec10aae5f,69da1969edc59d9ec10aae5f,69da1969edc59d9ec10aae73,ORD-000025,A6217,used,0,
69da1969edc59d9ec10aae6a,69da1969edc59d9ec10aae6a,69da1969edc59d9ec10aae7e,ORD-000025,A6163,used,0,
69dc78dfd0bd6cbf13e4af75,69dc78dfd0bd6cbf13e4af75,69dc78dfd0bd6cbf13e4af90,ORD-000024,A6314,used,0,
69dcaedea19ee8d30f4a7a24,69dcaedea19ee8d30f4a7a24,69dcaedea19ee8d30f4a7a25,ORD-000013,A6259,used,0,
69dccf3da19ee8d30f4ae9d7,69dccf3da19ee8d30f4ae9d7,69dccf3da19ee8d30f4ae9e6,ORD-000027,A3170,used,0,
69dccf3da19ee8d30f4ae9d9,69dccf3da19ee8d30f4ae9d9,69dccf3da19ee8d30f4ae9e8,ORD-000028,A2543,used,0,
69dccf3da19ee8d30f4ae9de,69dccf3da19ee8d30f4ae9de,69dccf3da19ee8d30f4ae9ed,ORD-000027,A4785,issued,1.244,
69e064d600ca64e3cf58e706,69e064d600ca64e3cf58e706,69e064d600ca64e3cf58e718,ORD-000036,A574,issued,0.378,
69e1eca3cb6ce8081f0e0234,69e1eca3cb6ce8081f0e0234,69e1eca3cb6ce8081f0e0258,ORD-000005,A5455,used,0,
69e360c04dfe50532a0beb9e,69e360c04dfe50532a0beb9e,69e360c04dfe50532a0bebc6,ORD-000036,A582,issued,0.872,
69e360c04dfe50532a0bebbb,69e360c04dfe50532a0bebbb,69e360c04dfe50532a0bebe3,ORD-000036,A582,issued,1.048,
69e360c04dfe50532a0bebbf,69e360c04dfe50532a0bebbf,69e360c04dfe50532a0bebe7,ORD-000033,A582,used,0,
69e5bb944dfe50532a156fef,69e5bb944dfe50532a156fef,69e5bb944dfe50532a157006,ORD-000005,A5455,used,0,
69e5bb944dfe50532a156ff4,69e5bb944dfe50532a156ff4,69e5bb944dfe50532a15700b,ORD-000036,A574,issued,0.924,
69e5bb944dfe50532a156ff8,69e5bb944dfe50532a156ff8,69e5bb944dfe50532a15700f,ORD-000036,A574,issued,0.932,
69e5bb944dfe50532a156fff,69e5bb944dfe50532a156fff,69e5bb944dfe50532a157016,,,not_issued,0.93,no yarn issue txn on conesIdsArray; cone has no order/article refs — cannot infer order/article
69e5bb944dfe50532a157002,69e5bb944dfe50532a157002,69e5bb944dfe50532a157019,ORD-000036,A574,issued,0.892,
69e5bb944dfe50532a157005,69e5bb944dfe50532a157005,69e5bb944dfe50532a15701c,ORD-000032,A6141,issued,0.934,
69e5be1e4dfe50532a157b96,69e5be1e4dfe50532a157b96,69e5be1e4dfe50532a157bae,ORD-000031,A085,used,0,
69e5ef8b4dfe50532a16ca92,69e5ef8b4dfe50532a16ca92,69e5ef8b4dfe50532a16caba,ORD-000036,A574,issued,1.078,
69e5ef8b4dfe50532a16ca96,69e5ef8b4dfe50532a16ca96,69e5ef8b4dfe50532a16cabe,ORD-000036,A574,issued,1.032,
69e5ef8b4dfe50532a16ca97,69e5ef8b4dfe50532a16ca97,69e5ef8b4dfe50532a16cabf,ORD-000036,A574,issued,1.096,
69e5ef8b4dfe50532a16ca98,69e5ef8b4dfe50532a16ca98,69e5ef8b4dfe50532a16cac0,ORD-000036,A574,issued,1.072,
69e5ef8b4dfe50532a16ca9a,69e5ef8b4dfe50532a16ca9a,69e5ef8b4dfe50532a16cac2,ORD-000036,A574,issued,1.064,
69e5ef8b4dfe50532a16ca9b,69e5ef8b4dfe50532a16ca9b,69e5ef8b4dfe50532a16cac3,ORD-000036,A574,issued,1.034,
69e5ef8b4dfe50532a16ca9c,69e5ef8b4dfe50532a16ca9c,69e5ef8b4dfe50532a16cac4,ORD-000036,A574,issued,1.028,
69e5ef8b4dfe50532a16caa1,69e5ef8b4dfe50532a16caa1,69e5ef8b4dfe50532a16cac9,ORD-000036,A574,issued,1.056,
69e5ef8b4dfe50532a16caa3,69e5ef8b4dfe50532a16caa3,69e5ef8b4dfe50532a16cacb,ORD-000036,A574,issued,1.082,
69e5ef8b4dfe50532a16caa4,69e5ef8b4dfe50532a16caa4,69e5ef8b4dfe50532a16cacc,ORD-000036,A574,issued,1.048,
69e5ef8b4dfe50532a16caa5,69e5ef8b4dfe50532a16caa5,69e5ef8b4dfe50532a16cacd,ORD-000036,A574,issued,1.012,
69e5ef8b4dfe50532a16caa7,69e5ef8b4dfe50532a16caa7,69e5ef8b4dfe50532a16cacf,ORD-000036,A574,issued,1.152,
69e5ef8b4dfe50532a16caa8,69e5ef8b4dfe50532a16caa8,69e5ef8b4dfe50532a16cad0,ORD-000036,A574,issued,1.09,
69e5ef8b4dfe50532a16caa9,69e5ef8b4dfe50532a16caa9,69e5ef8b4dfe50532a16cad1,ORD-000036,A574,issued,1.064,
69e5ef8b4dfe50532a16caab,69e5ef8b4dfe50532a16caab,69e5ef8b4dfe50532a16cad3,ORD-000036,A574,issued,1.098,
69e5ef8b4dfe50532a16caac,69e5ef8b4dfe50532a16caac,69e5ef8b4dfe50532a16cad4,ORD-000036,A574,issued,1.068,
69e5ef8b4dfe50532a16caad,69e5ef8b4dfe50532a16caad,69e5ef8b4dfe50532a16cad5,ORD-000036,A574,issued,1.074,
69e5ef8b4dfe50532a16caae,69e5ef8b4dfe50532a16caae,69e5ef8b4dfe50532a16cad6,ORD-000036,A574,issued,1.102,
69e5ef8b4dfe50532a16caaf,69e5ef8b4dfe50532a16caaf,69e5ef8b4dfe50532a16cad7,ORD-000036,A574,issued,1.082,
69e5ef8b4dfe50532a16cab0,69e5ef8b4dfe50532a16cab0,69e5ef8b4dfe50532a16cad8,ORD-000036,A574,issued,1.102,
69e5ef8b4dfe50532a16cab1,69e5ef8b4dfe50532a16cab1,69e5ef8b4dfe50532a16cad9,ORD-000036,A574,issued,1.112,
69e5ef8b4dfe50532a16cab2,69e5ef8b4dfe50532a16cab2,69e5ef8b4dfe50532a16cada,ORD-000036,A574,issued,1.152,
69e5ef8b4dfe50532a16cab3,69e5ef8b4dfe50532a16cab3,69e5ef8b4dfe50532a16cadb,ORD-000036,A574,issued,1.04,
69e5ef8b4dfe50532a16cab4,69e5ef8b4dfe50532a16cab4,69e5ef8b4dfe50532a16cadc,ORD-000036,A574,issued,1.054,
69e5ef8b4dfe50532a16cab5,69e5ef8b4dfe50532a16cab5,69e5ef8b4dfe50532a16cadd,ORD-000036,A574,issued,1.07,
69e5ef8b4dfe50532a16cab7,69e5ef8b4dfe50532a16cab7,69e5ef8b4dfe50532a16cadf,ORD-000036,A574,issued,1.064,
69e5ef8b4dfe50532a16cab8,69e5ef8b4dfe50532a16cab8,69e5ef8b4dfe50532a16cae0,ORD-000036,A574,issued,1.06,
69e5ef8b4dfe50532a16cab9,69e5ef8b4dfe50532a16cab9,69e5ef8b4dfe50532a16cae1,ORD-000036,A574,issued,1.066,
69e5f1904dfe50532a16de2f,69e5f1904dfe50532a16de2f,69e5f1904dfe50532a16de47,ORD-000036,A903,issued,0.852,
69e71e95f0694e7c1e227f5c,69e71e95f0694e7c1e227f5c,69e71e95f0694e7c1e227f84,ORD-000036,A582,issued,1.092,
69e71e95f0694e7c1e227f5e,69e71e95f0694e7c1e227f5e,69e71e95f0694e7c1e227f86,ORD-000036,A574,issued,1.052,
69e71e95f0694e7c1e227f60,69e71e95f0694e7c1e227f60,69e71e95f0694e7c1e227f88,ORD-000036,A574,issued,1.076,
69e71e95f0694e7c1e227f62,69e71e95f0694e7c1e227f62,69e71e95f0694e7c1e227f8a,ORD-000036,A574,issued,1.058,
69e71e95f0694e7c1e227f63,69e71e95f0694e7c1e227f63,69e71e95f0694e7c1e227f8b,ORD-000036,A574,issued,1.094,
69e71e95f0694e7c1e227f6a,69e71e95f0694e7c1e227f6a,69e71e95f0694e7c1e227f92,ORD-000036,A582,issued,1.098,
69e71e95f0694e7c1e227f6c,69e71e95f0694e7c1e227f6c,69e71e95f0694e7c1e227f94,ORD-000036,A574,issued,1.088,
69e71e95f0694e7c1e227f76,69e71e95f0694e7c1e227f76,69e71e95f0694e7c1e227f9e,ORD-000036,A574,issued,1.096,
69e71e95f0694e7c1e227f77,69e71e95f0694e7c1e227f77,69e71e95f0694e7c1e227f9f,ORD-000036,A582,issued,1.092,
69e84eaa795e8688eebc6238,69e84eaa795e8688eebc6238,69e84eaa795e8688eebc625d,ORD-000036,A574,issued,0.974,
69e84eaa795e8688eebc623d,69e84eaa795e8688eebc623d,69e84eaa795e8688eebc6262,ORD-000036,A574,issued,0.916,
69e84eaa795e8688eebc623f,69e84eaa795e8688eebc623f,69e84eaa795e8688eebc6264,ORD-000036,A574,issued,0.874,
69e84eaa795e8688eebc6240,69e84eaa795e8688eebc6240,69e84eaa795e8688eebc6265,ORD-000036,A574,issued,0.936,
69e84eaa795e8688eebc6242,69e84eaa795e8688eebc6242,69e84eaa795e8688eebc6267,ORD-000036,A574,issued,0.918,
69e84eaa795e8688eebc624b,69e84eaa795e8688eebc624b,69e84eaa795e8688eebc6270,ORD-000036,A574,issued,0.906,
69e8849a733c29bce005c506,69e8849a733c29bce005c506,69e8849a733c29bce005c528,ORD-000036,A582,issued,0.396,
69e8849a733c29bce005c516,69e8849a733c29bce005c516,69e8849a733c29bce005c538,ORD-000036,A574,issued,0.374,
69e8849a733c29bce005c517,69e8849a733c29bce005c517,69e8849a733c29bce005c539,ORD-000036,A574,issued,0.376,
69e8849a733c29bce005c518,69e8849a733c29bce005c518,69e8849a733c29bce005c53a,ORD-000036,A574,issued,0.384,
69e8849a733c29bce005c519,69e8849a733c29bce005c519,69e8849a733c29bce005c53b,ORD-000036,A574,issued,0.392,
69e8849a733c29bce005c51a,69e8849a733c29bce005c51a,69e8849a733c29bce005c53c,ORD-000036,A574,issued,0.408,
69e8849a733c29bce005c51b,69e8849a733c29bce005c51b,69e8849a733c29bce005c53d,ORD-000036,A574,issued,0.4,
69e8849a733c29bce005c51d,69e8849a733c29bce005c51d,69e8849a733c29bce005c53f,ORD-000036,A574,issued,0.318,
69e8849a733c29bce005c51e,69e8849a733c29bce005c51e,69e8849a733c29bce005c540,ORD-000036,A574,issued,0.24,
69e8849a733c29bce005c521,69e8849a733c29bce005c521,69e8849a733c29bce005c543,ORD-000036,A574,issued,0.376,
69e8849a733c29bce005c522,69e8849a733c29bce005c522,69e8849a733c29bce005c544,ORD-000036,A574,issued,0.406,
69e8849a733c29bce005c523,69e8849a733c29bce005c523,69e8849a733c29bce005c545,ORD-000036,A574,issued,0.388,
69e884b8733c29bce005c9c1,69e884b8733c29bce005c9c1,69e884b8733c29bce005c9d3,ORD-000036,A574,issued,1.37,
69e884b8733c29bce005c9c2,69e884b8733c29bce005c9c2,69e884b8733c29bce005c9d4,ORD-000036,A574,issued,1.314,
69e884b8733c29bce005c9c4,69e884b8733c29bce005c9c4,69e884b8733c29bce005c9d6,ORD-000036,A574,issued,1.294,
69e884b8733c29bce005c9c6,69e884b8733c29bce005c9c6,69e884b8733c29bce005c9d8,ORD-000036,A574,issued,1.288,
69e884b8733c29bce005c9ca,69e884b8733c29bce005c9ca,69e884b8733c29bce005c9dc,ORD-000036,A574,issued,1.302,
69e884b8733c29bce005c9cb,69e884b8733c29bce005c9cb,69e884b8733c29bce005c9dd,ORD-000036,A574,issued,1.292,
69e884d2733c29bce005cdeb,69e884d2733c29bce005cdeb,69e884d2733c29bce005cdfd,ORD-000036,A582,issued,1.294,
69e884d2733c29bce005cdf0,69e884d2733c29bce005cdf0,69e884d2733c29bce005ce02,ORD-000036,A582,issued,1.31,
69e8bdb1733c29bce0096d83,69e8bdb1733c29bce0096d83,69e8bdb1733c29bce0096d9a,ORD-000036,A574,issued,0.906,
69e8bea9733c29bce009725e,69e8bea9733c29bce009725e,69e8bea9733c29bce0097280,ORD-000036,A574,issued,0.972,
69e8bea9733c29bce009725f,69e8bea9733c29bce009725f,69e8bea9733c29bce0097281,ORD-000036,A574,issued,1.046,
69e8bea9733c29bce0097261,69e8bea9733c29bce0097261,69e8bea9733c29bce0097283,ORD-000036,A574,issued,0.894,
69e8bea9733c29bce0097265,69e8bea9733c29bce0097265,69e8bea9733c29bce0097287,ORD-000036,A574,issued,0.924,
69e8c462733c29bce009a4af,69e8c462733c29bce009a4af,69e8c462733c29bce009a4b6,ORD-000036,A574,issued,1.326,
69e8c462733c29bce009a4b2,69e8c462733c29bce009a4b2,69e8c462733c29bce009a4b9,ORD-000036,A574,issued,1.32,
69e8c462733c29bce009a4b4,69e8c462733c29bce009a4b4,69e8c462733c29bce009a4bb,ORD-000036,A574,issued,1.32,
69e9adf2733c29bce00f08fd,69e9adf2733c29bce00f08fd,69e9adf2733c29bce00f0925,ORD-000036,A574,issued,1.06,
69e9adf2733c29bce00f08fe,69e9adf2733c29bce00f08fe,69e9adf2733c29bce00f0926,ORD-000036,A574,issued,1.074,
69e9adf2733c29bce00f08ff,69e9adf2733c29bce00f08ff,69e9adf2733c29bce00f0927,ORD-000036,A574,issued,1.072,
69e9adf2733c29bce00f0900,69e9adf2733c29bce00f0900,69e9adf2733c29bce00f0928,ORD-000036,A574,issued,1.062,
69e9adf2733c29bce00f0901,69e9adf2733c29bce00f0901,69e9adf2733c29bce00f0929,ORD-000036,A574,issued,1.104,
69e9adf2733c29bce00f0902,69e9adf2733c29bce00f0902,69e9adf2733c29bce00f092a,ORD-000036,A574,issued,1.064,
69e9adf2733c29bce00f0903,69e9adf2733c29bce00f0903,69e9adf2733c29bce00f092b,ORD-000036,A574,issued,1.034,
69e9adf2733c29bce00f0904,69e9adf2733c29bce00f0904,69e9adf2733c29bce00f092c,ORD-000036,A574,issued,1.03,
69e9adf2733c29bce00f0905,69e9adf2733c29bce00f0905,69e9adf2733c29bce00f092d,ORD-000036,A574,issued,1.038,
69e9adf2733c29bce00f0906,69e9adf2733c29bce00f0906,69e9adf2733c29bce00f092e,ORD-000036,A574,issued,1.098,
69e9adf2733c29bce00f0908,69e9adf2733c29bce00f0908,69e9adf2733c29bce00f0930,ORD-000036,A574,issued,1.104,
69e9adf2733c29bce00f0909,69e9adf2733c29bce00f0909,69e9adf2733c29bce00f0931,ORD-000036,A574,issued,1.086,
69e9adf2733c29bce00f090b,69e9adf2733c29bce00f090b,69e9adf2733c29bce00f0933,ORD-000036,A574,issued,1.074,
69e9adf2733c29bce00f090c,69e9adf2733c29bce00f090c,69e9adf2733c29bce00f0934,ORD-000036,A574,issued,1.118,
69e9adf2733c29bce00f090d,69e9adf2733c29bce00f090d,69e9adf2733c29bce00f0935,ORD-000036,A574,issued,1.026,
69e9adf2733c29bce00f090e,69e9adf2733c29bce00f090e,69e9adf2733c29bce00f0936,ORD-000036,A574,issued,1.058,
69e9adf2733c29bce00f090f,69e9adf2733c29bce00f090f,69e9adf2733c29bce00f0937,ORD-000036,A574,issued,1.076,
69e9adf2733c29bce00f0910,69e9adf2733c29bce00f0910,69e9adf2733c29bce00f0938,ORD-000036,A574,issued,1.088,
69eb17c186f7ddd153e58490,69eb17c186f7ddd153e58490,69eb17c186f7ddd153e584a4,ORD-000036,A582,issued,0.948,
69eef50f86f7ddd15309aca6,69eef50f86f7ddd15309aca6,69eef50f86f7ddd15309aca7,,,not_issued,1.27,no yarn issue txn on conesIdsArray; cone has no order/article refs — cannot infer order/article
69f1fe4f2095293f7e58d8dc,69f1fe4f2095293f7e58d8dc,69f1fe4f2095293f7e58d8df,,,not_issued,0,no yarn issue txn on conesIdsArray; cone has no order/article refs — cannot infer order/article
69f1fe902095293f7e58d9c1,69f1fe902095293f7e58d9c1,69f1fe902095293f7e58d9c5,,,not_issued,0,no yarn issue txn on conesIdsArray; cone has no order/article refs — cannot infer order/article
69f1ff142095293f7e58dbfd,69f1ff142095293f7e58dbfd,69f1ff142095293f7e58dc00,,,not_issued,0,no yarn issue txn on conesIdsArray; cone has no order/article refs — cannot infer order/article
