entityType,rowIndex,barcode,boxId,status,message,docId,beforeIssueStatus,beforeGrossWeight,beforeNetWeight,beforeRack,afterIssueStatus,afterGrossWeight,afterNetWeight,afterRack
cone,2,6a2118309ad6499102e36457,BOX-PO-2026-1209-45232-1780481560974-2,updated,,6a2118309ad6499102e3645b,used,0,0,,not_issued,1.008,1.008,B7-01-S0030-F02
cone,3,6a2118309ad6499102e36456,BOX-PO-2026-1209-45232-1780481560974-2,updated,,6a2118309ad6499102e3645a,used,0,0,,not_issued,1.016,1.016,B7-01-S0030-F02
cone,4,6a2118309ad6499102e36458,BOX-PO-2026-1209-45232-1780481560974-2,updated,,6a2118309ad6499102e3645c,used,0,0,,not_issued,1.012,1.012,B7-01-S0030-F02
cone,5,6a2118309ad6499102e36459,BOX-PO-2026-1209-45232-1780481560974-2,updated,,6a2118309ad6499102e3645d,used,0,0,,not_issued,0.836,0.836,B7-01-S0030-F02
cone,6,6a1a622353d0e92ec1d8083a,BOX-PO-2026-986-U3801-1771328615255-48,updated,,6a1a622353d0e92ec1d80854,used,0,0,,not_issued,0.664,0.664,B7-01-S0028-F02
cone,7,6a1a622353d0e92ec1d8083f,BOX-PO-2026-986-U3801-1771328615255-48,updated,,6a1a622353d0e92ec1d80859,used,0,0,,not_issued,1.012,1.012,B7-01-S0028-F02
cone,8,6a1a622353d0e92ec1d80839,BOX-PO-2026-986-U3801-1771328615255-48,updated,,6a1a622353d0e92ec1d80853,used,0,0,,not_issued,1.036,1.036,B7-01-S0028-F02
cone,9,6a1a622353d0e92ec1d8083d,BOX-PO-2026-986-U3801-1771328615255-48,updated,,6a1a622353d0e92ec1d80857,used,0,0,,not_issued,0.988,0.988,B7-01-S0028-F02
cone,10,6a1a622353d0e92ec1d8083e,BOX-PO-2026-986-U3801-1771328615255-48,updated,,6a1a622353d0e92ec1d80858,used,0,0,,not_issued,1.114,1.114,B7-01-S0028-F02
cone,11,6a1a622353d0e92ec1d8083b,BOX-PO-2026-986-U3801-1771328615255-48,updated,,6a1a622353d0e92ec1d80855,used,0,0,,not_issued,0.598,0.598,B7-01-S0028-F02
cone,12,6a1a622353d0e92ec1d8083c,BOX-PO-2026-986-U3801-1771328615255-48,updated,,6a1a622353d0e92ec1d80856,used,0,0,,not_issued,1.318,1.318,B7-01-S0028-F02
cone,13,6a1a622353d0e92ec1d80831,BOX-PO-2026-986-U3801-1771328615255-48,updated,,6a1a622353d0e92ec1d8084b,used,0,0,,not_issued,1.442,1.442,B7-01-S0028-F02
cone,14,6a1a622353d0e92ec1d80834,BOX-PO-2026-986-U3801-1771328615255-48,updated,,6a1a622353d0e92ec1d8084e,used,0,0,,not_issued,0.982,0.982,B7-01-S0028-F02
cone,15,6a1a622353d0e92ec1d80836,BOX-PO-2026-986-U3801-1771328615255-48,updated,,6a1a622353d0e92ec1d80850,used,0,0,,not_issued,1.36,1.36,B7-01-S0028-F02
cone,16,6a1a622353d0e92ec1d80838,BOX-PO-2026-986-U3801-1771328615255-48,updated,,6a1a622353d0e92ec1d80852,used,0,0,,not_issued,1.02,1.02,B7-01-S0028-F02
cone,17,6a1a622353d0e92ec1d80832,BOX-PO-2026-986-U3801-1771328615255-48,updated,,6a1a622353d0e92ec1d8084c,used,0,0,,not_issued,1.048,1.048,B7-01-S0028-F02
cone,18,6a1a622353d0e92ec1d80833,BOX-PO-2026-986-U3801-1771328615255-48,updated,,6a1a622353d0e92ec1d8084d,used,0,0,,not_issued,1.382,1.382,B7-01-S0028-F02
cone,19,6a1a622353d0e92ec1d80837,BOX-PO-2026-986-U3801-1771328615255-48,updated,,6a1a622353d0e92ec1d80851,used,0,0,,not_issued,1.524,1.524,B7-01-S0028-F02
cone,20,6a1a622353d0e92ec1d80846,BOX-PO-2026-986-U3801-1771328615255-48,updated,,6a1a622353d0e92ec1d80860,used,0,0,,not_issued,1.342,1.342,B7-01-S0028-F02
cone,21,6a1a622353d0e92ec1d80844,BOX-PO-2026-986-U3801-1771328615255-48,updated,,6a1a622353d0e92ec1d8085e,used,0,0,,not_issued,1.04,1.04,B7-01-S0028-F02
cone,22,6a1a622353d0e92ec1d80843,BOX-PO-2026-986-U3801-1771328615255-48,updated,,6a1a622353d0e92ec1d8085d,used,0,0,,not_issued,1.01,1.01,B7-01-S0028-F02
cone,23,6a1a622353d0e92ec1d80845,BOX-PO-2026-986-U3801-1771328615255-48,updated,,6a1a622353d0e92ec1d8085f,used,0,0,,not_issued,1.008,1.008,B7-01-S0028-F02
cone,24,6a1a622353d0e92ec1d80841,BOX-PO-2026-986-U3801-1771328615255-48,updated,,6a1a622353d0e92ec1d8085b,used,0,0,,not_issued,0.998,0.998,B7-01-S0028-F02
cone,25,6a1a622353d0e92ec1d80842,BOX-PO-2026-986-U3801-1771328615255-48,updated,,6a1a622353d0e92ec1d8085c,used,0,0,,not_issued,0.45,0.45,B7-01-S0028-F02
cone,26,6a1a622353d0e92ec1d80847,BOX-PO-2026-986-U3801-1771328615255-48,updated,,6a1a622353d0e92ec1d80861,used,0,0,,not_issued,0.126,0.126,B7-01-S0028-F02
cone,27,69dcafa2a19ee8d30f4a825e,BOX-PO-2026-1164-91799-1775905174370-4,updated,,69dcafa2a19ee8d30f4a825f,used,0,0,,not_issued,0.59,0.59,B7-01-S0020-F03
cone,28,6a2116b39ad6499102e33949,BOX-PO-2026-1209-91353-1780482134234-11,updated,,6a2116b39ad6499102e3394d,used,0,0,,not_issued,1.14,1.14,B7-01-S0020-F03
cone,29,6a2116b39ad6499102e3394a,BOX-PO-2026-1209-91353-1780482134234-11,updated,,6a2116b39ad6499102e3394e,used,0,0,,not_issued,1.138,1.138,B7-01-S0020-F03
cone,30,6a2116b39ad6499102e3394b,BOX-PO-2026-1209-91353-1780482134234-11,updated,,6a2116b39ad6499102e3394f,used,0,0,,not_issued,0.364,0.364,B7-01-S0020-F03
cone,31,6a2116b39ad6499102e3394c,BOX-PO-2026-1209-91353-1780482134234-11,updated,,6a2116b39ad6499102e33950,used,0,0,,not_issued,1.114,1.114,B7-01-S0020-F03
cone,32,6a1d335e793b417fa1d021e5,BOX-PO-2026-015-EW65742-1771329550901-7,updated,,6a1d335e793b417fa1d021fc,used,0,0,,not_issued,1.22,1.22,B7-01-S0040-F01
cone,33,6a08532d7e46a37524527104,BOX-PO-2026-1036-EW10425-1772346224330-6,updated,,6a08532d7e46a37524527110,used,0,0,,not_issued,0.59,0.59,B7-01-S0039-F01
cone,34,6a1d2cd5793b417fa1cf78af,BOX-PO-2026-961-EW55417-1771325239626-35,updated,,6a1d2cd5793b417fa1cf78bf,used,0,0,,not_issued,1.022,1.022,B7-01-S0038-F03
cone,35,6a1d2cd5793b417fa1cf78ba,BOX-PO-2026-961-EW55417-1771325239626-35,updated,,6a1d2cd5793b417fa1cf78ca,used,0,0,,not_issued,1.02,1.02,B7-01-S0038-F03
cone,36,6a1d2cd5793b417fa1cf78b9,BOX-PO-2026-961-EW55417-1771325239626-35,updated,,6a1d2cd5793b417fa1cf78c9,used,0,0,,not_issued,1.02,1.02,B7-01-S0038-F03
cone,37,6a1d2cd5793b417fa1cf78bd,BOX-PO-2026-961-EW55417-1771325239626-35,updated,,6a1d2cd5793b417fa1cf78cd,used,0,0,,not_issued,0.48,0.48,B7-01-S0038-F03
cone,38,6a1d2cd5793b417fa1cf78b6,BOX-PO-2026-961-EW55417-1771325239626-35,updated,,6a1d2cd5793b417fa1cf78c6,used,0,0,,not_issued,1.026,1.026,B7-01-S0038-F03
cone,39,6a1d2cd5793b417fa1cf78b1,BOX-PO-2026-961-EW55417-1771325239626-35,updated,,6a1d2cd5793b417fa1cf78c1,used,0,0,,not_issued,1.022,1.022,B7-01-S0038-F03
cone,40,6a1d2cd5793b417fa1cf78bb,BOX-PO-2026-961-EW55417-1771325239626-35,updated,,6a1d2cd5793b417fa1cf78cb,used,0,0,,not_issued,0.978,0.978,B7-01-S0038-F03
cone,41,6a1d2cd5793b417fa1cf78b0,BOX-PO-2026-961-EW55417-1771325239626-35,updated,,6a1d2cd5793b417fa1cf78c0,used,0,0,,not_issued,1.04,1.04,B7-01-S0038-F03
cone,42,6a1d2cd5793b417fa1cf78b4,BOX-PO-2026-961-EW55417-1771325239626-35,updated,,6a1d2cd5793b417fa1cf78c4,used,0,0,,not_issued,0.716,0.716,B7-01-S0038-F03
cone,43,6a1d2cd5793b417fa1cf78b5,BOX-PO-2026-961-EW55417-1771325239626-35,updated,,6a1d2cd5793b417fa1cf78c5,used,0,0,,not_issued,0.93,0.93,B7-01-S0038-F03
cone,44,6a1d2cd5793b417fa1cf78b3,BOX-PO-2026-961-EW55417-1771325239626-35,updated,,6a1d2cd5793b417fa1cf78c3,used,0,0,,not_issued,0.27,0.27,B7-01-S0038-F03
cone,45,6a1d2cd5793b417fa1cf78b7,BOX-PO-2026-961-EW55417-1771325239626-35,updated,,6a1d2cd5793b417fa1cf78c7,used,0,0,,not_issued,1.018,1.018,B7-01-S0038-F03
cone,46,6a1d2cd5793b417fa1cf78b2,BOX-PO-2026-961-EW55417-1771325239626-35,updated,,6a1d2cd5793b417fa1cf78c2,used,0,0,,not_issued,0.946,0.946,B7-01-S0038-F03
cone,47,6a1d2cd5793b417fa1cf78b8,BOX-PO-2026-961-EW55417-1771325239626-35,updated,,6a1d2cd5793b417fa1cf78c8,used,0,0,,not_issued,1.014,1.014,B7-01-S0038-F03
cone,48,6a1d2cd5793b417fa1cf78be,BOX-PO-2026-961-EW55417-1771325239626-35,updated,,6a1d2cd5793b417fa1cf78ce,used,0,0,,not_issued,0.832,0.832,B7-01-S0038-F03
cone,49,6a1d2cd5793b417fa1cf78bc,BOX-PO-2026-961-EW55417-1771325239626-35,updated,,6a1d2cd5793b417fa1cf78cc,used,0,0,,not_issued,0.286,0.286,B7-01-S0038-F03
cone,50,6a17fc0e53d0e92ec1c6fa9b,BOX-PO-2026-1062-EW71417-1775031589437-10,updated,,6a17fc0e53d0e92ec1c6fab2,used,0,0,,not_issued,0.96,0.96,B7-01-S0038-F01
cone,51,6a16b93a53d0e92ec1bf660d,BOX-PO-2026-1201-NL61671-1779793677908-7,updated,,6a16b93a53d0e92ec1bf660f,used,0,0,,not_issued,0.666,0.666,B7-01-S0037-F02
cone,52,6a16b93a53d0e92ec1bf660c,BOX-PO-2026-1201-NL61671-1779793677908-7,updated,,6a16b93a53d0e92ec1bf660e,used,0,0,,not_issued,0.424,0.424,B7-01-S0037-F02
cone,53,6a28032d01bb024eb609d556,BOX-PO-2026-1220-69736-1780924773349-4,updated,,6a28032d01bb024eb609d55a,used,0,0,,not_issued,0.21,0.21,B7-01-S0037-F02
cone,54,6a166cdde70e561e886c77d0,BOX-PO-2026-1202-LN026283-1779786122552-5,updated,,6a166cdde70e561e886c77d1,used,0,0,,not_issued,0.45,0.45,B7-01-S0036-F03
cone,55,6a28045701bb024eb609d95f,BOX-PO-2026-1220-64630-1780978133921-3,updated,,6a28045701bb024eb609d960,used,0,0,,not_issued,0.394,0.394,B7-01-S0036-F03
cone,56,6a295151bbfb24833d49d195,BOX-PO-2026-607-DW59738-1771914965788-1,updated,,6a295151bbfb24833d49d1a2,used,0,0,,not_issued,0.792,0.792,B7-01-S0041-F02
cone,57,6a295151bbfb24833d49d199,BOX-PO-2026-607-DW59738-1771914965788-1,updated,,6a295151bbfb24833d49d1a6,used,0,0,,not_issued,1.004,1.004,B7-01-S0041-F02
cone,58,6a295151bbfb24833d49d19b,BOX-PO-2026-607-DW59738-1771914965788-1,updated,,6a295151bbfb24833d49d1a8,used,0,0,,not_issued,0.934,0.934,B7-01-S0041-F02
cone,59,6a295151bbfb24833d49d194,BOX-PO-2026-607-DW59738-1771914965788-1,updated,,6a295151bbfb24833d49d1a1,used,0,0,,not_issued,0.988,0.988,B7-01-S0041-F02
cone,60,6a295151bbfb24833d49d193,BOX-PO-2026-607-DW59738-1771914965788-1,updated,,6a295151bbfb24833d49d1a0,used,0,0,,not_issued,0.962,0.962,B7-01-S0041-F02
cone,61,6a295151bbfb24833d49d19a,BOX-PO-2026-607-DW59738-1771914965788-1,updated,,6a295151bbfb24833d49d1a7,used,0,0,,not_issued,0.984,0.984,B7-01-S0041-F02
cone,62,6a295151bbfb24833d49d196,BOX-PO-2026-607-DW59738-1771914965788-1,updated,,6a295151bbfb24833d49d1a3,used,0,0,,not_issued,1.094,1.094,B7-01-S0041-F02
cone,63,6a295151bbfb24833d49d197,BOX-PO-2026-607-DW59738-1771914965788-1,updated,,6a295151bbfb24833d49d1a4,used,0,0,,not_issued,0.996,0.996,B7-01-S0041-F02
cone,64,6a295151bbfb24833d49d192,BOX-PO-2026-607-DW59738-1771914965788-1,updated,,6a295151bbfb24833d49d19f,used,0,0,,not_issued,0.94,0.94,B7-01-S0041-F02
cone,65,6a295151bbfb24833d49d198,BOX-PO-2026-607-DW59738-1771914965788-1,updated,,6a295151bbfb24833d49d1a5,used,0,0,,not_issued,0.906,0.906,B7-01-S0041-F02
cone,66,6a295151bbfb24833d49d19c,BOX-PO-2026-607-DW59738-1771914965788-1,updated,,6a295151bbfb24833d49d1a9,used,0,0,,not_issued,1.008,1.008,B7-01-S0041-F02
cone,67,6a1002391ff45cbda84d6116,BOX-PO-2026-795-NL11521-1772011225907-5,updated,,6a1002391ff45cbda84d6129,used,0,0,,not_issued,0.194,0.194,B7-01-S0044-F02
cone,68,6a1002391ff45cbda84d611b,BOX-PO-2026-795-NL11521-1772011225907-5,updated,,6a1002391ff45cbda84d612e,used,0,0,,not_issued,0.388,0.388,B7-01-S0044-F02
cone,69,6a1002391ff45cbda84d6110,BOX-PO-2026-795-NL11521-1772011225907-5,updated,,6a1002391ff45cbda84d6123,used,0,0,,not_issued,0.39,0.39,B7-01-S0044-F02
cone,70,6a1002391ff45cbda84d6117,BOX-PO-2026-795-NL11521-1772011225907-5,updated,,6a1002391ff45cbda84d612a,used,0,0,,not_issued,0.382,0.382,B7-01-S0044-F02
cone,71,6a1002391ff45cbda84d611f,BOX-PO-2026-795-NL11521-1772011225907-5,updated,,6a1002391ff45cbda84d6132,used,0,0,,not_issued,0.208,0.208,B7-01-S0044-F02
cone,72,6a1002391ff45cbda84d6118,BOX-PO-2026-795-NL11521-1772011225907-5,updated,,6a1002391ff45cbda84d612b,used,0,0,,not_issued,0.416,0.416,B7-01-S0044-F02
cone,73,6a1002391ff45cbda84d611a,BOX-PO-2026-795-NL11521-1772011225907-5,updated,,6a1002391ff45cbda84d612d,used,0,0,,not_issued,0.412,0.412,B7-01-S0044-F02
cone,74,6a1002391ff45cbda84d6114,BOX-PO-2026-795-NL11521-1772011225907-5,updated,,6a1002391ff45cbda84d6127,used,0,0,,not_issued,0.41,0.41,B7-01-S0044-F02
cone,75,6a1002391ff45cbda84d610f,BOX-PO-2026-795-NL11521-1772011225907-5,updated,,6a1002391ff45cbda84d6122,used,0,0,,not_issued,0.266,0.266,B7-01-S0044-F02
cone,76,6a1002391ff45cbda84d6111,BOX-PO-2026-795-NL11521-1772011225907-5,updated,,6a1002391ff45cbda84d6124,used,0,0,,not_issued,0.402,0.402,B7-01-S0044-F02
cone,77,6a1002391ff45cbda84d611d,BOX-PO-2026-795-NL11521-1772011225907-5,updated,,6a1002391ff45cbda84d6130,used,0,0,,not_issued,0.096,0.096,B7-01-S0044-F02
cone,78,6a1002391ff45cbda84d611e,BOX-PO-2026-795-NL11521-1772011225907-5,updated,,6a1002391ff45cbda84d6131,used,0,0,,not_issued,0.196,0.196,B7-01-S0044-F02
cone,79,6a1002391ff45cbda84d610d,BOX-PO-2026-795-NL11521-1772011225907-5,updated,,6a1002391ff45cbda84d6120,used,0,0,,not_issued,0.392,0.392,B7-01-S0044-F03
cone,80,6a1002391ff45cbda84d610e,BOX-PO-2026-795-NL11521-1772011225907-5,updated,,6a1002391ff45cbda84d6121,used,0,0,,not_issued,0.406,0.406,B7-01-S0044-F03
cone,81,6a1002391ff45cbda84d611c,BOX-PO-2026-795-NL11521-1772011225907-5,updated,,6a1002391ff45cbda84d612f,used,0,0,,not_issued,0.406,0.406,B7-01-S0044-F03
cone,82,6a1002391ff45cbda84d6113,BOX-PO-2026-795-NL11521-1772011225907-5,updated,,6a1002391ff45cbda84d6126,used,0,0,,not_issued,0.268,0.268,B7-01-S0044-F03
cone,83,6a1002391ff45cbda84d6112,BOX-PO-2026-795-NL11521-1772011225907-5,updated,,6a1002391ff45cbda84d6125,used,0,0,,not_issued,0.332,0.332,B7-01-S0044-F03
cone,84,6a225b2436e563f0484f7aa2,BOX-PO-2026-1070-M0116827 13052026-1778758956543-2,updated,,6a225b2436e563f0484f7abb,used,0,0,,not_issued,0.868,0.868,B7-01-S0015-F02
cone,85,6a0e9f511ff45cbda8453d5d,BOX-PO-2026-1070-M0116827 13052026-1778758956543-3,updated,,6a0e9f511ff45cbda8453d78,used,0,0,,not_issued,0.34,0.34,B7-01-S0015-F02
cone,86,6a0d4499ab1739ac262ed972,BOX-PO-2026-419-2562102317-1775191950328-3,updated,,6a0d4499ab1739ac262ed98a,used,0,0,,not_issued,2.704,2.704,B7-01-S0019-F03
cone,87,6a0d4499ab1739ac262ed962,BOX-PO-2026-419-2562102317-1775191950328-3,updated,,6a0d4499ab1739ac262ed97a,used,0,0,,not_issued,2.488,2.488,B7-01-S0019-F03
cone,88,6a0d4499ab1739ac262ed960,BOX-PO-2026-419-2562102317-1775191950328-3,updated,,6a0d4499ab1739ac262ed978,used,0,0,,not_issued,2.696,2.696,B7-01-S0019-F03
cone,89,6a0d4499ab1739ac262ed973,BOX-PO-2026-419-2562102317-1775191950328-3,updated,,6a0d4499ab1739ac262ed98b,used,0,0,,not_issued,2.492,2.492,B7-01-S0019-F03
cone,90,6a0d4499ab1739ac262ed974,BOX-PO-2026-419-2562102317-1775191950328-3,updated,,6a0d4499ab1739ac262ed98c,used,0,0,,not_issued,2.498,2.498,B7-01-S0019-F03
cone,91,6a0d4499ab1739ac262ed976,BOX-PO-2026-419-2562102317-1775191950328-3,updated,,6a0d4499ab1739ac262ed98e,used,0,0,,not_issued,2.504,2.504,B7-01-S0019-F03
cone,92,6a0d4499ab1739ac262ed96f,BOX-PO-2026-419-2562102317-1775191950328-3,updated,,6a0d4499ab1739ac262ed987,used,0,0,,not_issued,2.428,2.428,B7-01-S0019-F03
cone,93,6a0d4499ab1739ac262ed96c,BOX-PO-2026-419-2562102317-1775191950328-3,updated,,6a0d4499ab1739ac262ed984,used,0,0,,not_issued,2.764,2.764,B7-01-S0019-F03
cone,94,6a0d4499ab1739ac262ed96a,BOX-PO-2026-419-2562102317-1775191950328-3,updated,,6a0d4499ab1739ac262ed982,used,0,0,,not_issued,2.74,2.74,B7-01-S0019-F03
cone,95,6a0d4499ab1739ac262ed968,BOX-PO-2026-419-2562102317-1775191950328-3,updated,,6a0d4499ab1739ac262ed980,used,0,0,,not_issued,2.42,2.42,B7-01-S0019-F03
cone,96,6a0d4499ab1739ac262ed96e,BOX-PO-2026-419-2562102317-1775191950328-3,updated,,6a0d4499ab1739ac262ed986,used,0,0,,not_issued,2.246,2.246,B7-01-S0019-F03
cone,97,6a0d4499ab1739ac262ed96d,BOX-PO-2026-419-2562102317-1775191950328-3,updated,,6a0d4499ab1739ac262ed985,used,0,0,,not_issued,2.506,2.506,B7-01-S0019-F03
cone,98,6a0d4499ab1739ac262ed96b,BOX-PO-2026-419-2562102317-1775191950328-3,updated,,6a0d4499ab1739ac262ed983,used,0,0,,not_issued,2.418,2.418,B7-01-S0019-F03
cone,99,6a0d4499ab1739ac262ed964,BOX-PO-2026-419-2562102317-1775191950328-3,updated,,6a0d4499ab1739ac262ed97c,used,0,0,,not_issued,2.712,2.712,B7-01-S0019-F03
cone,100,6a0d4499ab1739ac262ed975,BOX-PO-2026-419-2562102317-1775191950328-3,updated,,6a0d4499ab1739ac262ed98d,used,0,0,,not_issued,2.496,2.496,B7-01-S0019-F03
cone,101,6a0d4499ab1739ac262ed963,BOX-PO-2026-419-2562102317-1775191950328-3,updated,,6a0d4499ab1739ac262ed97b,used,0,0,,not_issued,2.486,2.486,B7-01-S0019-F03
cone,102,6a0d4499ab1739ac262ed965,BOX-PO-2026-419-2562102317-1775191950328-3,updated,,6a0d4499ab1739ac262ed97d,used,0,0,,not_issued,2.476,2.476,B7-01-S0019-F03
cone,103,6a0d4499ab1739ac262ed967,BOX-PO-2026-419-2562102317-1775191950328-3,updated,,6a0d4499ab1739ac262ed97f,used,0,0,,not_issued,0.74,0.74,B7-01-S0019-F03
cone,104,6a0d4499ab1739ac262ed969,BOX-PO-2026-419-2562102317-1775191950328-3,updated,,6a0d4499ab1739ac262ed981,used,0,0,,not_issued,1.832,1.832,B7-01-S0019-F03
cone,105,6a0d4499ab1739ac262ed970,BOX-PO-2026-419-2562102317-1775191950328-3,updated,,6a0d4499ab1739ac262ed988,used,0,0,,not_issued,2.474,2.474,B7-01-S0019-F03
cone,106,6a225ab336e563f0484f76cf,BOX-PO-2026-419-2562102292-1774431263223-3,updated,,6a225ab336e563f0484f76e7,used,0,0,,not_issued,2.492,2.492,B7-01-S0019-F01
cone,107,6a225ab336e563f0484f76cc,BOX-PO-2026-419-2562102292-1774431263223-3,updated,,6a225ab336e563f0484f76e4,used,0,0,,not_issued,2.482,2.482,B7-01-S0019-F01
cone,108,6a225ab336e563f0484f76ce,BOX-PO-2026-419-2562102292-1774431263223-3,updated,,6a225ab336e563f0484f76e6,used,0,0,,not_issued,2.29,2.29,B7-01-S0019-F01
cone,109,6a225ab336e563f0484f76c5,BOX-PO-2026-419-2562102292-1774431263223-3,updated,,6a225ab336e563f0484f76dd,used,0,0,,not_issued,2.512,2.512,B7-01-S0019-F01
cone,110,6a225ab336e563f0484f76cd,BOX-PO-2026-419-2562102292-1774431263223-3,updated,,6a225ab336e563f0484f76e5,used,0,0,,not_issued,2.52,2.52,B7-01-S0019-F01
cone,111,6a225ab336e563f0484f76c8,BOX-PO-2026-419-2562102292-1774431263223-3,updated,,6a225ab336e563f0484f76e0,used,0,0,,not_issued,2.51,2.51,B7-01-S0019-F01
cone,112,6a225ab336e563f0484f76cb,BOX-PO-2026-419-2562102292-1774431263223-3,updated,,6a225ab336e563f0484f76e3,used,0,0,,not_issued,2.512,2.512,B7-01-S0019-F01
cone,113,6a225ab336e563f0484f76ca,BOX-PO-2026-419-2562102292-1774431263223-3,updated,,6a225ab336e563f0484f76e2,used,0,0,,not_issued,2.524,2.524,B7-01-S0019-F01
cone,114,6a225ab336e563f0484f76c4,BOX-PO-2026-419-2562102292-1774431263223-3,updated,,6a225ab336e563f0484f76dc,used,0,0,,not_issued,2.594,2.594,B7-01-S0019-F01
cone,115,6a225ab336e563f0484f76c9,BOX-PO-2026-419-2562102292-1774431263223-3,updated,,6a225ab336e563f0484f76e1,used,0,0,,not_issued,2.49,2.49,B7-01-S0019-F01
cone,116,6a225ab336e563f0484f76c7,BOX-PO-2026-419-2562102292-1774431263223-3,updated,,6a225ab336e563f0484f76df,used,0,0,,not_issued,2.378,2.378,B7-01-S0019-F01
cone,117,6a225ab336e563f0484f76db,BOX-PO-2026-419-2562102292-1774431263223-3,updated,,6a225ab336e563f0484f76f3,used,0,0,,not_issued,2.516,2.516,B7-01-S0019-F01
cone,118,6a225ab336e563f0484f76d8,BOX-PO-2026-419-2562102292-1774431263223-3,updated,,6a225ab336e563f0484f76f0,used,0,0,,not_issued,2.502,2.502,B7-01-S0019-F01
cone,119,6a225ab336e563f0484f76c6,BOX-PO-2026-419-2562102292-1774431263223-3,updated,,6a225ab336e563f0484f76de,used,0,0,,not_issued,2.518,2.518,B7-01-S0019-F01
cone,120,6a225ab336e563f0484f76d7,BOX-PO-2026-419-2562102292-1774431263223-3,updated,,6a225ab336e563f0484f76ef,used,0,0,,not_issued,2.448,2.448,B7-01-S0019-F01
cone,121,6a225ab336e563f0484f76da,BOX-PO-2026-419-2562102292-1774431263223-3,updated,,6a225ab336e563f0484f76f2,used,0,0,,not_issued,2.494,2.494,B7-01-S0019-F01
cone,122,6a225ab336e563f0484f76d6,BOX-PO-2026-419-2562102292-1774431263223-3,updated,,6a225ab336e563f0484f76ee,used,0,0,,not_issued,2.51,2.51,B7-01-S0019-F01
cone,123,6a225ab336e563f0484f76d9,BOX-PO-2026-419-2562102292-1774431263223-3,updated,,6a225ab336e563f0484f76f1,used,0,0,,not_issued,2.534,2.534,B7-01-S0019-F01
cone,124,6a225ab336e563f0484f76d3,BOX-PO-2026-419-2562102292-1774431263223-3,updated,,6a225ab336e563f0484f76eb,used,0,0,,not_issued,2.476,2.476,B7-01-S0019-F01
cone,125,6a225ab336e563f0484f76d0,BOX-PO-2026-419-2562102292-1774431263223-3,updated,,6a225ab336e563f0484f76e8,used,0,0,,not_issued,1.44,1.44,B7-01-S0019-F01
cone,126,6a225ab336e563f0484f76d4,BOX-PO-2026-419-2562102292-1774431263223-3,updated,,6a225ab336e563f0484f76ec,used,0,0,,not_issued,0.794,0.794,B7-01-S0019-F01
cone,127,6a225ab336e563f0484f76d2,BOX-PO-2026-419-2562102292-1774431263223-3,updated,,6a225ab336e563f0484f76ea,used,0,0,,not_issued,2.544,2.544,B7-01-S0019-F01
cone,128,6a225ab336e563f0484f76d1,BOX-PO-2026-419-2562102292-1774431263223-3,updated,,6a225ab336e563f0484f76e9,used,0,0,,not_issued,2.526,2.526,B7-01-S0019-F01
cone,129,6a27d30b01bb024eb608bb3f,BOX-PO-2026-1221-M0116754-1780919893460-11,updated,,6a27d30b01bb024eb608bb40,used,0,0,,not_issued,0.674,0.674,B7-01-S0008-F03
cone,130,6a2258f936e563f0484f268a,BOX-PO-2026-767-C02558-1771314903901-2,updated,,6a2258f936e563f0484f26a9,used,0,0,,not_issued,1.144,1.144,B7-01-S0008-F02
cone,131,6a2258f936e563f0484f2693,BOX-PO-2026-767-C02558-1771314903901-2,updated,,6a2258f936e563f0484f26b2,used,0,0,,not_issued,1.178,1.178,B7-01-S0008-F02
cone,132,6a2258f936e563f0484f2697,BOX-PO-2026-767-C02558-1771314903901-2,updated,,6a2258f936e563f0484f26b6,used,0,0,,not_issued,1.038,1.038,B7-01-S0008-F02
cone,133,6a2258f936e563f0484f2696,BOX-PO-2026-767-C02558-1771314903901-2,updated,,6a2258f936e563f0484f26b5,used,0,0,,not_issued,1.208,1.208,B7-01-S0008-F02
cone,134,6a2258f936e563f0484f269e,BOX-PO-2026-767-C02558-1771314903901-2,updated,,6a2258f936e563f0484f26bd,used,0,0,,not_issued,1.19,1.19,B7-01-S0008-F02
cone,135,6a2258f936e563f0484f26a4,BOX-PO-2026-767-C02558-1771314903901-2,updated,,6a2258f936e563f0484f26c3,used,0,0,,not_issued,1.18,1.18,B7-01-S0008-F02
cone,136,6a2258f936e563f0484f26a5,BOX-PO-2026-767-C02558-1771314903901-2,updated,,6a2258f936e563f0484f26c4,used,0,0,,not_issued,1.208,1.208,B7-01-S0008-F02
cone,137,6a2258f936e563f0484f26a2,BOX-PO-2026-767-C02558-1771314903901-2,updated,,6a2258f936e563f0484f26c1,used,0,0,,not_issued,1.186,1.186,B7-01-S0008-F02
cone,138,6a2258f936e563f0484f269b,BOX-PO-2026-767-C02558-1771314903901-2,updated,,6a2258f936e563f0484f26ba,used,0,0,,not_issued,1.176,1.176,B7-01-S0008-F02
cone,139,6a2258f936e563f0484f26a1,BOX-PO-2026-767-C02558-1771314903901-2,updated,,6a2258f936e563f0484f26c0,used,0,0,,not_issued,1.168,1.168,B7-01-S0008-F02
cone,140,6a2258f936e563f0484f269a,BOX-PO-2026-767-C02558-1771314903901-2,updated,,6a2258f936e563f0484f26b9,used,0,0,,not_issued,1.192,1.192,B7-01-S0008-F02
cone,141,6a2258f936e563f0484f26a6,BOX-PO-2026-767-C02558-1771314903901-2,updated,,6a2258f936e563f0484f26c5,used,0,0,,not_issued,1.13,1.13,B7-01-S0008-F02
cone,142,6a2258f936e563f0484f268f,BOX-PO-2026-767-C02558-1771314903901-2,updated,,6a2258f936e563f0484f26ae,used,0,0,,not_issued,1.186,1.186,B7-01-S0008-F02
cone,143,6a2258f936e563f0484f269c,BOX-PO-2026-767-C02558-1771314903901-2,updated,,6a2258f936e563f0484f26bb,used,0,0,,not_issued,1.176,1.176,B7-01-S0008-F02
cone,144,6a2258f936e563f0484f269d,BOX-PO-2026-767-C02558-1771314903901-2,updated,,6a2258f936e563f0484f26bc,used,0,0,,not_issued,1.182,1.182,B7-01-S0008-F02
cone,145,6a2258f936e563f0484f26a0,BOX-PO-2026-767-C02558-1771314903901-2,updated,,6a2258f936e563f0484f26bf,used,0,0,,not_issued,1.164,1.164,B7-01-S0008-F02
cone,146,6a2258f936e563f0484f26a3,BOX-PO-2026-767-C02558-1771314903901-2,updated,,6a2258f936e563f0484f26c2,used,0,0,,not_issued,1.186,1.186,B7-01-S0008-F02
cone,147,6a2258f936e563f0484f269f,BOX-PO-2026-767-C02558-1771314903901-2,updated,,6a2258f936e563f0484f26be,used,0,0,,not_issued,1.164,1.164,B7-01-S0008-F02
cone,148,6a2258f936e563f0484f2699,BOX-PO-2026-767-C02558-1771314903901-2,updated,,6a2258f936e563f0484f26b8,used,0,0,,not_issued,0.456,0.456,B7-01-S0008-F02
cone,149,6a1d50ff793b417fa1d2a929,BOX-PO-2026-101-58072-1772694647065-2,updated,,6a1d50ff793b417fa1d2a941,used,0,0,,not_issued,2.032,2.032,B7-01-S0011-F03
cone,150,6a1d50ff793b417fa1d2a923,BOX-PO-2026-101-58072-1772694647065-2,updated,,6a1d50ff793b417fa1d2a93b,used,0,0,,not_issued,2.124,2.124,B7-01-S0011-F03
cone,151,6a1d50ff793b417fa1d2a928,BOX-PO-2026-101-58072-1772694647065-2,updated,,6a1d50ff793b417fa1d2a940,used,0,0,,not_issued,2.156,2.156,B7-01-S0011-F03
cone,152,6a1d50ff793b417fa1d2a926,BOX-PO-2026-101-58072-1772694647065-2,updated,,6a1d50ff793b417fa1d2a93e,used,0,0,,not_issued,2.038,2.038,B7-01-S0011-F03
cone,153,6a1d50ff793b417fa1d2a92b,BOX-PO-2026-101-58072-1772694647065-2,updated,,6a1d50ff793b417fa1d2a943,used,0,0,,not_issued,2.162,2.162,B7-01-S0011-F03
cone,154,6a1d50ff793b417fa1d2a922,BOX-PO-2026-101-58072-1772694647065-2,updated,,6a1d50ff793b417fa1d2a93a,used,0,0,,not_issued,2.096,2.096,B7-01-S0011-F03
cone,155,6a1d50ff793b417fa1d2a936,BOX-PO-2026-101-58072-1772694647065-2,updated,,6a1d50ff793b417fa1d2a94e,used,0,0,,not_issued,2.2,2.2,B7-01-S0011-F03
cone,156,6a1d50ff793b417fa1d2a92a,BOX-PO-2026-101-58072-1772694647065-2,updated,,6a1d50ff793b417fa1d2a942,used,0,0,,not_issued,1.922,1.922,B7-01-S0011-F03
cone,157,6a1d50ff793b417fa1d2a924,BOX-PO-2026-101-58072-1772694647065-2,updated,,6a1d50ff793b417fa1d2a93c,used,0,0,,not_issued,2.108,2.108,B7-01-S0011-F03
cone,158,6a1d50ff793b417fa1d2a927,BOX-PO-2026-101-58072-1772694647065-2,updated,,6a1d50ff793b417fa1d2a93f,used,0,0,,not_issued,2.09,2.09,B7-01-S0011-F03
cone,159,6a1d50ff793b417fa1d2a925,BOX-PO-2026-101-58072-1772694647065-2,updated,,6a1d50ff793b417fa1d2a93d,used,0,0,,not_issued,2.1,2.1,B7-01-S0011-F03
cone,160,6a1d50ff793b417fa1d2a921,BOX-PO-2026-101-58072-1772694647065-2,updated,,6a1d50ff793b417fa1d2a939,used,0,0,,not_issued,2.106,2.106,B7-01-S0011-F03
cone,161,6a1d50ff793b417fa1d2a938,BOX-PO-2026-101-58072-1772694647065-2,updated,,6a1d50ff793b417fa1d2a950,used,0,0,,not_issued,2.06,2.06,B7-01-S0011-F03
cone,162,6a1d50ff793b417fa1d2a92c,BOX-PO-2026-101-58072-1772694647065-2,updated,,6a1d50ff793b417fa1d2a944,used,0,0,,not_issued,2.076,2.076,B7-01-S0011-F03
cone,163,6a1d50ff793b417fa1d2a92f,BOX-PO-2026-101-58072-1772694647065-2,updated,,6a1d50ff793b417fa1d2a947,used,0,0,,not_issued,2.135,2.135,B7-01-S0011-F03
cone,164,6a1d50c5793b417fa1d29fcd,BOX-PO-2026-101-58072-1772694647065-1,updated,,6a1d50c5793b417fa1d29fe5,used,0,0,,not_issued,1.964,1.964,B7-01-S0011-F03
cone,165,6a1d50ff793b417fa1d2a933,BOX-PO-2026-101-58072-1772694647065-2,updated,,6a1d50ff793b417fa1d2a94b,used,0,0,,not_issued,2.182,2.182,B7-01-S0011-F03
cone,166,6a1d50ff793b417fa1d2a92e,BOX-PO-2026-101-58072-1772694647065-2,updated,,6a1d50ff793b417fa1d2a946,used,0,0,,not_issued,2.056,2.056,B7-01-S0011-F03
cone,167,6a1d50ff793b417fa1d2a931,BOX-PO-2026-101-58072-1772694647065-2,updated,,6a1d50ff793b417fa1d2a949,used,0,0,,not_issued,2.228,2.228,B7-01-S0011-F03
cone,168,6a1d50ff793b417fa1d2a934,BOX-PO-2026-101-58072-1772694647065-2,updated,,6a1d50ff793b417fa1d2a94c,used,0,0,,not_issued,2.173,2.173,B7-01-S0011-F03
cone,169,6a1d50ff793b417fa1d2a937,BOX-PO-2026-101-58072-1772694647065-2,updated,,6a1d50ff793b417fa1d2a94f,used,0,0,,not_issued,2.104,2.104,B7-01-S0011-F03
cone,170,6a1d50ff793b417fa1d2a92d,BOX-PO-2026-101-58072-1772694647065-2,updated,,6a1d50ff793b417fa1d2a945,used,0,0,,not_issued,2.07,2.07,B7-01-S0011-F03
cone,171,6a1d50c5793b417fa1d29fc9,BOX-PO-2026-101-58072-1772694647065-1,updated,,6a1d50c5793b417fa1d29fe1,used,0,0,,not_issued,2.014,2.014,B7-01-S0011-F03
cone,172,6a1d50ff793b417fa1d2a932,BOX-PO-2026-101-58072-1772694647065-2,updated,,6a1d50ff793b417fa1d2a94a,used,0,0,,not_issued,2.192,2.192,B7-01-S0011-F03
cone,173,6a1d50ff793b417fa1d2a935,BOX-PO-2026-101-58072-1772694647065-2,updated,,6a1d50ff793b417fa1d2a94d,used,0,0,,not_issued,2.04,2.04,B7-01-S0011-F03
cone,174,6a1d50c5793b417fa1d29fca,BOX-PO-2026-101-58072-1772694647065-1,updated,,6a1d50c5793b417fa1d29fe2,used,0,0,,not_issued,2.016,2.016,B7-01-S0011-F03
cone,175,6a1d50c5793b417fa1d29fcb,BOX-PO-2026-101-58072-1772694647065-1,updated,,6a1d50c5793b417fa1d29fe3,used,0,0,,not_issued,2.146,2.146,B7-01-S0011-F03
cone,176,6a1d50c5793b417fa1d29fd0,BOX-PO-2026-101-58072-1772694647065-1,updated,,6a1d50c5793b417fa1d29fe8,used,0,0,,not_issued,2.02,2.02,B7-01-S0011-F03
cone,177,6a1d50c5793b417fa1d29fe0,BOX-PO-2026-101-58072-1772694647065-1,updated,,6a1d50c5793b417fa1d29ff8,used,0,0,,not_issued,2.212,2.212,B7-01-S0011-F03
cone,178,6a1d50c5793b417fa1d29fcc,BOX-PO-2026-101-58072-1772694647065-1,updated,,6a1d50c5793b417fa1d29fe4,used,0,0,,not_issued,2.02,2.02,B7-01-S0011-F03
cone,179,6a1d50c5793b417fa1d29fdc,BOX-PO-2026-101-58072-1772694647065-1,updated,,6a1d50c5793b417fa1d29ff4,used,0,0,,not_issued,1.972,1.972,B7-01-S0011-F03
cone,180,6a1d50c5793b417fa1d29fd8,BOX-PO-2026-101-58072-1772694647065-1,updated,,6a1d50c5793b417fa1d29ff0,used,0,0,,not_issued,2.176,2.176,B7-01-S0011-F03
cone,181,6a1d50c5793b417fa1d29fd1,BOX-PO-2026-101-58072-1772694647065-1,updated,,6a1d50c5793b417fa1d29fe9,used,0,0,,not_issued,1.978,1.978,B7-01-S0011-F03
cone,182,6a1d50c5793b417fa1d29fd2,BOX-PO-2026-101-58072-1772694647065-1,updated,,6a1d50c5793b417fa1d29fea,used,0,0,,not_issued,2.17,2.17,B7-01-S0011-F03
cone,183,6a1d50c5793b417fa1d29fce,BOX-PO-2026-101-58072-1772694647065-1,updated,,6a1d50c5793b417fa1d29fe6,used,0,0,,not_issued,2.144,2.144,B7-01-S0011-F03
cone,184,6a1d50c5793b417fa1d29fdd,BOX-PO-2026-101-58072-1772694647065-1,updated,,6a1d50c5793b417fa1d29ff5,used,0,0,,not_issued,2.178,2.178,B7-01-S0011-F03
cone,185,6a1d50c5793b417fa1d29fcf,BOX-PO-2026-101-58072-1772694647065-1,updated,,6a1d50c5793b417fa1d29fe7,used,0,0,,not_issued,2.152,2.152,B7-01-S0011-F03
cone,186,6a1d50c5793b417fa1d29fdf,BOX-PO-2026-101-58072-1772694647065-1,updated,,6a1d50c5793b417fa1d29ff7,used,0,0,,not_issued,2.2,2.2,B7-01-S0011-F03
cone,187,6a1d50ff793b417fa1d2a930,BOX-PO-2026-101-58072-1772694647065-2,updated,,6a1d50ff793b417fa1d2a948,used,0,0,,not_issued,1.346,1.346,B7-01-S0011-F03
cone,188,6a1d50c5793b417fa1d29fde,BOX-PO-2026-101-58072-1772694647065-1,updated,,6a1d50c5793b417fa1d29ff6,used,0,0,,not_issued,0.264,0.264,B7-01-S0011-F03
cone,189,6a1d50c5793b417fa1d29fd3,BOX-PO-2026-101-58072-1772694647065-1,updated,,6a1d50c5793b417fa1d29feb,used,0,0,,not_issued,1.978,1.978,B7-01-S0011-F03
cone,190,6a1d50c5793b417fa1d29fd7,BOX-PO-2026-101-58072-1772694647065-1,updated,,6a1d50c5793b417fa1d29fef,used,0,0,,not_issued,2.18,2.18,B7-01-S0011-F03
cone,191,6a1d50c5793b417fa1d29fd4,BOX-PO-2026-101-58072-1772694647065-1,updated,,6a1d50c5793b417fa1d29fec,used,0,0,,not_issued,2.052,2.052,B7-01-S0011-F03
cone,192,6a1d50c5793b417fa1d29fd5,BOX-PO-2026-101-58072-1772694647065-1,updated,,6a1d50c5793b417fa1d29fed,used,0,0,,not_issued,2.004,2.004,B7-01-S0011-F03
cone,193,6a1d50c5793b417fa1d29fdb,BOX-PO-2026-101-58072-1772694647065-1,updated,,6a1d50c5793b417fa1d29ff3,used,0,0,,not_issued,2.2,2.2,B7-01-S0011-F03
cone,194,6a1d50c5793b417fa1d29fd9,BOX-PO-2026-101-58072-1772694647065-1,updated,,6a1d50c5793b417fa1d29ff1,used,0,0,,not_issued,2.174,2.174,B7-01-S0011-F03
cone,195,6a1d50c5793b417fa1d29fda,BOX-PO-2026-101-58072-1772694647065-1,updated,,6a1d50c5793b417fa1d29ff2,used,0,0,,not_issued,2.136,2.136,B7-01-S0011-F03
cone,196,6a1d50c5793b417fa1d29fd6,BOX-PO-2026-101-58072-1772694647065-1,updated,,6a1d50c5793b417fa1d29fee,used,0,0,,not_issued,2.214,2.214,B7-01-S0011-F03
cone,197,6a0d4347ab1739ac262ecb51,BOX-PO-2026-986-10029-1771328615255-33,updated,,6a0d4347ab1739ac262ecb69,used,0,0,,not_issued,2.116,2.116,B7-01-S0011-F02
cone,198,6a0d4347ab1739ac262ecb4f,BOX-PO-2026-986-10029-1771328615255-33,updated,,6a0d4347ab1739ac262ecb67,used,0,0,,not_issued,1.864,1.864,B7-01-S0011-F02
cone,199,6a0d4347ab1739ac262ecb4a,BOX-PO-2026-986-10029-1771328615255-33,updated,,6a0d4347ab1739ac262ecb62,used,0,0,,not_issued,2.174,2.174,B7-01-S0011-F02
cone,200,6a0d4347ab1739ac262ecb61,BOX-PO-2026-986-10029-1771328615255-33,updated,,6a0d4347ab1739ac262ecb79,used,0,0,,not_issued,2.222,2.222,B7-01-S0011-F02
cone,201,6a0d4347ab1739ac262ecb4e,BOX-PO-2026-986-10029-1771328615255-33,updated,,6a0d4347ab1739ac262ecb66,used,0,0,,not_issued,1.746,1.746,B7-01-S0011-F02
cone,202,6a0d4347ab1739ac262ecb50,BOX-PO-2026-986-10029-1771328615255-33,updated,,6a0d4347ab1739ac262ecb68,used,0,0,,not_issued,1.954,1.954,B7-01-S0011-F02
cone,203,6a0d4347ab1739ac262ecb4b,BOX-PO-2026-986-10029-1771328615255-33,updated,,6a0d4347ab1739ac262ecb63,used,0,0,,not_issued,2.096,2.096,B7-01-S0011-F02
cone,204,6a0d4347ab1739ac262ecb4d,BOX-PO-2026-986-10029-1771328615255-33,updated,,6a0d4347ab1739ac262ecb65,used,0,0,,not_issued,2.102,2.102,B7-01-S0011-F02
cone,205,6a0d4347ab1739ac262ecb54,BOX-PO-2026-986-10029-1771328615255-33,updated,,6a0d4347ab1739ac262ecb6c,used,0,0,,not_issued,2.206,2.206,B7-01-S0011-F02
cone,206,6a0d4347ab1739ac262ecb57,BOX-PO-2026-986-10029-1771328615255-33,updated,,6a0d4347ab1739ac262ecb6f,used,0,0,,not_issued,2.22,2.22,B7-01-S0011-F02
cone,207,6a0d4347ab1739ac262ecb53,BOX-PO-2026-986-10029-1771328615255-33,updated,,6a0d4347ab1739ac262ecb6b,used,0,0,,not_issued,2.138,2.138,B7-01-S0011-F02
cone,208,6a0d4347ab1739ac262ecb56,BOX-PO-2026-986-10029-1771328615255-33,updated,,6a0d4347ab1739ac262ecb6e,used,0,0,,not_issued,1.728,1.728,B7-01-S0011-F02
cone,209,6a0d4347ab1739ac262ecb4c,BOX-PO-2026-986-10029-1771328615255-33,updated,,6a0d4347ab1739ac262ecb64,used,0,0,,not_issued,2.208,2.208,B7-01-S0011-F02
cone,210,6a0d4347ab1739ac262ecb52,BOX-PO-2026-986-10029-1771328615255-33,updated,,6a0d4347ab1739ac262ecb6a,used,0,0,,not_issued,0.31,0.31,B7-01-S0011-F02
cone,211,6a0d4347ab1739ac262ecb5b,BOX-PO-2026-986-10029-1771328615255-33,updated,,6a0d4347ab1739ac262ecb73,used,0,0,,not_issued,2.12,2.12,B7-01-S0011-F02
cone,212,6a0d4347ab1739ac262ecb5a,BOX-PO-2026-986-10029-1771328615255-33,updated,,6a0d4347ab1739ac262ecb72,used,0,0,,not_issued,2.172,2.172,B7-01-S0011-F02
cone,213,6a0d4347ab1739ac262ecb59,BOX-PO-2026-986-10029-1771328615255-33,updated,,6a0d4347ab1739ac262ecb71,used,0,0,,not_issued,2.222,2.222,B7-01-S0011-F02
cone,214,6a0d4347ab1739ac262ecb58,BOX-PO-2026-986-10029-1771328615255-33,updated,,6a0d4347ab1739ac262ecb70,used,0,0,,not_issued,2.212,2.212,B7-01-S0011-F02
cone,215,6a0d4347ab1739ac262ecb5f,BOX-PO-2026-986-10029-1771328615255-33,updated,,6a0d4347ab1739ac262ecb77,used,0,0,,not_issued,2.222,2.222,B7-01-S0011-F02
cone,216,6a0d4347ab1739ac262ecb5d,BOX-PO-2026-986-10029-1771328615255-33,updated,,6a0d4347ab1739ac262ecb75,used,0,0,,not_issued,2.194,2.194,B7-01-S0011-F02
cone,217,6a0d4347ab1739ac262ecb5c,BOX-PO-2026-986-10029-1771328615255-33,updated,,6a0d4347ab1739ac262ecb74,used,0,0,,not_issued,2.102,2.102,B7-01-S0011-F02
cone,218,6a0d4347ab1739ac262ecb5e,BOX-PO-2026-986-10029-1771328615255-33,updated,,6a0d4347ab1739ac262ecb76,used,0,0,,not_issued,2.228,2.228,B7-01-S0011-F02
cone,219,6a0d4347ab1739ac262ecb60,BOX-PO-2026-986-10029-1771328615255-33,updated,,6a0d4347ab1739ac262ecb78,used,0,0,,not_issued,2.182,2.182,B7-01-S0011-F02
cone,220,6a0d4347ab1739ac262ecb55,BOX-PO-2026-986-10029-1771328615255-33,updated,,6a0d4347ab1739ac262ecb6d,used,0,0,,not_issued,0.33,0.33,B7-01-S0011-F02
cone,221,6a2bf93ba82c1ba776ff1d19,BOX-PO-2026-1204-94539-02062026-1780398774481-21,updated,,6a2bf93ba82c1ba776ff1d35,used,0,0,,not_issued,1.082,1.082,B7-01-S0013-F02
cone,222,6a2bf93ba82c1ba776ff1d18,BOX-PO-2026-1204-94539-02062026-1780398774481-21,updated,,6a2bf93ba82c1ba776ff1d34,used,0,0,,not_issued,1.12,1.12,B7-01-S0013-F02
cone,223,6a2bf93ba82c1ba776ff1d1a,BOX-PO-2026-1204-94539-02062026-1780398774481-21,updated,,6a2bf93ba82c1ba776ff1d36,used,0,0,,not_issued,1.096,1.096,B7-01-S0013-F02
cone,224,6a2bf93ba82c1ba776ff1d2f,BOX-PO-2026-1204-94539-02062026-1780398774481-21,updated,,6a2bf93ba82c1ba776ff1d4b,used,0,0,,not_issued,1.092,1.092,B7-01-S0013-F02
cone,225,6a2bf93ba82c1ba776ff1d1b,BOX-PO-2026-1204-94539-02062026-1780398774481-21,updated,,6a2bf93ba82c1ba776ff1d37,used,0,0,,not_issued,1.1,1.1,B7-01-S0013-F02
cone,226,6a2bf93ba82c1ba776ff1d17,BOX-PO-2026-1204-94539-02062026-1780398774481-21,updated,,6a2bf93ba82c1ba776ff1d33,used,0,0,,not_issued,1.08,1.08,B7-01-S0013-F02
cone,227,6a2bf93ba82c1ba776ff1d2d,BOX-PO-2026-1204-94539-02062026-1780398774481-21,updated,,6a2bf93ba82c1ba776ff1d49,used,0,0,,not_issued,1.059,1.059,B7-01-S0013-F02
cone,228,6a2bf93ba82c1ba776ff1d30,BOX-PO-2026-1204-94539-02062026-1780398774481-21,updated,,6a2bf93ba82c1ba776ff1d4c,used,0,0,,not_issued,1.038,1.038,B7-01-S0013-F02
cone,229,6a2bf93ba82c1ba776ff1d2e,BOX-PO-2026-1204-94539-02062026-1780398774481-21,updated,,6a2bf93ba82c1ba776ff1d4a,used,0,0,,not_issued,1.066,1.066,B7-01-S0013-F02
cone,230,6a2bf93ba82c1ba776ff1d32,BOX-PO-2026-1204-94539-02062026-1780398774481-21,updated,,6a2bf93ba82c1ba776ff1d4e,used,0,0,,not_issued,1.108,1.108,B7-01-S0013-F02
cone,231,6a2bf93ba82c1ba776ff1d20,BOX-PO-2026-1204-94539-02062026-1780398774481-21,updated,,6a2bf93ba82c1ba776ff1d3c,used,0,0,,not_issued,1.108,1.108,B7-01-S0013-F02
cone,232,6a2bf93ba82c1ba776ff1d2b,BOX-PO-2026-1204-94539-02062026-1780398774481-21,updated,,6a2bf93ba82c1ba776ff1d47,used,0,0,,not_issued,1.084,1.084,B7-01-S0013-F02
cone,233,6a2bf93ba82c1ba776ff1d1d,BOX-PO-2026-1204-94539-02062026-1780398774481-21,updated,,6a2bf93ba82c1ba776ff1d39,used,0,0,,not_issued,1.1,1.1,B7-01-S0013-F02
cone,234,6a2bf93ba82c1ba776ff1d1f,BOX-PO-2026-1204-94539-02062026-1780398774481-21,updated,,6a2bf93ba82c1ba776ff1d3b,used,0,0,,not_issued,1.084,1.084,B7-01-S0013-F02
cone,235,6a2bf93ba82c1ba776ff1d2c,BOX-PO-2026-1204-94539-02062026-1780398774481-21,updated,,6a2bf93ba82c1ba776ff1d48,used,0,0,,not_issued,1.122,1.122,B7-01-S0013-F02
cone,236,6a2bf93ba82c1ba776ff1d1c,BOX-PO-2026-1204-94539-02062026-1780398774481-21,updated,,6a2bf93ba82c1ba776ff1d38,used,0,0,,not_issued,1.11,1.11,B7-01-S0013-F02
cone,237,6a2bf93ba82c1ba776ff1d28,BOX-PO-2026-1204-94539-02062026-1780398774481-21,updated,,6a2bf93ba82c1ba776ff1d44,used,0,0,,not_issued,1.1,1.1,B7-01-S0013-F02
cone,238,6a2bf93ba82c1ba776ff1d27,BOX-PO-2026-1204-94539-02062026-1780398774481-21,updated,,6a2bf93ba82c1ba776ff1d43,used,0,0,,not_issued,1.074,1.074,B7-01-S0013-F02
cone,239,6a2bf93ba82c1ba776ff1d25,BOX-PO-2026-1204-94539-02062026-1780398774481-21,updated,,6a2bf93ba82c1ba776ff1d41,used,0,0,,not_issued,1.08,1.08,B7-01-S0013-F02
cone,240,6a2bf93ba82c1ba776ff1d29,BOX-PO-2026-1204-94539-02062026-1780398774481-21,updated,,6a2bf93ba82c1ba776ff1d45,used,0,0,,not_issued,1.06,1.06,B7-01-S0013-F02
cone,241,6a2bf93ba82c1ba776ff1d22,BOX-PO-2026-1204-94539-02062026-1780398774481-21,updated,,6a2bf93ba82c1ba776ff1d3e,used,0,0,,not_issued,1.03,1.03,B7-01-S0013-F02
cone,242,6a2bf93ba82c1ba776ff1d1e,BOX-PO-2026-1204-94539-02062026-1780398774481-21,updated,,6a2bf93ba82c1ba776ff1d3a,used,0,0,,not_issued,1.112,1.112,B7-01-S0013-F02
cone,243,6a2bf93ba82c1ba776ff1d26,BOX-PO-2026-1204-94539-02062026-1780398774481-21,updated,,6a2bf93ba82c1ba776ff1d42,used,0,0,,not_issued,1.078,1.078,B7-01-S0013-F02
cone,244,6a2bf93ba82c1ba776ff1d2a,BOX-PO-2026-1204-94539-02062026-1780398774481-21,updated,,6a2bf93ba82c1ba776ff1d46,used,0,0,,not_issued,1.014,1.014,B7-01-S0013-F02
cone,245,6a2bf93ba82c1ba776ff1d31,BOX-PO-2026-1204-94539-02062026-1780398774481-21,updated,,6a2bf93ba82c1ba776ff1d4d,used,0,0,,not_issued,1.088,1.088,B7-01-S0013-F02
cone,246,6a2bf93ba82c1ba776ff1d23,BOX-PO-2026-1204-94539-02062026-1780398774481-21,updated,,6a2bf93ba82c1ba776ff1d3f,used,0,0,,not_issued,1.108,1.108,B7-01-S0013-F02
cone,247,6a2bf93ba82c1ba776ff1d24,BOX-PO-2026-1204-94539-02062026-1780398774481-21,updated,,6a2bf93ba82c1ba776ff1d40,used,0,0,,not_issued,1.088,1.088,B7-01-S0013-F02
cone,248,6a2bf93ba82c1ba776ff1d21,BOX-PO-2026-1204-94539-02062026-1780398774481-21,updated,,6a2bf93ba82c1ba776ff1d3d,used,0,0,,not_issued,1.05,1.05,B7-01-S0013-F02
cone,249,6a1a622353d0e92ec1d80835,BOX-PO-2026-986-U3801-1771328615255-48,updated,,6a1a622353d0e92ec1d8084f,used,0,0,,not_issued,1.602,1.602,B7-01-S0028-F02
box,3,69d363ba2614366a5d87945f,BOX-PO-2026-1097-NL63072-1775461306802-22,cleared_from_lt,,69d363ba2614366a5d879478,false,31.4,31.4,B7-02-S0021-F03,true,0,0,
box,4,69944cb1f0a2c8b07dc3fddf,BOX-PO-2026-997-NL60772-1771326641728-174,cleared_from_lt,,69944cb1f0a2c8b07dc3fec5,false,16.28,4.429000000000002,B7-02-S0047-F02,true,0,0,
box,5,6a201c0e9ad6499102df0ba8,BOX-PO-2026-1212-2454101429-03062026-1780489230974-7,cleared_from_lt,,6a201c0e9ad6499102df0bc1,false,7.735,0.6659999999999995,B7-03-S0011-F01,true,0,0,
box,6,6a201c0e9ad6499102df0baa,BOX-PO-2026-1212-2454101422-1780489230974-8,cleared_from_lt,,6a201c0e9ad6499102df0bc2,false,7.205,1.928,B7-03-S0011-F01,true,0,0,
box,7,6a201c0e9ad6499102df0bb4,BOX-PO-2026-1212-2454101419-1780489230974-13,cleared_from_lt,,6a201c0e9ad6499102df0bc7,false,10.94,1.508000000000001,B7-03-S0011-F01,true,0,0,
box,8,6a201c0e9ad6499102df0bb6,BOX-PO-2026-1212-2454101425-1780489230974-14,cleared_from_lt,,6a201c0e9ad6499102df0bc8,false,7.61,1.8940000000000001,B7-03-S0011-F01,true,0,0,
box,9,6a201c0e9ad6499102df0bb8,BOX-PO-2026-1212-2454101434-1780489230974-15,cleared_from_lt,,6a201c0e9ad6499102df0bc9,false,12.16,0.09999999999999964,B7-03-S0011-F01,true,0,0,